element,doc_id,year,value,local_freq,global_freq
Meningitis,1991,1991,428621,0.009728181,0.007257858
Alzheimer_s_disease_and_other_dementias,1991,1991,583166,0.013235805,0.019993008
Parkinson_s_disease,1991,1991,150875,0.003424329,0.004833124
Nutritional_deficiencies,1991,1991,729145,0.016549012,0.009616495
Malaria,1991,1991,858984,0.019495898,0.01737756
Drowning,1991,1991,454375,0.010312705,0.007123639
Interpersonal_violence,1991,1991,383689,0.008708383,0.008711163
Maternal_disorders,1991,1991,298271,0.006769697,0.005317571
HIV_AIDS,1991,1991,430725,0.009775934,0.02466589
Drug_use_disorders,1991,1991,61890,0.001404684,0.001798128
Tuberculosis,1991,1991,1786389,0.040544711,0.031556513
Cardiovascular_diseases,1991,1991,12220282,0.277357176,0.303913536
Lower_respiratory_infections,1991,1991,3282941,0.074511148,0.057557503
Neonatal_disorders,1991,1991,2975087,0.067523951,0.052867887
Alcohol_use_disorders,1991,1991,122478,0.002779817,0.003280917
Self_harm,1991,1991,752575,0.01708079,0.016216242
Exposure_to_forces_of_nature,1991,1991,156552,0.003553177,0.001022777
Diarrheal_diseases,1991,1991,2903085,0.065889761,0.045748625
Environmental_heat_and_cold_exposure,1991,1991,56658,0.001285936,0.001228023
Neoplasms,1991,1991,5867965,0.133182049,0.155618169
Conflict_and_terrorism,1991,1991,85017,0.001929585,0.002259519
Diabetes_mellitus,1991,1991,679630,0.015425197,0.021199271
Chronic_kidney_disease,1991,1991,613589,0.0139263,0.019471265
Poisonings,1991,1991,87813,0.001993044,0.001780571
Protein_energy_malnutrition,1991,1991,631013,0.014321763,0.00839153
Road_injuries_,1991,1991,1117024,0.025352494,0.024763379
Chronic_respiratory_diseases,1991,1991,3148288,0.071455001,0.0712594
Cirrhosis_and_other_chronic_liver_diseases,1991,1991,1026870,0.023306317,0.025456959
Digestive_diseases,1991,1991,1877515,0.042612949,0.044627564
Fire__heat__and_hot_substances,1991,1991,123941,0.002813022,0.002468261
Acute_hepatitis,1991,1991,165276,0.003751181,0.002617653
Meningitis,2003,2003,369171,0.007515092,0.007257858
Alzheimer_s_disease_and_other_dementias,2003,2003,877011,0.017853022,0.019993008
Parkinson_s_disease,2003,2003,222256,0.004524392,0.004833124
Nutritional_deficiencies,2003,2003,417264,0.008494105,0.009616495
Malaria,2003,2003,959654,0.019535358,0.01737756
Drowning,2003,2003,347745,0.00707893,0.007123639
Interpersonal_violence,2003,2003,446701,0.009093344,0.008711163
Maternal_disorders,2003,2003,269425,0.005484595,0.005317571
HIV_AIDS,2003,2003,1808445,0.036813915,0.02466589
Drug_use_disorders,2003,2003,82250,0.001674336,0.001798128
Tuberculosis,2003,2003,1612262,0.032820283,0.031556513
Cardiovascular_diseases,2003,2003,14710723,0.29946131,0.303913536
Lower_respiratory_infections,2003,2003,2746549,0.055910587,0.057557503
Neonatal_disorders,2003,2003,2671242,0.054377588,0.052867887
Alcohol_use_disorders,2003,2003,178889,0.003641584,0.003280917
Self_harm,2003,2003,814533,0.016581178,0.016216242
Exposure_to_forces_of_nature,2003,2003,35474,0.000722132,0.001022777
Diarrheal_diseases,2003,2003,2242961,0.045659213,0.045748625
Environmental_heat_and_cold_exposure,2003,2003,71950,0.001464662,0.001228023
Neoplasms,2003,2003,7388299,0.150401153,0.155618169
Conflict_and_terrorism,2003,2003,71044,0.001446219,0.002259519
Diabetes_mellitus,2003,2003,1000276,0.020362287,0.021199271
Chronic_kidney_disease,2003,2003,902200,0.018365786,0.019471265
Poisonings,2003,2003,90634,0.001845006,0.001780571
Protein_energy_malnutrition,2003,2003,365742,0.007445289,0.00839153
Road_injuries_,2003,2003,1248216,0.025409519,0.024763379
Chronic_respiratory_diseases,2003,2003,3491643,0.071078219,0.0712594
Cirrhosis_and_other_chronic_liver_diseases,2003,2003,1251776,0.025481989,0.025456959
Digestive_diseases,2003,2003,2173729,0.04424988,0.044627564
Fire__heat__and_hot_substances,2003,2003,125730,0.002559444,0.002468261
Acute_hepatitis,2003,2003,130158,0.002649583,0.002617653
Meningitis,2017,2017,250132,0.004738268,0.007257858
Alzheimer_s_disease_and_other_dementias,2017,2017,1509646,0.028597328,0.019993008
Parkinson_s_disease,2017,2017,339343,0.006428198,0.004833124
Nutritional_deficiencies,2017,2017,267463,0.00506657,0.009616495
Malaria,2017,2017,629653,0.01192756,0.01737756
Drowning,2017,2017,241842,0.00458123,0.007123639
Interpersonal_violence,2017,2017,417143,0.007901968,0.008711163
Maternal_disorders,2017,2017,199197,0.003773402,0.005317571
HIV_AIDS,2017,2017,947006,0.017939199,0.02466589
Drug_use_disorders,2017,2017,118324,0.00224142,0.001798128
Tuberculosis,2017,2017,1231689,0.023331969,0.031556513
Cardiovascular_diseases,2017,2017,17685890,0.335025025,0.303913536
Lower_respiratory_infections,2017,2017,2487918,0.047128801,0.057557503
Neonatal_disorders,2017,2017,2014896,0.038168313,0.052867887
Alcohol_use_disorders,2017,2017,162599,0.003080124,0.003280917
Self_harm,2017,2017,743620,0.014086445,0.016216242
Exposure_to_forces_of_nature,2017,2017,13309,0.000252113,0.001022777
Diarrheal_diseases,2017,2017,1632183,0.030918554,0.045748625
Environmental_heat_and_cold_exposure,2017,2017,46276,0.000876609,0.001228023
Neoplasms,2017,2017,9529491,0.1805178,0.155618169
Conflict_and_terrorism,2017,2017,130737,0.00247656,0.002259519
Diabetes_mellitus,2017,2017,1454681,0.027556122,0.021199271
Chronic_kidney_disease,2017,2017,1351349,0.025598697,0.019471265
Poisonings,2017,2017,78484,0.001486728,0.001780571
Protein_energy_malnutrition,2017,2017,227038,0.004300796,0.00839153
Road_injuries_,2017,2017,1188281,0.022509688,0.024763379
Chronic_respiratory_diseases,2017,2017,3795946,0.071906865,0.0712594
Cirrhosis_and_other_chronic_liver_diseases,2017,2017,1425956,0.027011982,0.025456959
Digestive_diseases,2017,2017,2478029,0.046941473,0.044627564
Fire__heat__and_hot_substances,2017,2017,109165,0.00206792,0.002468261
Acute_hepatitis,2017,2017,82472,0.001562273,0.002617653
Meningitis,2009,2009,336868,0.006750772,0.007257858
Alzheimer_s_disease_and_other_dementias,2009,2009,1109405,0.022232268,0.019993008
Parkinson_s_disease,2009,2009,267738,0.005365419,0.004833124
Nutritional_deficiencies,2009,2009,322879,0.006470435,0.009616495
Malaria,2009,2009,917796,0.01839246,0.01737756
Drowning,2009,2009,296871,0.005949239,0.007123639
Interpersonal_violence,2009,2009,422750,0.008471831,0.008711163
Maternal_disorders,2009,2009,244175,0.004893221,0.005317571
HIV_AIDS,2009,2009,1453258,0.029123018,0.02466589
Drug_use_disorders,2009,2009,87025,0.001743965,0.001798128
Tuberculosis,2009,2009,1405491,0.028165776,0.031556513
Cardiovascular_diseases,2009,2009,15552545,0.311670089,0.303913536
Lower_respiratory_infections,2009,2009,2571405,0.051530475,0.057557503
Neonatal_disorders,2009,2009,2475066,0.049599859,0.052867887
Alcohol_use_disorders,2009,2009,166736,0.003341358,0.003280917
Self_harm,2009,2009,785883,0.015748948,0.016216242
Exposure_to_forces_of_nature,2009,2009,10975,0.000219937,0.001022777
Diarrheal_diseases,2009,2009,1977248,0.03962368,0.045748625
Environmental_heat_and_cold_exposure,2009,2009,54835,0.001098883,0.001228023
Neoplasms,2009,2009,8167640,0.163677976,0.155618169
Conflict_and_terrorism,2009,2009,71582,0.00143449,0.002259519
Diabetes_mellitus,2009,2009,1142391,0.022893302,0.021199271
Chronic_kidney_disease,2009,2009,1074048,0.021523721,0.019471265
Poisonings,2009,2009,87902,0.00176154,0.001780571
Protein_energy_malnutrition,2009,2009,279325,0.005597621,0.00839153
Road_injuries_,2009,2009,1281669,0.025684407,0.024763379
Chronic_respiratory_diseases,2009,2009,3498126,0.07010179,0.0712594
Cirrhosis_and_other_chronic_liver_diseases,2009,2009,1330408,0.026661127,0.025456959
Digestive_diseases,2009,2009,2279806,0.045686885,0.044627564
Fire__heat__and_hot_substances,2009,2009,116177,0.002328165,0.002468261
Acute_hepatitis,2009,2009,112643,0.002257345,0.002617653
Meningitis,2019,2019,235867,0.004344302,0.007257858
Alzheimer_s_disease_and_other_dementias,2019,2019,1620797,0.029852548,0.019993008
Parkinson_s_disease,2019,2019,362256,0.006672189,0.004833124
Nutritional_deficiencies,2019,2019,250947,0.004622052,0.009616495
Malaria,2019,2019,643196,0.011846665,0.01737756
Drowning,2019,2019,236750,0.004360565,0.007123639
Interpersonal_violence,2019,2019,412164,0.007591417,0.008711163
Maternal_disorders,2019,2019,196075,0.003611395,0.005317571
HIV_AIDS,2019,2019,861694,0.015871057,0.02466589
Drug_use_disorders,2019,2019,127995,0.002357468,0.001798128
Tuberculosis,2019,2019,1178483,0.021705815,0.031556513
Cardiovascular_diseases,2019,2019,18525078,0.341202985,0.303913536
Lower_respiratory_infections,2019,2019,2489462,0.045851999,0.057557503
Neonatal_disorders,2019,2019,1878065,0.034591022,0.052867887
Alcohol_use_disorders,2019,2019,167781,0.003090264,0.003280917
Self_harm,2019,2019,758026,0.013961654,0.016216242
Exposure_to_forces_of_nature,2019,2019,6072,0.000111837,0.001022777
Diarrheal_diseases,2019,2019,1533219,0.028239498,0.045748625
Environmental_heat_and_cold_exposure,2019,2019,47432,0.000873623,0.001228023
Neoplasms,2019,2019,10063467,0.185353335,0.155618169
Conflict_and_terrorism,2019,2019,62932,0.001159109,0.002259519
Diabetes_mellitus,2019,2019,1546628,0.028486471,0.021199271
Chronic_kidney_disease,2019,2019,1424000,0.026227855,0.019471265
Poisonings,2019,2019,77081,0.001419712,0.001780571
Protein_energy_malnutrition,2019,2019,211654,0.003898336,0.00839153
Road_injuries_,2019,2019,1194907,0.022008319,0.024763379
Chronic_respiratory_diseases,2019,2019,3970744,0.073134899,0.0712594
Cirrhosis_and_other_chronic_liver_diseases,2019,2019,1468203,0.027042005,0.025456959
Digestive_diseases,2019,2019,2552294,0.047009267,0.044627564
Fire__heat__and_hot_substances,2019,2019,111055,0.00204546,0.002468261
Acute_hepatitis,2019,2019,79099,0.00145688,0.002617653
Meningitis,2005,2005,361809,0.007295726,0.007257858
Alzheimer_s_disease_and_other_dementias,2005,2005,945619,0.01906801,0.019993008
Parkinson_s_disease,2005,2005,236498,0.004768883,0.004833124
Nutritional_deficiencies,2005,2005,376740,0.007596804,0.009616495
Malaria,2005,2005,940540,0.018965594,0.01737756
Drowning,2005,2005,332705,0.006708856,0.007123639
Interpersonal_violence,2005,2005,435946,0.008790668,0.008711163
Maternal_disorders,2005,2005,264407,0.005331656,0.005317571
HIV_AIDS,2005,2005,1832074,0.036943002,0.02466589
Drug_use_disorders,2005,2005,84990,0.001713788,0.001798128
Tuberculosis,2005,2005,1532479,0.030901795,0.031556513
Cardiovascular_diseases,2005,2005,14995528,0.302378519,0.303913536
Lower_respiratory_infections,2005,2005,2677818,0.053997074,0.057557503
Neonatal_disorders,2005,2005,2620556,0.05284241,0.052867887
Alcohol_use_disorders,2005,2005,181704,0.003663985,0.003280917
Self_harm,2005,2005,826133,0.016658625,0.016216242
Exposure_to_forces_of_nature,2005,2005,88718,0.001788961,0.001022777
Diarrheal_diseases,2005,2005,2125961,0.04286911,0.045748625
Environmental_heat_and_cold_exposure,2005,2005,68382,0.001378894,0.001228023
Neoplasms,2005,2005,7653588,0.154331385,0.155618169
Conflict_and_terrorism,2005,2005,59507,0.001199934,0.002259519
Diabetes_mellitus,2005,2005,1050925,0.021191461,0.021199271
Chronic_kidney_disease,2005,2005,956457,0.019286553,0.019471265
Poisonings,2005,2005,92064,0.001856432,0.001780571
Protein_energy_malnutrition,2005,2005,329849,0.006651266,0.00839153
Road_injuries_,2005,2005,1269243,0.025593752,0.024763379
Chronic_respiratory_diseases,2005,2005,3479174,0.070156081,0.0712594
Cirrhosis_and_other_chronic_liver_diseases,2005,2005,1293978,0.026092522,0.025456959
Digestive_diseases,2005,2005,2226154,0.04488946,0.044627564
Fire__heat__and_hot_substances,2005,2005,124166,0.002503755,0.002468261
Acute_hepatitis,2005,2005,128197,0.002585039,0.002617653
Meningitis,1998,1998,393364,0.008357695,0.007257858
Alzheimer_s_disease_and_other_dementias,1998,1998,738768,0.015696397,0.019993008
Parkinson_s_disease,1998,1998,185097,0.003932704,0.004833124
Nutritional_deficiencies,1998,1998,620498,0.013183547,0.009616495
Malaria,1998,1998,901338,0.019150476,0.01737756
Drowning,1998,1998,407205,0.008651771,0.007123639
Interpersonal_violence,1998,1998,431984,0.009178243,0.008711163
Maternal_disorders,1998,1998,289304,0.006146761,0.005317571
HIV_AIDS,1998,1998,1303651,0.027698308,0.02466589
Drug_use_disorders,1998,1998,85087,0.00180782,0.001798128
Tuberculosis,1998,1998,1724307,0.036635868,0.031556513
Cardiovascular_diseases,1998,1998,13461489,0.28601249,0.303913536
Lower_respiratory_infections,1998,1998,2999755,0.063734955,0.057557503
Neonatal_disorders,1998,1998,2793540,0.059353563,0.052867887
Alcohol_use_disorders,1998,1998,156282,0.00332048,0.003280917
Self_harm,1998,1998,829842,0.017631421,0.016216242
Exposure_to_forces_of_nature,1998,1998,48134,0.00102269,0.001022777
Diarrheal_diseases,1998,1998,2544585,0.054064085,0.045748625
Environmental_heat_and_cold_exposure,1998,1998,64858,0.00137802,0.001228023
Neoplasms,1998,1998,6703169,0.142420356,0.155618169
Conflict_and_terrorism,1998,1998,108842,0.002312536,0.002259519
Diabetes_mellitus,1998,1998,854415,0.018153516,0.021199271
Chronic_kidney_disease,1998,1998,758681,0.016119483,0.019471265
Poisonings,1998,1998,86679,0.001841644,0.001780571
Protein_energy_malnutrition,1998,1998,549543,0.011675986,0.00839153
Road_injuries_,1998,1998,1177827,0.025024961,0.024763379
Chronic_respiratory_diseases,1998,1998,3401426,0.072269146,0.0712594
Cirrhosis_and_other_chronic_liver_diseases,1998,1998,1141509,0.024253322,0.025456959
Digestive_diseases,1998,1998,2030600,0.04314359,0.044627564
Fire__heat__and_hot_substances,1998,1998,124746,0.002650443,0.002468261
Acute_hepatitis,1998,1998,149563,0.003177723,0.002617653
Meningitis,2006,2006,358973,0.007263055,0.007257858
Alzheimer_s_disease_and_other_dementias,2006,2006,982308,0.019874912,0.019993008
Parkinson_s_disease,2006,2006,242749,0.004911509,0.004833124
Nutritional_deficiencies,2006,2006,362476,0.00733393,0.009616495
Malaria,2006,2006,941746,0.019054226,0.01737756
Drowning,2006,2006,319875,0.00647199,0.007123639
Interpersonal_violence,2006,2006,427355,0.008646619,0.008711163
Maternal_disorders,2006,2006,259261,0.005245595,0.005317571
HIV_AIDS,2006,2006,1767868,0.035769047,0.02466589
Drug_use_disorders,2006,2006,85421,0.001728312,0.001798128
Tuberculosis,2006,2006,1499369,0.030336541,0.031556513
Cardiovascular_diseases,2006,2006,14991661,0.303324356,0.303913536
Lower_respiratory_infections,2006,2006,2645926,0.053534682,0.057557503
Neonatal_disorders,2006,2006,2587061,0.052343674,0.052867887
Alcohol_use_disorders,2006,2006,177747,0.003596332,0.003280917
Self_harm,2006,2006,814138,0.01647235,0.016216242
Exposure_to_forces_of_nature,2006,2006,19918,0.000402998,0.001022777
Diarrheal_diseases,2006,2006,2109339,0.042677986,0.045748625
Environmental_heat_and_cold_exposure,2006,2006,64630,0.001307651,0.001228023
Neoplasms,2006,2006,7722732,0.156253047,0.155618169
Conflict_and_terrorism,2006,2006,74555,0.001508462,0.002259519
Diabetes_mellitus,2006,2006,1071057,0.021670559,0.021199271
Chronic_kidney_disease,2006,2006,981743,0.01986348,0.019471265
Poisonings,2006,2006,89859,0.001818106,0.001780571
Protein_energy_malnutrition,2006,2006,316210,0.006397836,0.00839153
Road_injuries_,2006,2006,1267492,0.025645003,0.024763379
Chronic_respiratory_diseases,2006,2006,3461443,0.070034933,0.0712594
Cirrhosis_and_other_chronic_liver_diseases,2006,2006,1300281,0.026308419,0.025456959
Digestive_diseases,2006,2006,2235326,0.045227065,0.044627564
Fire__heat__and_hot_substances,2006,2006,121265,0.002453539,0.002468261
Acute_hepatitis,2006,2006,124737,0.002523788,0.002617653
Meningitis,2014,2014,280438,0.00547,0.007257858
Alzheimer_s_disease_and_other_dementias,2014,2014,1343756,0.026210232,0.019993008
Parkinson_s_disease,2014,2014,312928,0.006103724,0.004833124
Nutritional_deficiencies,2014,2014,284578,0.005550751,0.009616495
Malaria,2014,2014,724324,0.014128086,0.01737756
Drowning,2014,2014,258489,0.00504188,0.007123639
Interpersonal_violence,2014,2014,413371,0.008062885,0.008711163
Maternal_disorders,2014,2014,214881,0.004191297,0.005317571
HIV_AIDS,2014,2014,1072970,0.020928496,0.02466589
Drug_use_disorders,2014,2014,99295,0.001936769,0.001798128
Tuberculosis,2014,2014,1294816,0.025255647,0.031556513
Cardiovascular_diseases,2014,2014,16715810,0.326045247,0.303913536
Lower_respiratory_infections,2014,2014,2532104,0.049389199,0.057557503
Neonatal_disorders,2014,2014,2237472,0.043642343,0.052867887
Alcohol_use_disorders,2014,2014,159291,0.003107003,0.003280917
Self_harm,2014,2014,744751,0.014526519,0.016216242
Exposure_to_forces_of_nature,2014,2014,7412,0.000144573,0.001022777
Diarrheal_diseases,2014,2014,1725693,0.03365999,0.045748625
Environmental_heat_and_cold_exposure,2014,2014,48775,0.000951366,0.001228023
Neoplasms,2014,2014,8920309,0.173992427,0.155618169
Conflict_and_terrorism,2014,2014,187939,0.003665788,0.002259519
Diabetes_mellitus,2014,2014,1320608,0.025758726,0.021199271
Chronic_kidney_disease,2014,2014,1247378,0.02433036,0.019471265
Poisonings,2014,2014,81976,0.001598958,0.001780571
Protein_energy_malnutrition,2014,2014,242956,0.004738906,0.00839153
Road_injuries_,2014,2014,1213989,0.0236791,0.024763379
Chronic_respiratory_diseases,2014,2014,3651653,0.071226229,0.0712594
Cirrhosis_and_other_chronic_liver_diseases,2014,2014,1363403,0.026593451,0.025456959
Digestive_diseases,2014,2014,2364063,0.046111526,0.044627564
Fire__heat__and_hot_substances,2014,2014,110102,0.002147562,0.002468261
Acute_hepatitis,2014,2014,92845,0.00181096,0.002617653
Meningitis,2002,2002,372298,0.007613918,0.007257858
Alzheimer_s_disease_and_other_dementias,2002,2002,845695,0.017295426,0.019993008
Parkinson_s_disease,2002,2002,214930,0.004395563,0.004833124
Nutritional_deficiencies,2002,2002,517754,0.010588659,0.009616495
Malaria,2002,2002,929195,0.019003097,0.01737756
Drowning,2002,2002,361967,0.007402638,0.007123639
Interpersonal_violence,2002,2002,462331,0.009455196,0.008711163
Maternal_disorders,2002,2002,276253,0.005649689,0.005317571
HIV_AIDS,2002,2002,1746104,0.035709816,0.02466589
Drug_use_disorders,2002,2002,84750,0.001733234,0.001798128
Tuberculosis,2002,2002,1649490,0.03373395,0.031556513
Cardiovascular_diseases,2002,2002,14501696,0.296576207,0.303913536
Lower_respiratory_infections,2002,2002,2788706,0.057032215,0.057557503
Neonatal_disorders,2002,2002,2691320,0.055040561,0.052867887
Alcohol_use_disorders,2002,2002,175317,0.003585432,0.003280917
Self_harm,2002,2002,811199,0.016589944,0.016216242
Exposure_to_forces_of_nature,2002,2002,8908,0.000182179,0.001022777
Diarrheal_diseases,2002,2002,2312641,0.047296144,0.045748625
Environmental_heat_and_cold_exposure,2002,2002,69939,0.001430332,0.001228023
Neoplasms,2002,2002,7253993,0.148352422,0.155618169
Conflict_and_terrorism,2002,2002,66414,0.001358242,0.002259519
Diabetes_mellitus,2002,2002,970544,0.019848731,0.021199271
Chronic_kidney_disease,2002,2002,874109,0.017876525,0.019471265
Poisonings,2002,2002,89920,0.001838966,0.001780571
Protein_energy_malnutrition,2002,2002,462083,0.009450124,0.00839153
Road_injuries_,2002,2002,1237109,0.025300289,0.024763379
Chronic_respiratory_diseases,2002,2002,3490310,0.071380817,0.0712594
Cirrhosis_and_other_chronic_liver_diseases,2002,2002,1227607,0.025105962,0.025456959
Digestive_diseases,2002,2002,2143976,0.043846752,0.044627564
Fire__heat__and_hot_substances,2002,2002,125532,0.002567272,0.002468261
Acute_hepatitis,2002,2002,134941,0.002759697,0.002617653
Meningitis,2012,2012,300091,0.005930927,0.007257858
Alzheimer_s_disease_and_other_dementias,2012,2012,1247515,0.02465559,0.019993008
Parkinson_s_disease,2012,2012,293123,0.005793213,0.004833124
Nutritional_deficiencies,2012,2012,298117,0.005891913,0.009616495
Malaria,2012,2012,806183,0.015933209,0.01737756
Drowning,2012,2012,275585,0.005446596,0.007123639
Interpersonal_violence,2012,2012,417694,0.008255205,0.008711163
Maternal_disorders,2012,2012,227177,0.004489872,0.005317571
HIV_AIDS,2012,2012,1198698,0.023690782,0.02466589
Drug_use_disorders,2012,2012,90934,0.001797198,0.001798128
Tuberculosis,2012,2012,1318198,0.026052552,0.031556513
Cardiovascular_diseases,2012,2012,16245243,0.321067119,0.303913536
Lower_respiratory_infections,2012,2012,2526051,0.049924271,0.057557503
Neonatal_disorders,2012,2012,2339979,0.046246788,0.052867887
Alcohol_use_disorders,2012,2012,159381,0.003149968,0.003280917
Self_harm,2012,2012,767020,0.015159201,0.016216242
Exposure_to_forces_of_nature,2012,2012,8959,0.000177064,0.001022777
Diarrheal_diseases,2012,2012,1834769,0.036261938,0.045748625
Environmental_heat_and_cold_exposure,2012,2012,51418,0.001016213,0.001228023
Neoplasms,2012,2012,8611952,0.170204571,0.155618169
Conflict_and_terrorism,2012,2012,112295,0.002219372,0.002259519
Diabetes_mellitus,2012,2012,1236606,0.024439987,0.021199271
Chronic_kidney_disease,2012,2012,1176295,0.023248015,0.019471265
Poisonings,2012,2012,84595,0.001671915,0.001780571
Protein_energy_malnutrition,2012,2012,255541,0.005050452,0.00839153
Road_injuries_,2012,2012,1255450,0.024812415,0.024763379
Chronic_respiratory_diseases,2012,2012,3558276,0.070324921,0.0712594
Cirrhosis_and_other_chronic_liver_diseases,2012,2012,1354358,0.026767209,0.025456959
Digestive_diseases,2012,2012,2329472,0.046039131,0.044627564
Fire__heat__and_hot_substances,2012,2012,112090,0.00221532,0.002468261
Acute_hepatitis,2012,2012,104589,0.002067072,0.002617653
Meningitis,1990,1990,432253,0.009932623,0.007257858
Alzheimer_s_disease_and_other_dementias,1990,1990,560616,0.012882241,0.019993008
Parkinson_s_disease,1990,1990,147156,0.003381457,0.004833124
Nutritional_deficiencies,1990,1990,756808,0.017390483,0.009616495
Malaria,1990,1990,840297,0.019308953,0.01737756
Drowning,1990,1990,460460,0.010580784,0.007123639
Interpersonal_violence,1990,1990,372497,0.008559506,0.008711163
Maternal_disorders,1990,1990,302419,0.006949203,0.005317571
HIV_AIDS,1990,1990,336059,0.007722207,0.02466589
Drug_use_disorders,1990,1990,56133,0.001289865,0.001798128
Tuberculosis,1990,1990,1776727,0.040826921,0.031556513
Cardiovascular_diseases,1990,1990,12062179,0.277173491,0.303913536
Lower_respiratory_infections,1990,1990,3318264,0.076249475,0.057557503
Neonatal_disorders,1990,1990,3004581,0.06904144,0.052867887
Alcohol_use_disorders,1990,1990,116390,0.002674494,0.003280917
Self_harm,1990,1990,738804,0.016976774,0.016216242
Exposure_to_forces_of_nature,1990,1990,50216,0.0011539,0.001022777
Diarrheal_diseases,1990,1990,2894957,0.06652242,0.045748625
Environmental_heat_and_cold_exposure,1990,1990,55072,0.001265484,0.001228023
Neoplasms,1990,1990,5752596,0.13218732,0.155618169
Conflict_and_terrorism,1990,1990,116286,0.002672104,0.002259519
Diabetes_mellitus,1990,1990,661085,0.01519089,0.021199271
Chronic_kidney_disease,1990,1990,600925,0.01380849,0.019471265
Poisonings,1990,1990,87951,0.002021002,0.001780571
Protein_energy_malnutrition,1990,1990,655975,0.015073469,0.00839153
Road_injuries_,1990,1990,1112770,0.025570036,0.024763379
Chronic_respiratory_diseases,1990,1990,3092759,0.071067658,0.0712594
Cirrhosis_and_other_chronic_liver_diseases,1990,1990,1012423,0.023264189,0.025456959
Digestive_diseases,1990,1990,1854392,0.042611563,0.044627564
Fire__heat__and_hot_substances,1990,1990,123123,0.00282921,0.002468261
Acute_hepatitis,1990,1990,166343,0.00382235,0.002617653
Meningitis,1997,1997,400893,0.008589515,0.007257858
Alzheimer_s_disease_and_other_dementias,1997,1997,717342,0.015369736,0.019993008
Parkinson_s_disease,1997,1997,179347,0.00384268,0.004833124
Nutritional_deficiencies,1997,1997,647682,0.013877204,0.009616495
Malaria,1997,1997,892946,0.019132219,0.01737756
Drowning,1997,1997,413405,0.008857596,0.007123639
Interpersonal_violence,1997,1997,427316,0.009155652,0.008711163
Maternal_disorders,1997,1997,289467,0.006202106,0.005317571
HIV_AIDS,1997,1997,1174154,0.025157368,0.02466589
Drug_use_disorders,1997,1997,82572,0.001769184,0.001798128
Tuberculosis,1997,1997,1726038,0.036982009,0.031556513
Cardiovascular_diseases,1997,1997,13339902,0.285820112,0.303913536
Lower_respiratory_infections,1997,1997,3047670,0.065299234,0.057557503
Neonatal_disorders,1997,1997,2817527,0.060368201,0.052867887
Alcohol_use_disorders,1997,1997,155429,0.003330214,0.003280917
Self_harm,1997,1997,822649,0.017626039,0.016216242
Exposure_to_forces_of_nature,1997,1997,17852,0.000382496,0.001022777
Diarrheal_diseases,1997,1997,2579027,0.055258111,0.045748625
Environmental_heat_and_cold_exposure,1997,1997,63823,0.001367469,0.001228023
Neoplasms,1997,1997,6586074,0.141112911,0.155618169
Conflict_and_terrorism,1997,1997,99263,0.002126804,0.002259519
Diabetes_mellitus,1997,1997,827734,0.01773499,0.021199271
Chronic_kidney_disease,1997,1997,731048,0.0156634,0.019471265
Poisonings,1997,1997,87371,0.001872007,0.001780571
Protein_energy_malnutrition,1997,1997,572372,0.012263615,0.00839153
Road_injuries_,1997,1997,1169798,0.025064037,0.024763379
Chronic_respiratory_diseases,1997,1997,3381872,0.07245983,0.0712594
Cirrhosis_and_other_chronic_liver_diseases,1997,1997,1128962,0.024189087,0.025456959
Digestive_diseases,1997,1997,2014659,0.043165989,0.044627564
Fire__heat__and_hot_substances,1997,1997,126274,0.002705541,0.002468261
Acute_hepatitis,1997,1997,151902,0.003254645,0.002617653
Meningitis,2013,2013,289502,0.005684139,0.007257858
Alzheimer_s_disease_and_other_dementias,2013,2013,1294701,0.025420412,0.019993008
Parkinson_s_disease,2013,2013,303488,0.005958743,0.004833124
Nutritional_deficiencies,2013,2013,291451,0.005722406,0.009616495
Malaria,2013,2013,751776,0.014760517,0.01737756
Drowning,2013,2013,266827,0.005238933,0.007123639
Interpersonal_violence,2013,2013,415620,0.008160364,0.008711163
Maternal_disorders,2013,2013,223473,0.004387713,0.005317571
HIV_AIDS,2013,2013,1126196,0.022111952,0.02466589
Drug_use_disorders,2013,2013,94562,0.001856649,0.001798128
Tuberculosis,2013,2013,1307485,0.025671416,0.031556513
Cardiovascular_diseases,2013,2013,16490053,0.323768921,0.303913536
Lower_respiratory_infections,2013,2013,2537037,0.04981268,0.057557503
Neonatal_disorders,2013,2013,2299343,0.04514575,0.052867887
Alcohol_use_disorders,2013,2013,158848,0.003118853,0.003280917
Self_harm,2013,2013,755568,0.01483497,0.016216242
Exposure_to_forces_of_nature,2013,2013,26906,0.000528278,0.001022777
Diarrheal_diseases,2013,2013,1788081,0.035107532,0.045748625
Environmental_heat_and_cold_exposure,2013,2013,49503,0.000971952,0.001228023
Neoplasms,2013,2013,8757263,0.171941812,0.155618169
Conflict_and_terrorism,2013,2013,117364,0.002304348,0.002259519
Diabetes_mellitus,2013,2013,1277414,0.025080996,0.021199271
Chronic_kidney_disease,2013,2013,1214187,0.023839585,0.019471265
Poisonings,2013,2013,83618,0.001641772,0.001780571
Protein_energy_malnutrition,2013,2013,249435,0.004897456,0.00839153
Road_injuries_,2013,2013,1232221,0.024193668,0.024763379
Chronic_respiratory_diseases,2013,2013,3610804,0.070895231,0.0712594
Cirrhosis_and_other_chronic_liver_diseases,2013,2013,1359145,0.026685718,0.025456959
Digestive_diseases,2013,2013,2348963,0.046119998,0.044627564
Fire__heat__and_hot_substances,2013,2013,111818,0.002195456,0.002468261
Acute_hepatitis,2013,2013,98898,0.001941783,0.002617653
Meningitis,1995,1995,409826,0.008875108,0.007257858
Alzheimer_s_disease_and_other_dementias,1995,1995,674815,0.014613655,0.019993008
Parkinson_s_disease,1995,1995,168882,0.003657274,0.004833124
Nutritional_deficiencies,1995,1995,723095,0.015659197,0.009616495
Malaria,1995,1995,862626,0.018680851,0.01737756
Drowning,1995,1995,437303,0.009470144,0.007123639
Interpersonal_violence,1995,1995,444246,0.0096205,0.008711163
Maternal_disorders,1995,1995,290551,0.006292113,0.005317571
HIV_AIDS,1995,1995,938440,0.020322664,0.02466589
Drug_use_disorders,1995,1995,79985,0.001732139,0.001798128
Tuberculosis,1995,1995,1738759,0.037654207,0.031556513
Cardiovascular_diseases,1995,1995,13129252,0.28432438,0.303913536
Lower_respiratory_infections,1995,1995,3148775,0.068189223,0.057557503
Neonatal_disorders,1995,1995,2873608,0.062230264,0.052867887
Alcohol_use_disorders,1995,1995,156714,0.003393766,0.003280917
Self_harm,1995,1995,825922,0.017885997,0.016216242
Exposure_to_forces_of_nature,1995,1995,19169,0.00041512,0.001022777
Diarrheal_diseases,1995,1995,2673263,0.057891633,0.045748625
Environmental_heat_and_cold_exposure,1995,1995,72635,0.001572969,0.001228023
Neoplasms,1995,1995,6402881,0.138659473,0.155618169
Conflict_and_terrorism,1995,1995,67210,0.001455486,0.002259519
Diabetes_mellitus,1995,1995,773490,0.01675054,0.021199271
Chronic_kidney_disease,1995,1995,683701,0.014806088,0.019471265
Poisonings,1995,1995,90353,0.001956666,0.001780571
Protein_energy_malnutrition,1995,1995,641084,0.013883183,0.00839153
Road_injuries_,1995,1995,1162799,0.025181336,0.024763379
Chronic_respiratory_diseases,1995,1995,3313295,0.071752035,0.0712594
Cirrhosis_and_other_chronic_liver_diseases,1995,1995,1104380,0.023916226,0.025456959
Digestive_diseases,1995,1995,1984263,0.042970791,0.044627564
Fire__heat__and_hot_substances,1995,1995,128523,0.002783268,0.002468261
Acute_hepatitis,1995,1995,157173,0.003403706,0.002617653
Meningitis,2001,2001,379912,0.007851743,0.007257858
Alzheimer_s_disease_and_other_dementias,2001,2001,814526,0.016834026,0.019993008
Parkinson_s_disease,2001,2001,206194,0.004261466,0.004833124
Nutritional_deficiencies,2001,2001,542565,0.011213336,0.009616495
Malaria,2001,2001,912709,0.0188632,0.01737756
Drowning,2001,2001,375917,0.007769177,0.007123639
Interpersonal_violence,2001,2001,451206,0.009325195,0.008711163
Maternal_disorders,2001,2001,282455,0.005837573,0.005317571
HIV_AIDS,2001,2001,1662064,0.03435032,0.02466589
Drug_use_disorders,2001,2001,87325,0.001804769,0.001798128
Tuberculosis,2001,2001,1682360,0.034769783,0.031556513
Cardiovascular_diseases,2001,2001,14185571,0.293176979,0.303913536
Lower_respiratory_infections,2001,2001,2830457,0.05849781,0.057557503
Neonatal_disorders,2001,2001,2710195,0.056012323,0.052867887
Alcohol_use_disorders,2001,2001,170787,0.0035297,0.003280917
Self_harm,2001,2001,820745,0.016962556,0.016216242
Exposure_to_forces_of_nature,2001,2001,29497,0.000609622,0.001022777
Diarrheal_diseases,2001,2001,2378465,0.04915637,0.045748625
Environmental_heat_and_cold_exposure,2001,2001,66743,0.001379395,0.001228023
Neoplasms,2001,2001,7114269,0.147032495,0.155618169
Conflict_and_terrorism,2001,2001,67069,0.001386133,0.002259519
Diabetes_mellitus,2001,2001,934841,0.019320608,0.021199271
Chronic_kidney_disease,2001,2001,842790,0.017418166,0.019471265
Poisonings,2001,2001,89294,0.001845463,0.001780571
Protein_energy_malnutrition,2001,2001,483074,0.009983819,0.00839153
Road_injuries_,2001,2001,1224220,0.025301281,0.024763379
Chronic_respiratory_diseases,2001,2001,3465831,0.071629254,0.0712594
Cirrhosis_and_other_chronic_liver_diseases,2001,2001,1200250,0.024805887,0.025456959
Digestive_diseases,2001,2001,2107791,0.043562279,0.044627564
Fire__heat__and_hot_substances,2001,2001,126427,0.002612901,0.002468261
Acute_hepatitis,2001,2001,140143,0.002896373,0.002617653
Meningitis,1993,1993,420836,0.009313475,0.007257858
Alzheimer_s_disease_and_other_dementias,1993,1993,629571,0.013932966,0.019993008
Parkinson_s_disease,1993,1993,160249,0.003546453,0.004833124
Nutritional_deficiencies,1993,1993,674219,0.014921066,0.009616495
Malaria,1993,1993,862216,0.019081607,0.01737756
Drowning,1993,1993,445434,0.00985785,0.007123639
Interpersonal_violence,1993,1993,432858,0.009579532,0.008711163
Maternal_disorders,1993,1993,293564,0.006496832,0.005317571
HIV_AIDS,1993,1993,664463,0.014705157,0.02466589
Drug_use_disorders,1993,1993,71603,0.001584638,0.001798128
Tuberculosis,1993,1993,1774711,0.039275932,0.031556513
Cardiovascular_diseases,1993,1993,12802108,0.283322031,0.303913536
Lower_respiratory_infections,1993,1993,3226972,0.071415759,0.057557503
Neonatal_disorders,1993,1993,2924485,0.064721453,0.052867887
Alcohol_use_disorders,1993,1993,143901,0.003184657,0.003280917
Self_harm,1993,1993,791904,0.01752554,0.016216242
Exposure_to_forces_of_nature,1993,1993,21369,0.000472915,0.001022777
Diarrheal_diseases,1993,1993,2798615,0.061935838,0.045748625
Environmental_heat_and_cold_exposure,1993,1993,66812,0.001478609,0.001228023
Neoplasms,1993,1993,6167069,0.13648272,0.155618169
Conflict_and_terrorism,1993,1993,62733,0.001388337,0.002259519
Diabetes_mellitus,1993,1993,728077,0.016112991,0.021199271
Chronic_kidney_disease,1993,1993,647255,0.014324329,0.019471265
Poisonings,1993,1993,90036,0.001992577,0.001780571
Protein_energy_malnutrition,1993,1993,583919,0.012922647,0.00839153
Road_injuries_,1993,1993,1137444,0.025172647,0.024763379
Chronic_respiratory_diseases,1993,1993,3266612,0.072293028,0.0712594
Cirrhosis_and_other_chronic_liver_diseases,1993,1993,1067730,0.023629814,0.025456959
Digestive_diseases,1993,1993,1939556,0.042924099,0.044627564
Fire__heat__and_hot_substances,1993,1993,127493,0.002821533,0.002468261
Acute_hepatitis,1993,1993,161899,0.003582969,0.002617653
Meningitis,2004,2004,363462,0.007367945,0.007257858
Alzheimer_s_disease_and_other_dementias,2004,2004,909148,0.018429857,0.019993008
Parkinson_s_disease,2004,2004,227695,0.004615735,0.004833124
Nutritional_deficiencies,2004,2004,393952,0.007986025,0.009616495
Malaria,2004,2004,960784,0.0194766,0.01737756
Drowning,2004,2004,338417,0.006860244,0.007123639
Interpersonal_violence,2004,2004,440855,0.008936823,0.008711163
Maternal_disorders,2004,2004,265279,0.005377622,0.005317571
HIV_AIDS,2004,2004,1842954,0.03735957,0.02466589
Drug_use_disorders,2004,2004,81843,0.001659086,0.001798128
Tuberculosis,2004,2004,1558519,0.031593627,0.031556513
Cardiovascular_diseases,2004,2004,14745985,0.298924263,0.303913536
Lower_respiratory_infections,2004,2004,2697064,0.054673721,0.057557503
Neonatal_disorders,2004,2004,2647814,0.053675346,0.052867887
Alcohol_use_disorders,2004,2004,180491,0.003658836,0.003280917
Self_harm,2004,2004,819290,0.016608294,0.016216242
Exposure_to_forces_of_nature,2004,2004,242430,0.004914437,0.001022777
Diarrheal_diseases,2004,2004,2166496,0.043918275,0.045748625
Environmental_heat_and_cold_exposure,2004,2004,67144,0.001361114,0.001228023
Neoplasms,2004,2004,7504504,0.152128076,0.155618169
Conflict_and_terrorism,2004,2004,70502,0.001429186,0.002259519
Diabetes_mellitus,2004,2004,1018138,0.020639255,0.021199271
Chronic_kidney_disease,2004,2004,922921,0.018709057,0.019471265
Poisonings,2004,2004,91455,0.001853936,0.001780571
Protein_energy_malnutrition,2004,2004,345527,0.007004375,0.00839153
Road_injuries_,2004,2004,1258547,0.025512723,0.024763379
Chronic_respiratory_diseases,2004,2004,3462850,0.070197405,0.0712594
Cirrhosis_and_other_chronic_liver_diseases,2004,2004,1266574,0.025675443,0.025456959
Digestive_diseases,2004,2004,2187927,0.044352715,0.044627564
Fire__heat__and_hot_substances,2004,2004,123651,0.0025066,0.002468261
Acute_hepatitis,2004,2004,127953,0.002593808,0.002617653
Meningitis,2011,2011,312733,0.006203382,0.007257858
Alzheimer_s_disease_and_other_dementias,2011,2011,1201138,0.023825814,0.019993008
Parkinson_s_disease,2011,2011,284488,0.005643114,0.004833124
Nutritional_deficiencies,2011,2011,314327,0.006235001,0.009616495
Malaria,2011,2011,868564,0.017228865,0.01737756
Drowning,2011,2011,281106,0.005576028,0.007123639
Interpersonal_violence,2011,2011,413880,0.008209738,0.008711163
Maternal_disorders,2011,2011,234669,0.004654902,0.005317571
HIV_AIDS,2011,2011,1283719,0.025463894,0.02466589
Drug_use_disorders,2011,2011,89322,0.001771794,0.001798128
Tuberculosis,2011,2011,1331697,0.026415587,0.031556513
Cardiovascular_diseases,2011,2011,16038263,0.318135533,0.303913536
Lower_respiratory_infections,2011,2011,2527899,0.050143491,0.057557503
Neonatal_disorders,2011,2011,2383664,0.047282441,0.052867887
Alcohol_use_disorders,2011,2011,161372,0.003200981,0.003280917
Self_harm,2011,2011,777218,0.015416923,0.016216242
Exposure_to_forces_of_nature,2011,2011,31850,0.000631778,0.001022777
Diarrheal_diseases,2011,2011,1902762,0.037743252,0.045748625
Environmental_heat_and_cold_exposure,2011,2011,51638,0.001024293,0.001228023
Neoplasms,2011,2011,8468793,0.167987267,0.155618169
Conflict_and_terrorism,2011,2011,62900,0.001247687,0.002259519
Diabetes_mellitus,2011,2011,1197995,0.02376347,0.021199271
Chronic_kidney_disease,2011,2011,1143219,0.022676931,0.019471265
Poisonings,2011,2011,86099,0.001707863,0.001780571
Protein_energy_malnutrition,2011,2011,271516,0.005385801,0.00839153
Road_injuries_,2011,2011,1267737,0.025146874,0.024763379
Chronic_respiratory_diseases,2011,2011,3539167,0.070203037,0.0712594
Cirrhosis_and_other_chronic_liver_diseases,2011,2011,1348880,0.02675643,0.025456959
Digestive_diseases,2011,2011,2316484,0.045949856,0.044627564
Fire__heat__and_hot_substances,2011,2011,113655,0.002254464,0.002468261
Acute_hepatitis,2011,2011,106549,0.00211351,0.002617653
Meningitis,1992,1992,426440,0.009591731,0.007257858
Alzheimer_s_disease_and_other_dementias,1992,1992,605894,0.013628112,0.019993008
Parkinson_s_disease,1992,1992,154886,0.003483784,0.004833124
Nutritional_deficiencies,1992,1992,700664,0.015759733,0.009616495
Malaria,1992,1992,856415,0.019262973,0.01737756
Drowning,1992,1992,447056,0.010055437,0.007123639
Interpersonal_violence,1992,1992,407176,0.009158434,0.008711163
Maternal_disorders,1992,1992,299300,0.006732026,0.005317571
HIV_AIDS,1992,1992,540070,0.012147561,0.02466589
Drug_use_disorders,1992,1992,66826,0.001503088,0.001798128
Tuberculosis,1992,1992,1807740,0.040660715,0.031556513
Cardiovascular_diseases,1992,1992,12437979,0.279762087,0.303913536
Lower_respiratory_infections,1992,1992,3258792,0.0732986,0.057557503
Neonatal_disorders,1992,1992,2950376,0.066361532,0.052867887
Alcohol_use_disorders,1992,1992,131665,0.002961484,0.003280917
Self_harm,1992,1992,770286,0.01732571,0.016216242
Exposure_to_forces_of_nature,1992,1992,12030,0.000270586,0.001022777
Diarrheal_diseases,1992,1992,2871809,0.064594359,0.045748625
Environmental_heat_and_cold_exposure,1992,1992,59926,0.00134789,0.001228023
Neoplasms,1992,1992,5996098,0.134867641,0.155618169
Conflict_and_terrorism,1992,1992,62063,0.001395956,0.002259519
Diabetes_mellitus,1992,1992,702253,0.015795473,0.021199271
Chronic_kidney_disease,1992,1992,630160,0.014173917,0.019471265
Poisonings,1992,1992,88435,0.00198913,0.001780571
Protein_energy_malnutrition,1992,1992,606015,0.013630834,0.00839153
Road_injuries_,1992,1992,1125566,0.02531687,0.024763379
Chronic_respiratory_diseases,1992,1992,3207816,0.072152019,0.0712594
Cirrhosis_and_other_chronic_liver_diseases,1992,1992,1042953,0.023458691,0.025456959
Digestive_diseases,1992,1992,1903759,0.042820429,0.044627564
Fire__heat__and_hot_substances,1992,1992,124995,0.002811459,0.002468261
Acute_hepatitis,1992,1992,163687,0.003681741,0.002617653
Meningitis,1996,1996,417259,0.009008021,0.007257858
Alzheimer_s_disease_and_other_dementias,1996,1996,696665,0.015039995,0.019993008
Parkinson_s_disease,1996,1996,173822,0.003752567,0.004833124
Nutritional_deficiencies,1996,1996,671977,0.014507016,0.009616495
Malaria,1996,1996,872476,0.018835501,0.01737756
Drowning,1996,1996,423296,0.009138352,0.007123639
Interpersonal_violence,1996,1996,432673,0.009340787,0.008711163
Maternal_disorders,1996,1996,287746,0.006212022,0.005317571
HIV_AIDS,1996,1996,1061580,0.022917985,0.02466589
Drug_use_disorders,1996,1996,81704,0.001763872,0.001798128
Tuberculosis,1996,1996,1720903,0.037151819,0.031556513
Cardiovascular_diseases,1996,1996,13213565,0.285261854,0.303913536
Lower_respiratory_infections,1996,1996,3091233,0.066735272,0.057557503
Neonatal_disorders,1996,1996,2841042,0.061334009,0.052867887
Alcohol_use_disorders,1996,1996,156352,0.003375415,0.003280917
Self_harm,1996,1996,820128,0.017705383,0.016216242
Exposure_to_forces_of_nature,1996,1996,14866,0.000320936,0.001022777
Diarrheal_diseases,1996,1996,2615313,0.056460844,0.045748625
Environmental_heat_and_cold_exposure,1996,1996,67602,0.00145943,0.001228023
Neoplasms,1996,1996,6490603,0.140122779,0.155618169
Conflict_and_terrorism,1996,1996,87324,0.0018852,0.002259519
Diabetes_mellitus,1996,1996,799023,0.017249757,0.021199271
Chronic_kidney_disease,1996,1996,704624,0.015211818,0.019471265
Poisonings,1996,1996,88861,0.001918381,0.001780571
Protein_energy_malnutrition,1996,1996,593826,0.012819849,0.00839153
Road_injuries_,1996,1996,1162809,0.025103373,0.024763379
Chronic_respiratory_diseases,1996,1996,3342591,0.07216173,0.0712594
Cirrhosis_and_other_chronic_liver_diseases,1996,1996,1115241,0.024076448,0.025456959
Digestive_diseases,1996,1996,1995513,0.043080254,0.044627564
Fire__heat__and_hot_substances,1996,1996,126804,0.002737516,0.002468261
Acute_hepatitis,1996,1996,153406,0.003311815,0.002617653
Meningitis,1999,1999,390136,0.008187175,0.007257858
Alzheimer_s_disease_and_other_dementias,1999,1999,761620,0.01598293,0.019993008
Parkinson_s_disease,1999,1999,191538,0.004019509,0.004833124
Nutritional_deficiencies,1999,1999,593417,0.012453116,0.009616495
Malaria,1999,1999,893788,0.018756533,0.01737756
Drowning,1999,1999,397169,0.008334766,0.007123639
Interpersonal_violence,1999,1999,440642,0.009247066,0.008711163
Maternal_disorders,1999,1999,288836,0.00606135,0.005317571
HIV_AIDS,1999,1999,1439777,0.030214352,0.02466589
Drug_use_disorders,1999,1999,87336,0.001832784,0.001798128
Tuberculosis,1999,1999,1719130,0.036076697,0.031556513
Cardiovascular_diseases,1999,1999,13720763,0.287936227,0.303913536
Lower_respiratory_infections,1999,1999,2950639,0.061920453,0.057557503
Neonatal_disorders,1999,1999,2766241,0.05805078,0.052867887
Alcohol_use_disorders,1999,1999,160606,0.003370387,0.003280917
Self_harm,1999,1999,840850,0.017645606,0.016216242
Exposure_to_forces_of_nature,1999,1999,69591,0.001460398,0.001022777
Diarrheal_diseases,1999,1999,2496957,0.052399737,0.045748625
Environmental_heat_and_cold_exposure,1999,1999,63375,0.001329952,0.001228023
Neoplasms,1999,1999,6857548,0.143908651,0.155618169
Conflict_and_terrorism,1999,1999,141860,0.002976994,0.002259519
Diabetes_mellitus,1999,1999,879521,0.018457134,0.021199271
Chronic_kidney_disease,1999,1999,785380,0.016481544,0.019471265
Poisonings,1999,1999,87333,0.001832721,0.001780571
Protein_energy_malnutrition,1999,1999,527431,0.011068371,0.00839153
Road_injuries_,1999,1999,1195303,0.025083957,0.024763379
Chronic_respiratory_diseases,1999,1999,3419612,0.071762057,0.0712594
Cirrhosis_and_other_chronic_liver_diseases,1999,1999,1158552,0.024312722,0.025456959
Digestive_diseases,1999,1999,2054201,0.043108309,0.044627564
Fire__heat__and_hot_substances,1999,1999,125921,0.002642507,0.002468261
Acute_hepatitis,1999,1999,147017,0.003085216,0.002617653
Meningitis,2007,2007,352747,0.007126891,0.007257858
Alzheimer_s_disease_and_other_dementias,2007,2007,1022057,0.020649612,0.019993008
Parkinson_s_disease,2007,2007,250475,0.00506059,0.004833124
Nutritional_deficiencies,2007,2007,347407,0.007019002,0.009616495
Malaria,2007,2007,940193,0.018995634,0.01737756
Drowning,2007,2007,311889,0.006301397,0.007123639
Interpersonal_violence,2007,2007,420025,0.008486174,0.008711163
Maternal_disorders,2007,2007,252551,0.005102534,0.005317571
HIV_AIDS,2007,2007,1669306,0.033726613,0.02466589
Drug_use_disorders,2007,2007,85962,0.001736774,0.001798128
Tuberculosis,2007,2007,1470117,0.029702204,0.031556513
Cardiovascular_diseases,2007,2007,15117363,0.305430792,0.303913536
Lower_respiratory_infections,2007,2007,2617221,0.052878262,0.057557503
Neonatal_disorders,2007,2007,2549184,0.051503644,0.052867887
Alcohol_use_disorders,2007,2007,174006,0.003515612,0.003280917
Self_harm,2007,2007,802521,0.016214112,0.016216242
Exposure_to_forces_of_nature,2007,2007,16200,0.000327304,0.001022777
Diarrheal_diseases,2007,2007,2076357,0.04195066,0.045748625
Environmental_heat_and_cold_exposure,2007,2007,59791,0.001208016,0.001228023
Neoplasms,2007,2007,7850705,0.158615431,0.155618169
Conflict_and_terrorism,2007,2007,71286,0.00144026,0.002259519
Diabetes_mellitus,2007,2007,1092777,0.022078437,0.021199271
Chronic_kidney_disease,2007,2007,1010311,0.020412296,0.019471265
Poisonings,2007,2007,88475,0.001787546,0.001780571
Protein_energy_malnutrition,2007,2007,302088,0.006103378,0.00839153
Road_injuries_,2007,2007,1273318,0.025726082,0.024763379
Chronic_respiratory_diseases,2007,2007,3467408,0.070055417,0.0712594
Cirrhosis_and_other_chronic_liver_diseases,2007,2007,1311974,0.026507087,0.025456959
Digestive_diseases,2007,2007,2251390,0.045487022,0.044627564
Fire__heat__and_hot_substances,2007,2007,119600,0.002416395,0.002468261
Acute_hepatitis,2007,2007,120512,0.002434821,0.002617653
Meningitis,2016,2016,261246,0.004991571,0.007257858
Alzheimer_s_disease_and_other_dementias,2016,2016,1451840,0.027739991,0.019993008
Parkinson_s_disease,2016,2016,330736,0.006319301,0.004833124
Nutritional_deficiencies,2016,2016,273191,0.005219801,0.009616495
Malaria,2016,2016,660364,0.012617431,0.01737756
Drowning,2016,2016,248811,0.004753978,0.007123639
Interpersonal_violence,2016,2016,412500,0.007881548,0.008711163
Maternal_disorders,2016,2016,203737,0.003892759,0.005317571
HIV_AIDS,2016,2016,996098,0.019032228,0.02466589
Drug_use_disorders,2016,2016,112875,0.002156678,0.001798128
Tuberculosis,2016,2016,1249524,0.023874384,0.031556513
Cardiovascular_diseases,2016,2016,17398709,0.332433353,0.303913536
Lower_respiratory_infections,2016,2016,2516135,0.048075245,0.057557503
Neonatal_disorders,2016,2016,2099079,0.040106646,0.052867887
Alcohol_use_disorders,2016,2016,162047,0.003096197,0.003280917
Self_harm,2016,2016,742925,0.014194907,0.016216242
Exposure_to_forces_of_nature,2016,2016,8672,0.000165694,0.001022777
Diarrheal_diseases,2016,2016,1639826,0.031331799,0.045748625
Environmental_heat_and_cold_exposure,2016,2016,47495,0.000907477,0.001228023
Neoplasms,2016,2016,9336894,0.178398005,0.155618169
Conflict_and_terrorism,2016,2016,161637,0.003088363,0.002259519
Diabetes_mellitus,2016,2016,1412896,0.026995897,0.021199271
Chronic_kidney_disease,2016,2016,1325004,0.025316564,0.019471265
Poisonings,2016,2016,79951,0.001527606,0.001780571
Protein_energy_malnutrition,2016,2016,232544,0.004443168,0.00839153
Road_injuries_,2016,2016,1193556,0.022805015,0.024763379
Chronic_respiratory_diseases,2016,2016,3740794,0.071474538,0.0712594
Cirrhosis_and_other_chronic_liver_diseases,2016,2016,1404134,0.026828483,0.025456959
Digestive_diseases,2016,2016,2439649,0.046613843,0.044627564
Fire__heat__and_hot_substances,2016,2016,109840,0.002098689,0.002468261
Acute_hepatitis,2016,2016,84726,0.001618841,0.002617653
Meningitis,2000,2000,385994,0.008033121,0.007257858
Alzheimer_s_disease_and_other_dementias,2000,2000,786615,0.016370652,0.019993008
Parkinson_s_disease,2000,2000,198545,0.004132023,0.004833124
Nutritional_deficiencies,2000,2000,568454,0.01183039,0.009616495
Malaria,2000,2000,882055,0.018356903,0.01737756
Drowning,2000,2000,387627,0.008067106,0.007123639
Interpersonal_violence,2000,2000,450393,0.009373362,0.008711163
Maternal_disorders,2000,2000,287027,0.005973467,0.005317571
HIV_AIDS,2000,2000,1559389,0.032453251,0.02466589
Drug_use_disorders,2000,2000,89690,0.001866585,0.001798128
Tuberculosis,2000,2000,1714428,0.035679848,0.031556513
Cardiovascular_diseases,2000,2000,13957078,0.290467969,0.303913536
Lower_respiratory_infections,2000,2000,2895698,0.060263869,0.057557503
Neonatal_disorders,2000,2000,2739290,0.057008781,0.052867887
Alcohol_use_disorders,2000,2000,166094,0.003456668,0.003280917
Self_harm,2000,2000,839249,0.017466045,0.016216242
Exposure_to_forces_of_nature,2000,2000,8918,0.000185597,0.001022777
Diarrheal_diseases,2000,2000,2440570,0.050791965,0.045748625
Environmental_heat_and_cold_exposure,2000,2000,65450,0.001362114,0.001228023
Neoplasms,2000,2000,7001927,0.145720724,0.155618169
Conflict_and_terrorism,2000,2000,120011,0.002497611,0.002259519
Diabetes_mellitus,2000,2000,905965,0.018854506,0.021199271
Chronic_kidney_disease,2000,2000,814854,0.016958348,0.019471265
Poisonings,2000,2000,88799,0.001848042,0.001780571
Protein_energy_malnutrition,2000,2000,505874,0.010528005,0.00839153
Road_injuries_,2000,2000,1212355,0.025230947,0.024763379
Chronic_respiratory_diseases,2000,2000,3450006,0.071799859,0.0712594
Cirrhosis_and_other_chronic_liver_diseases,2000,2000,1177628,0.024508225,0.025456959
Digestive_diseases,2000,2000,2079551,0.043278611,0.044627564
Fire__heat__and_hot_substances,2000,2000,126659,0.002635966,0.002468261
Acute_hepatitis,2000,2000,144124,0.002999439,0.002617653
Meningitis,2015,2015,267789,0.00516405,0.007257858
Alzheimer_s_disease_and_other_dementias,2015,2015,1394942,0.026900097,0.019993008
Parkinson_s_disease,2015,2015,321782,0.006205252,0.004833124
Nutritional_deficiencies,2015,2015,278793,0.005376251,0.009616495
Malaria,2015,2015,702890,0.013554549,0.01737756
Drowning,2015,2015,254237,0.004902713,0.007123639
Interpersonal_violence,2015,2015,416362,0.008029135,0.008711163
Maternal_disorders,2015,2015,208450,0.004019755,0.005317571
HIV_AIDS,2015,2015,1029667,0.019856125,0.02466589
Drug_use_disorders,2015,2015,105401,0.002032556,0.001798128
Tuberculosis,2015,2015,1267556,0.024443582,0.031556513
Cardiovascular_diseases,2015,2015,17089707,0.329558344,0.303913536
Lower_respiratory_infections,2015,2015,2533068,0.048847748,0.057557503
Neonatal_disorders,2015,2015,2183143,0.042099785,0.052867887
Alcohol_use_disorders,2015,2015,160713,0.003099194,0.003280917
Self_harm,2015,2015,742648,0.014321243,0.016216242
Exposure_to_forces_of_nature,2015,2015,15583,0.000300503,0.001022777
Diarrheal_diseases,2015,2015,1679043,0.032378708,0.045748625
Environmental_heat_and_cold_exposure,2015,2015,51665,0.000996309,0.001228023
Neoplasms,2015,2015,9133616,0.176132883,0.155618169
Conflict_and_terrorism,2015,2015,167030,0.003221011,0.002259519
Diabetes_mellitus,2015,2015,1366100,0.026343907,0.021199271
Chronic_kidney_disease,2015,2015,1286935,0.024817287,0.019471265
Poisonings,2015,2015,80974,0.001561505,0.001780571
Protein_energy_malnutrition,2015,2015,237723,0.004584256,0.00839153
Road_injuries_,2015,2015,1201418,0.023168175,0.024763379
Chronic_respiratory_diseases,2015,2015,3690907,0.071175544,0.0712594
Cirrhosis_and_other_chronic_liver_diseases,2015,2015,1384947,0.026707353,0.025456959
Digestive_diseases,2015,2015,2404387,0.04636626,0.044627564
Fire__heat__and_hot_substances,2015,2015,110167,0.002124463,0.002468261
Acute_hepatitis,2015,2015,88750,0.001711457,0.002617653
Meningitis,2018,2018,241666,0.004513305,0.007257858
Alzheimer_s_disease_and_other_dementias,2018,2018,1568617,0.02929517,0.019993008
Parkinson_s_disease,2018,2018,351322,0.006561218,0.004833124
Nutritional_deficiencies,2018,2018,258094,0.004820111,0.009616495
Malaria,2018,2018,631568,0.011795034,0.01737756
Drowning,2018,2018,240266,0.004487159,0.007123639
Interpersonal_violence,2018,2018,419249,0.007829808,0.008711163
Maternal_disorders,2018,2018,198069,0.003699096,0.005317571
HIV_AIDS,2018,2018,892341,0.016665178,0.02466589
Drug_use_disorders,2018,2018,123095,0.002298897,0.001798128
Tuberculosis,2018,2018,1204916,0.022502764,0.031556513
Cardiovascular_diseases,2018,2018,18113910,0.33829167,0.303913536
Lower_respiratory_infections,2018,2018,2486438,0.046436206,0.057557503
Neonatal_disorders,2018,2018,1942350,0.03627493,0.052867887
Alcohol_use_disorders,2018,2018,165462,0.003090134,0.003280917
Self_harm,2018,2018,755125,0.01410256,0.016216242
Exposure_to_forces_of_nature,2018,2018,11082,0.000206965,0.001022777
Diarrheal_diseases,2018,2018,1577953,0.029469527,0.045748625
Environmental_heat_and_cold_exposure,2018,2018,46272,0.000864166,0.001228023
Neoplasms,2018,2018,9791758,0.182868865,0.155618169
Conflict_and_terrorism,2018,2018,103407,0.001931208,0.002259519
Diabetes_mellitus,2018,2018,1501633,0.02804419,0.021199271
Chronic_kidney_disease,2018,2018,1387668,0.025915803,0.019471265
Poisonings,2018,2018,77805,0.00145307,0.001780571
Protein_energy_malnutrition,2018,2018,218222,0.004075469,0.00839153
Road_injuries_,2018,2018,1195919,0.022334738,0.024763379
Chronic_respiratory_diseases,2018,2018,3886637,0.072586036,0.0712594
Cirrhosis_and_other_chronic_liver_diseases,2018,2018,1447651,0.027036033,0.025456959
Digestive_diseases,2018,2018,2515213,0.046973602,0.044627564
Fire__heat__and_hot_substances,2018,2018,110642,0.002066327,0.002468261
Acute_hepatitis,2018,2018,80894,0.00151076,0.002617653
Meningitis,2010,2010,326778,0.006480762,0.007257858
Alzheimer_s_disease_and_other_dementias,2010,2010,1155944,0.022925037,0.019993008
Parkinson_s_disease,2010,2010,276188,0.005477445,0.004833124
Nutritional_deficiencies,2010,2010,322187,0.006389712,0.009616495
Malaria,2010,2010,909814,0.018043711,0.01737756
Drowning,2010,2010,290831,0.00576785,0.007123639
Interpersonal_violence,2010,2010,417449,0.008278977,0.008711163
Maternal_disorders,2010,2010,239749,0.004754776,0.005317571
HIV_AIDS,2010,2010,1364619,0.027063544,0.02466589
Drug_use_disorders,2010,2010,88079,0.00174681,0.001798128
Tuberculosis,2010,2010,1364942,0.02706995,0.031556513
Cardiovascular_diseases,2010,2010,15838151,0.314107088,0.303913536
Lower_respiratory_infections,2010,2010,2545622,0.050485559,0.057557503
Neonatal_disorders,2010,2010,2428939,0.048171466,0.052867887
Alcohol_use_disorders,2010,2010,164313,0.003258706,0.003280917
Self_harm,2010,2010,784456,0.015557573,0.016216242
Exposure_to_forces_of_nature,2010,2010,241002,0.004779626,0.001022777
Diarrheal_diseases,2010,2010,1928704,0.038250652,0.045748625
Environmental_heat_and_cold_exposure,2010,2010,58674,0.001163641,0.001228023
Neoplasms,2010,2010,8329288,0.165189004,0.155618169
Conflict_and_terrorism,2010,2010,54467,0.001080206,0.002259519
Diabetes_mellitus,2010,2010,1165663,0.023117788,0.021199271
Chronic_kidney_disease,2010,2010,1107473,0.021963746,0.019471265
Poisonings,2010,2010,87632,0.001737945,0.001780571
Protein_energy_malnutrition,2010,2010,279144,0.00553607,0.00839153
Road_injuries_,2010,2010,1278839,0.025362329,0.024763379
Chronic_respiratory_diseases,2010,2010,3509920,0.069609814,0.0712594
Cirrhosis_and_other_chronic_liver_diseases,2010,2010,1340704,0.026589255,0.025456959
Digestive_diseases,2010,2010,2298319,0.04558097,0.044627564
Fire__heat__and_hot_substances,2010,2010,115329,0.00228724,0.002468261
Acute_hepatitis,2010,2010,109556,0.002172748,0.002617653
Meningitis,1994,1994,413799,0.00896006,0.007257858
Alzheimer_s_disease_and_other_dementias,1994,1994,652176,0.014121678,0.019993008
Parkinson_s_disease,1994,1994,164381,0.00355937,0.004833124
Nutritional_deficiencies,1994,1994,649801,0.014070252,0.009616495
Malaria,1994,1994,855671,0.01852799,0.01737756
Drowning,1994,1994,443350,0.009599933,0.007123639
Interpersonal_violence,1994,1994,441971,0.009570073,0.008711163
Maternal_disorders,1994,1994,293148,0.006347584,0.005317571
HIV_AIDS,1994,1994,800169,0.017326196,0.02466589
Drug_use_disorders,1994,1994,76717,0.001661166,0.001798128
Tuberculosis,1994,1994,1753811,0.037975569,0.031556513
Cardiovascular_diseases,1994,1994,13026289,0.282060459,0.303913536
Lower_respiratory_infections,1994,1994,3187285,0.069014826,0.057557503
Neonatal_disorders,1994,1994,2896505,0.062718517,0.052867887
Alcohol_use_disorders,1994,1994,153859,0.003331535,0.003280917
Self_harm,1994,1994,817682,0.017705408,0.016216242
Exposure_to_forces_of_nature,1994,1994,12717,0.000275363,0.001022777
Diarrheal_diseases,1994,1994,2740299,0.059336162,0.045748625
Environmental_heat_and_cold_exposure,1994,1994,72305,0.001565633,0.001228023
Neoplasms,1994,1994,6296066,0.136329791,0.155618169
Conflict_and_terrorism,1994,1994,566082,0.01225747,0.002259519
Diabetes_mellitus,1994,1994,751254,0.016267031,0.021199271
Chronic_kidney_disease,1994,1994,665365,0.014407262,0.019471265
Poisonings,1994,1994,90897,0.001968208,0.001780571
Protein_energy_malnutrition,1994,1994,564046,0.012213384,0.00839153
Road_injuries_,1994,1994,1153642,0.024980007,0.024763379
Chronic_respiratory_diseases,1994,1994,3297292,0.071396826,0.0712594
Cirrhosis_and_other_chronic_liver_diseases,1994,1994,1089331,0.02358747,0.025456959
Digestive_diseases,1994,1994,1967669,0.042606273,0.044627564
Fire__heat__and_hot_substances,1994,1994,129611,0.002806489,0.002468261
Acute_hepatitis,1994,1994,159423,0.003452013,0.002617653
Meningitis,2008,2008,343452,0.006853176,0.007257858
Alzheimer_s_disease_and_other_dementias,2008,2008,1065297,0.021256735,0.019993008
Parkinson_s_disease,2008,2008,260382,0.005195613,0.004833124
Nutritional_deficiencies,2008,2008,335623,0.006696958,0.009616495
Malaria,2008,2008,932910,0.01861511,0.01737756
Drowning,2008,2008,304870,0.006083318,0.007123639
Interpersonal_violence,2008,2008,422800,0.008436471,0.008711163
Maternal_disorders,2008,2008,247899,0.00494653,0.005317571
HIV_AIDS,2008,2008,1559499,0.031117948,0.02466589
Drug_use_disorders,2008,2008,87077,0.001737518,0.001798128
Tuberculosis,2008,2008,1447516,0.028883461,0.031556513
Cardiovascular_diseases,2008,2008,15402070,0.307329993,0.303913536
Lower_respiratory_infections,2008,2008,2603124,0.051942244,0.057557503
Neonatal_disorders,2008,2008,2515772,0.050199239,0.052867887
Alcohol_use_disorders,2008,2008,171613,0.003424333,0.003280917
Self_harm,2008,2008,797570,0.015914561,0.016216242
Exposure_to_forces_of_nature,2008,2008,235751,0.004704131,0.001022777
Diarrheal_diseases,2008,2008,2044769,0.040800934,0.045748625
Environmental_heat_and_cold_exposure,2008,2008,57763,0.001152592,0.001228023
Neoplasms,2008,2008,8027173,0.160172692,0.155618169
Conflict_and_terrorism,2008,2008,64695,0.001290912,0.002259519
Diabetes_mellitus,2008,2008,1122287,0.022393903,0.021199271
Chronic_kidney_disease,2008,2008,1045743,0.020866558,0.019471265
Poisonings,2008,2008,88687,0.001769644,0.001780571
Protein_energy_malnutrition,2008,2008,290690,0.005800373,0.00839153
Road_injuries_,2008,2008,1284333,0.025627338,0.024763379
Chronic_respiratory_diseases,2008,2008,3510195,0.070041767,0.0712594
Cirrhosis_and_other_chronic_liver_diseases,2008,2008,1330568,0.026549902,0.025456959
Digestive_diseases,2008,2008,2280070,0.045496086,0.044627564
Fire__heat__and_hot_substances,2008,2008,118269,0.002359917,0.002468261
Acute_hepatitis,2008,2008,117273,0.002340043,0.002617653