vector,word,wordCount,dt,doc_id,doc,percent_of_total,global_freq
1990,Acute_hepatitis,166343,01/01/1990,1990,1990,0.00382235,0.002617653
1990,Alcohol_use_disorders,116390,01/01/1990,1990,1990,0.002674494,0.003280917
1990,Alzheimer_s_disease_and_other_dementias,560616,01/01/1990,1990,1990,0.012882241,0.019993008
1990,Cardiovascular_diseases,12062179,01/01/1990,1990,1990,0.277173491,0.303913536
1990,Chronic_kidney_disease,600925,01/01/1990,1990,1990,0.01380849,0.019471265
1990,Chronic_respiratory_diseases,3092759,01/01/1990,1990,1990,0.071067658,0.0712594
1990,Cirrhosis_and_other_chronic_liver_diseases,1012423,01/01/1990,1990,1990,0.023264189,0.025456959
1990,Conflict_and_terrorism,116286,01/01/1990,1990,1990,0.002672104,0.002259519
1990,Diabetes_mellitus,661085,01/01/1990,1990,1990,0.01519089,0.021199271
1990,Diarrheal_diseases,2894957,01/01/1990,1990,1990,0.06652242,0.045748625
1990,Digestive_diseases,1854392,01/01/1990,1990,1990,0.042611563,0.044627564
1990,Drowning,460460,01/01/1990,1990,1990,0.010580784,0.007123639
1990,Drug_use_disorders,56133,01/01/1990,1990,1990,0.001289865,0.001798128
1990,Environmental_heat_and_cold_exposure,55072,01/01/1990,1990,1990,0.001265484,0.001228023
1990,Exposure_to_forces_of_nature,50216,01/01/1990,1990,1990,0.0011539,0.001022777
1990,Fire__heat__and_hot_substances,123123,01/01/1990,1990,1990,0.00282921,0.002468261
1990,HIV_AIDS,336059,01/01/1990,1990,1990,0.007722207,0.02466589
1990,Interpersonal_violence,372497,01/01/1990,1990,1990,0.008559506,0.008711163
1990,Lower_respiratory_infections,3318264,01/01/1990,1990,1990,0.076249475,0.057557503
1990,Malaria,840297,01/01/1990,1990,1990,0.019308953,0.01737756
1990,Maternal_disorders,302419,01/01/1990,1990,1990,0.006949203,0.005317571
1990,Meningitis,432253,01/01/1990,1990,1990,0.009932623,0.007257858
1990,Neonatal_disorders,3004581,01/01/1990,1990,1990,0.06904144,0.052867887
1990,Neoplasms,5752596,01/01/1990,1990,1990,0.13218732,0.155618169
1990,Nutritional_deficiencies,756808,01/01/1990,1990,1990,0.017390483,0.009616495
1990,Parkinson_s_disease,147156,01/01/1990,1990,1990,0.003381457,0.004833124
1990,Poisonings,87951,01/01/1990,1990,1990,0.002021002,0.001780571
1990,Protein_energy_malnutrition,655975,01/01/1990,1990,1990,0.015073469,0.00839153
1990,Road_injuries_,1112770,01/01/1990,1990,1990,0.025570036,0.024763379
1990,Self_harm,738804,01/01/1990,1990,1990,0.016976774,0.016216242
1990,Tuberculosis,1776727,01/01/1990,1990,1990,0.040826921,0.031556513
1991,Acute_hepatitis,165276,01/01/1991,1991,1991,0.003751181,0.002617653
1991,Alcohol_use_disorders,122478,01/01/1991,1991,1991,0.002779817,0.003280917
1991,Alzheimer_s_disease_and_other_dementias,583166,01/01/1991,1991,1991,0.013235805,0.019993008
1991,Cardiovascular_diseases,12220282,01/01/1991,1991,1991,0.277357176,0.303913536
1991,Chronic_kidney_disease,613589,01/01/1991,1991,1991,0.0139263,0.019471265
1991,Chronic_respiratory_diseases,3148288,01/01/1991,1991,1991,0.071455001,0.0712594
1991,Cirrhosis_and_other_chronic_liver_diseases,1026870,01/01/1991,1991,1991,0.023306317,0.025456959
1991,Conflict_and_terrorism,85017,01/01/1991,1991,1991,0.001929585,0.002259519
1991,Diabetes_mellitus,679630,01/01/1991,1991,1991,0.015425197,0.021199271
1991,Diarrheal_diseases,2903085,01/01/1991,1991,1991,0.065889761,0.045748625
1991,Digestive_diseases,1877515,01/01/1991,1991,1991,0.042612949,0.044627564
1991,Drowning,454375,01/01/1991,1991,1991,0.010312705,0.007123639
1991,Drug_use_disorders,61890,01/01/1991,1991,1991,0.001404684,0.001798128
1991,Environmental_heat_and_cold_exposure,56658,01/01/1991,1991,1991,0.001285936,0.001228023
1991,Exposure_to_forces_of_nature,156552,01/01/1991,1991,1991,0.003553177,0.001022777
1991,Fire__heat__and_hot_substances,123941,01/01/1991,1991,1991,0.002813022,0.002468261
1991,HIV_AIDS,430725,01/01/1991,1991,1991,0.009775934,0.02466589
1991,Interpersonal_violence,383689,01/01/1991,1991,1991,0.008708383,0.008711163
1991,Lower_respiratory_infections,3282941,01/01/1991,1991,1991,0.074511148,0.057557503
1991,Malaria,858984,01/01/1991,1991,1991,0.019495898,0.01737756
1991,Maternal_disorders,298271,01/01/1991,1991,1991,0.006769697,0.005317571
1991,Meningitis,428621,01/01/1991,1991,1991,0.009728181,0.007257858
1991,Neonatal_disorders,2975087,01/01/1991,1991,1991,0.067523951,0.052867887
1991,Neoplasms,5867965,01/01/1991,1991,1991,0.133182049,0.155618169
1991,Nutritional_deficiencies,729145,01/01/1991,1991,1991,0.016549012,0.009616495
1991,Parkinson_s_disease,150875,01/01/1991,1991,1991,0.003424329,0.004833124
1991,Poisonings,87813,01/01/1991,1991,1991,0.001993044,0.001780571
1991,Protein_energy_malnutrition,631013,01/01/1991,1991,1991,0.014321763,0.00839153
1991,Road_injuries_,1117024,01/01/1991,1991,1991,0.025352494,0.024763379
1991,Self_harm,752575,01/01/1991,1991,1991,0.01708079,0.016216242
1991,Tuberculosis,1786389,01/01/1991,1991,1991,0.040544711,0.031556513
1992,Acute_hepatitis,163687,01/01/1992,1992,1992,0.003681741,0.002617653
1992,Alcohol_use_disorders,131665,01/01/1992,1992,1992,0.002961484,0.003280917
1992,Alzheimer_s_disease_and_other_dementias,605894,01/01/1992,1992,1992,0.013628112,0.019993008
1992,Cardiovascular_diseases,12437979,01/01/1992,1992,1992,0.279762087,0.303913536
1992,Chronic_kidney_disease,630160,01/01/1992,1992,1992,0.014173917,0.019471265
1992,Chronic_respiratory_diseases,3207816,01/01/1992,1992,1992,0.072152019,0.0712594
1992,Cirrhosis_and_other_chronic_liver_diseases,1042953,01/01/1992,1992,1992,0.023458691,0.025456959
1992,Conflict_and_terrorism,62063,01/01/1992,1992,1992,0.001395956,0.002259519
1992,Diabetes_mellitus,702253,01/01/1992,1992,1992,0.015795473,0.021199271
1992,Diarrheal_diseases,2871809,01/01/1992,1992,1992,0.064594359,0.045748625
1992,Digestive_diseases,1903759,01/01/1992,1992,1992,0.042820429,0.044627564
1992,Drowning,447056,01/01/1992,1992,1992,0.010055437,0.007123639
1992,Drug_use_disorders,66826,01/01/1992,1992,1992,0.001503088,0.001798128
1992,Environmental_heat_and_cold_exposure,59926,01/01/1992,1992,1992,0.00134789,0.001228023
1992,Exposure_to_forces_of_nature,12030,01/01/1992,1992,1992,0.000270586,0.001022777
1992,Fire__heat__and_hot_substances,124995,01/01/1992,1992,1992,0.002811459,0.002468261
1992,HIV_AIDS,540070,01/01/1992,1992,1992,0.012147561,0.02466589
1992,Interpersonal_violence,407176,01/01/1992,1992,1992,0.009158434,0.008711163
1992,Lower_respiratory_infections,3258792,01/01/1992,1992,1992,0.0732986,0.057557503
1992,Malaria,856415,01/01/1992,1992,1992,0.019262973,0.01737756
1992,Maternal_disorders,299300,01/01/1992,1992,1992,0.006732026,0.005317571
1992,Meningitis,426440,01/01/1992,1992,1992,0.009591731,0.007257858
1992,Neonatal_disorders,2950376,01/01/1992,1992,1992,0.066361532,0.052867887
1992,Neoplasms,5996098,01/01/1992,1992,1992,0.134867641,0.155618169
1992,Nutritional_deficiencies,700664,01/01/1992,1992,1992,0.015759733,0.009616495
1992,Parkinson_s_disease,154886,01/01/1992,1992,1992,0.003483784,0.004833124
1992,Poisonings,88435,01/01/1992,1992,1992,0.00198913,0.001780571
1992,Protein_energy_malnutrition,606015,01/01/1992,1992,1992,0.013630834,0.00839153
1992,Road_injuries_,1125566,01/01/1992,1992,1992,0.02531687,0.024763379
1992,Self_harm,770286,01/01/1992,1992,1992,0.01732571,0.016216242
1992,Tuberculosis,1807740,01/01/1992,1992,1992,0.040660715,0.031556513
1993,Acute_hepatitis,161899,01/01/1993,1993,1993,0.003582969,0.002617653
1993,Alcohol_use_disorders,143901,01/01/1993,1993,1993,0.003184657,0.003280917
1993,Alzheimer_s_disease_and_other_dementias,629571,01/01/1993,1993,1993,0.013932966,0.019993008
1993,Cardiovascular_diseases,12802108,01/01/1993,1993,1993,0.283322031,0.303913536
1993,Chronic_kidney_disease,647255,01/01/1993,1993,1993,0.014324329,0.019471265
1993,Chronic_respiratory_diseases,3266612,01/01/1993,1993,1993,0.072293028,0.0712594
1993,Cirrhosis_and_other_chronic_liver_diseases,1067730,01/01/1993,1993,1993,0.023629814,0.025456959
1993,Conflict_and_terrorism,62733,01/01/1993,1993,1993,0.001388337,0.002259519
1993,Diabetes_mellitus,728077,01/01/1993,1993,1993,0.016112991,0.021199271
1993,Diarrheal_diseases,2798615,01/01/1993,1993,1993,0.061935838,0.045748625
1993,Digestive_diseases,1939556,01/01/1993,1993,1993,0.042924099,0.044627564
1993,Drowning,445434,01/01/1993,1993,1993,0.00985785,0.007123639
1993,Drug_use_disorders,71603,01/01/1993,1993,1993,0.001584638,0.001798128
1993,Environmental_heat_and_cold_exposure,66812,01/01/1993,1993,1993,0.001478609,0.001228023
1993,Exposure_to_forces_of_nature,21369,01/01/1993,1993,1993,0.000472915,0.001022777
1993,Fire__heat__and_hot_substances,127493,01/01/1993,1993,1993,0.002821533,0.002468261
1993,HIV_AIDS,664463,01/01/1993,1993,1993,0.014705157,0.02466589
1993,Interpersonal_violence,432858,01/01/1993,1993,1993,0.009579532,0.008711163
1993,Lower_respiratory_infections,3226972,01/01/1993,1993,1993,0.071415759,0.057557503
1993,Malaria,862216,01/01/1993,1993,1993,0.019081607,0.01737756
1993,Maternal_disorders,293564,01/01/1993,1993,1993,0.006496832,0.005317571
1993,Meningitis,420836,01/01/1993,1993,1993,0.009313475,0.007257858
1993,Neonatal_disorders,2924485,01/01/1993,1993,1993,0.064721453,0.052867887
1993,Neoplasms,6167069,01/01/1993,1993,1993,0.13648272,0.155618169
1993,Nutritional_deficiencies,674219,01/01/1993,1993,1993,0.014921066,0.009616495
1993,Parkinson_s_disease,160249,01/01/1993,1993,1993,0.003546453,0.004833124
1993,Poisonings,90036,01/01/1993,1993,1993,0.001992577,0.001780571
1993,Protein_energy_malnutrition,583919,01/01/1993,1993,1993,0.012922647,0.00839153
1993,Road_injuries_,1137444,01/01/1993,1993,1993,0.025172647,0.024763379
1993,Self_harm,791904,01/01/1993,1993,1993,0.01752554,0.016216242
1993,Tuberculosis,1774711,01/01/1993,1993,1993,0.039275932,0.031556513
1994,Acute_hepatitis,159423,01/01/1994,1994,1994,0.003452013,0.002617653
1994,Alcohol_use_disorders,153859,01/01/1994,1994,1994,0.003331535,0.003280917
1994,Alzheimer_s_disease_and_other_dementias,652176,01/01/1994,1994,1994,0.014121678,0.019993008
1994,Cardiovascular_diseases,13026289,01/01/1994,1994,1994,0.282060459,0.303913536
1994,Chronic_kidney_disease,665365,01/01/1994,1994,1994,0.014407262,0.019471265
1994,Chronic_respiratory_diseases,3297292,01/01/1994,1994,1994,0.071396826,0.0712594
1994,Cirrhosis_and_other_chronic_liver_diseases,1089331,01/01/1994,1994,1994,0.02358747,0.025456959
1994,Conflict_and_terrorism,566082,01/01/1994,1994,1994,0.01225747,0.002259519
1994,Diabetes_mellitus,751254,01/01/1994,1994,1994,0.016267031,0.021199271
1994,Diarrheal_diseases,2740299,01/01/1994,1994,1994,0.059336162,0.045748625
1994,Digestive_diseases,1967669,01/01/1994,1994,1994,0.042606273,0.044627564
1994,Drowning,443350,01/01/1994,1994,1994,0.009599933,0.007123639
1994,Drug_use_disorders,76717,01/01/1994,1994,1994,0.001661166,0.001798128
1994,Environmental_heat_and_cold_exposure,72305,01/01/1994,1994,1994,0.001565633,0.001228023
1994,Exposure_to_forces_of_nature,12717,01/01/1994,1994,1994,0.000275363,0.001022777
1994,Fire__heat__and_hot_substances,129611,01/01/1994,1994,1994,0.002806489,0.002468261
1994,HIV_AIDS,800169,01/01/1994,1994,1994,0.017326196,0.02466589
1994,Interpersonal_violence,441971,01/01/1994,1994,1994,0.009570073,0.008711163
1994,Lower_respiratory_infections,3187285,01/01/1994,1994,1994,0.069014826,0.057557503
1994,Malaria,855671,01/01/1994,1994,1994,0.01852799,0.01737756
1994,Maternal_disorders,293148,01/01/1994,1994,1994,0.006347584,0.005317571
1994,Meningitis,413799,01/01/1994,1994,1994,0.00896006,0.007257858
1994,Neonatal_disorders,2896505,01/01/1994,1994,1994,0.062718517,0.052867887
1994,Neoplasms,6296066,01/01/1994,1994,1994,0.136329791,0.155618169
1994,Nutritional_deficiencies,649801,01/01/1994,1994,1994,0.014070252,0.009616495
1994,Parkinson_s_disease,164381,01/01/1994,1994,1994,0.00355937,0.004833124
1994,Poisonings,90897,01/01/1994,1994,1994,0.001968208,0.001780571
1994,Protein_energy_malnutrition,564046,01/01/1994,1994,1994,0.012213384,0.00839153
1994,Road_injuries_,1153642,01/01/1994,1994,1994,0.024980007,0.024763379
1994,Self_harm,817682,01/01/1994,1994,1994,0.017705408,0.016216242
1994,Tuberculosis,1753811,01/01/1994,1994,1994,0.037975569,0.031556513
1995,Acute_hepatitis,157173,01/01/1995,1995,1995,0.003403706,0.002617653
1995,Alcohol_use_disorders,156714,01/01/1995,1995,1995,0.003393766,0.003280917
1995,Alzheimer_s_disease_and_other_dementias,674815,01/01/1995,1995,1995,0.014613655,0.019993008
1995,Cardiovascular_diseases,13129252,01/01/1995,1995,1995,0.28432438,0.303913536
1995,Chronic_kidney_disease,683701,01/01/1995,1995,1995,0.014806088,0.019471265
1995,Chronic_respiratory_diseases,3313295,01/01/1995,1995,1995,0.071752035,0.0712594
1995,Cirrhosis_and_other_chronic_liver_diseases,1104380,01/01/1995,1995,1995,0.023916226,0.025456959
1995,Conflict_and_terrorism,67210,01/01/1995,1995,1995,0.001455486,0.002259519
1995,Diabetes_mellitus,773490,01/01/1995,1995,1995,0.01675054,0.021199271
1995,Diarrheal_diseases,2673263,01/01/1995,1995,1995,0.057891633,0.045748625
1995,Digestive_diseases,1984263,01/01/1995,1995,1995,0.042970791,0.044627564
1995,Drowning,437303,01/01/1995,1995,1995,0.009470144,0.007123639
1995,Drug_use_disorders,79985,01/01/1995,1995,1995,0.001732139,0.001798128
1995,Environmental_heat_and_cold_exposure,72635,01/01/1995,1995,1995,0.001572969,0.001228023
1995,Exposure_to_forces_of_nature,19169,01/01/1995,1995,1995,0.00041512,0.001022777
1995,Fire__heat__and_hot_substances,128523,01/01/1995,1995,1995,0.002783268,0.002468261
1995,HIV_AIDS,938440,01/01/1995,1995,1995,0.020322664,0.02466589
1995,Interpersonal_violence,444246,01/01/1995,1995,1995,0.0096205,0.008711163
1995,Lower_respiratory_infections,3148775,01/01/1995,1995,1995,0.068189223,0.057557503
1995,Malaria,862626,01/01/1995,1995,1995,0.018680851,0.01737756
1995,Maternal_disorders,290551,01/01/1995,1995,1995,0.006292113,0.005317571
1995,Meningitis,409826,01/01/1995,1995,1995,0.008875108,0.007257858
1995,Neonatal_disorders,2873608,01/01/1995,1995,1995,0.062230264,0.052867887
1995,Neoplasms,6402881,01/01/1995,1995,1995,0.138659473,0.155618169
1995,Nutritional_deficiencies,723095,01/01/1995,1995,1995,0.015659197,0.009616495
1995,Parkinson_s_disease,168882,01/01/1995,1995,1995,0.003657274,0.004833124
1995,Poisonings,90353,01/01/1995,1995,1995,0.001956666,0.001780571
1995,Protein_energy_malnutrition,641084,01/01/1995,1995,1995,0.013883183,0.00839153
1995,Road_injuries_,1162799,01/01/1995,1995,1995,0.025181336,0.024763379
1995,Self_harm,825922,01/01/1995,1995,1995,0.017885997,0.016216242
1995,Tuberculosis,1738759,01/01/1995,1995,1995,0.037654207,0.031556513
1996,Acute_hepatitis,153406,01/01/1996,1996,1996,0.003311815,0.002617653
1996,Alcohol_use_disorders,156352,01/01/1996,1996,1996,0.003375415,0.003280917
1996,Alzheimer_s_disease_and_other_dementias,696665,01/01/1996,1996,1996,0.015039995,0.019993008
1996,Cardiovascular_diseases,13213565,01/01/1996,1996,1996,0.285261854,0.303913536
1996,Chronic_kidney_disease,704624,01/01/1996,1996,1996,0.015211818,0.019471265
1996,Chronic_respiratory_diseases,3342591,01/01/1996,1996,1996,0.07216173,0.0712594
1996,Cirrhosis_and_other_chronic_liver_diseases,1115241,01/01/1996,1996,1996,0.024076448,0.025456959
1996,Conflict_and_terrorism,87324,01/01/1996,1996,1996,0.0018852,0.002259519
1996,Diabetes_mellitus,799023,01/01/1996,1996,1996,0.017249757,0.021199271
1996,Diarrheal_diseases,2615313,01/01/1996,1996,1996,0.056460844,0.045748625
1996,Digestive_diseases,1995513,01/01/1996,1996,1996,0.043080254,0.044627564
1996,Drowning,423296,01/01/1996,1996,1996,0.009138352,0.007123639
1996,Drug_use_disorders,81704,01/01/1996,1996,1996,0.001763872,0.001798128
1996,Environmental_heat_and_cold_exposure,67602,01/01/1996,1996,1996,0.00145943,0.001228023
1996,Exposure_to_forces_of_nature,14866,01/01/1996,1996,1996,0.000320936,0.001022777
1996,Fire__heat__and_hot_substances,126804,01/01/1996,1996,1996,0.002737516,0.002468261
1996,HIV_AIDS,1061580,01/01/1996,1996,1996,0.022917985,0.02466589
1996,Interpersonal_violence,432673,01/01/1996,1996,1996,0.009340787,0.008711163
1996,Lower_respiratory_infections,3091233,01/01/1996,1996,1996,0.066735272,0.057557503
1996,Malaria,872476,01/01/1996,1996,1996,0.018835501,0.01737756
1996,Maternal_disorders,287746,01/01/1996,1996,1996,0.006212022,0.005317571
1996,Meningitis,417259,01/01/1996,1996,1996,0.009008021,0.007257858
1996,Neonatal_disorders,2841042,01/01/1996,1996,1996,0.061334009,0.052867887
1996,Neoplasms,6490603,01/01/1996,1996,1996,0.140122779,0.155618169
1996,Nutritional_deficiencies,671977,01/01/1996,1996,1996,0.014507016,0.009616495
1996,Parkinson_s_disease,173822,01/01/1996,1996,1996,0.003752567,0.004833124
1996,Poisonings,88861,01/01/1996,1996,1996,0.001918381,0.001780571
1996,Protein_energy_malnutrition,593826,01/01/1996,1996,1996,0.012819849,0.00839153
1996,Road_injuries_,1162809,01/01/1996,1996,1996,0.025103373,0.024763379
1996,Self_harm,820128,01/01/1996,1996,1996,0.017705383,0.016216242
1996,Tuberculosis,1720903,01/01/1996,1996,1996,0.037151819,0.031556513
1997,Acute_hepatitis,151902,01/01/1997,1997,1997,0.003254645,0.002617653
1997,Alcohol_use_disorders,155429,01/01/1997,1997,1997,0.003330214,0.003280917
1997,Alzheimer_s_disease_and_other_dementias,717342,01/01/1997,1997,1997,0.015369736,0.019993008
1997,Cardiovascular_diseases,13339902,01/01/1997,1997,1997,0.285820112,0.303913536
1997,Chronic_kidney_disease,731048,01/01/1997,1997,1997,0.0156634,0.019471265
1997,Chronic_respiratory_diseases,3381872,01/01/1997,1997,1997,0.07245983,0.0712594
1997,Cirrhosis_and_other_chronic_liver_diseases,1128962,01/01/1997,1997,1997,0.024189087,0.025456959
1997,Conflict_and_terrorism,99263,01/01/1997,1997,1997,0.002126804,0.002259519
1997,Diabetes_mellitus,827734,01/01/1997,1997,1997,0.01773499,0.021199271
1997,Diarrheal_diseases,2579027,01/01/1997,1997,1997,0.055258111,0.045748625
1997,Digestive_diseases,2014659,01/01/1997,1997,1997,0.043165989,0.044627564
1997,Drowning,413405,01/01/1997,1997,1997,0.008857596,0.007123639
1997,Drug_use_disorders,82572,01/01/1997,1997,1997,0.001769184,0.001798128
1997,Environmental_heat_and_cold_exposure,63823,01/01/1997,1997,1997,0.001367469,0.001228023
1997,Exposure_to_forces_of_nature,17852,01/01/1997,1997,1997,0.000382496,0.001022777
1997,Fire__heat__and_hot_substances,126274,01/01/1997,1997,1997,0.002705541,0.002468261
1997,HIV_AIDS,1174154,01/01/1997,1997,1997,0.025157368,0.02466589
1997,Interpersonal_violence,427316,01/01/1997,1997,1997,0.009155652,0.008711163
1997,Lower_respiratory_infections,3047670,01/01/1997,1997,1997,0.065299234,0.057557503
1997,Malaria,892946,01/01/1997,1997,1997,0.019132219,0.01737756
1997,Maternal_disorders,289467,01/01/1997,1997,1997,0.006202106,0.005317571
1997,Meningitis,400893,01/01/1997,1997,1997,0.008589515,0.007257858
1997,Neonatal_disorders,2817527,01/01/1997,1997,1997,0.060368201,0.052867887
1997,Neoplasms,6586074,01/01/1997,1997,1997,0.141112911,0.155618169
1997,Nutritional_deficiencies,647682,01/01/1997,1997,1997,0.013877204,0.009616495
1997,Parkinson_s_disease,179347,01/01/1997,1997,1997,0.00384268,0.004833124
1997,Poisonings,87371,01/01/1997,1997,1997,0.001872007,0.001780571
1997,Protein_energy_malnutrition,572372,01/01/1997,1997,1997,0.012263615,0.00839153
1997,Road_injuries_,1169798,01/01/1997,1997,1997,0.025064037,0.024763379
1997,Self_harm,822649,01/01/1997,1997,1997,0.017626039,0.016216242
1997,Tuberculosis,1726038,01/01/1997,1997,1997,0.036982009,0.031556513
1998,Acute_hepatitis,149563,01/01/1998,1998,1998,0.003177723,0.002617653
1998,Alcohol_use_disorders,156282,01/01/1998,1998,1998,0.00332048,0.003280917
1998,Alzheimer_s_disease_and_other_dementias,738768,01/01/1998,1998,1998,0.015696397,0.019993008
1998,Cardiovascular_diseases,13461489,01/01/1998,1998,1998,0.28601249,0.303913536
1998,Chronic_kidney_disease,758681,01/01/1998,1998,1998,0.016119483,0.019471265
1998,Chronic_respiratory_diseases,3401426,01/01/1998,1998,1998,0.072269146,0.0712594
1998,Cirrhosis_and_other_chronic_liver_diseases,1141509,01/01/1998,1998,1998,0.024253322,0.025456959
1998,Conflict_and_terrorism,108842,01/01/1998,1998,1998,0.002312536,0.002259519
1998,Diabetes_mellitus,854415,01/01/1998,1998,1998,0.018153516,0.021199271
1998,Diarrheal_diseases,2544585,01/01/1998,1998,1998,0.054064085,0.045748625
1998,Digestive_diseases,2030600,01/01/1998,1998,1998,0.04314359,0.044627564
1998,Drowning,407205,01/01/1998,1998,1998,0.008651771,0.007123639
1998,Drug_use_disorders,85087,01/01/1998,1998,1998,0.00180782,0.001798128
1998,Environmental_heat_and_cold_exposure,64858,01/01/1998,1998,1998,0.00137802,0.001228023
1998,Exposure_to_forces_of_nature,48134,01/01/1998,1998,1998,0.00102269,0.001022777
1998,Fire__heat__and_hot_substances,124746,01/01/1998,1998,1998,0.002650443,0.002468261
1998,HIV_AIDS,1303651,01/01/1998,1998,1998,0.027698308,0.02466589
1998,Interpersonal_violence,431984,01/01/1998,1998,1998,0.009178243,0.008711163
1998,Lower_respiratory_infections,2999755,01/01/1998,1998,1998,0.063734955,0.057557503
1998,Malaria,901338,01/01/1998,1998,1998,0.019150476,0.01737756
1998,Maternal_disorders,289304,01/01/1998,1998,1998,0.006146761,0.005317571
1998,Meningitis,393364,01/01/1998,1998,1998,0.008357695,0.007257858
1998,Neonatal_disorders,2793540,01/01/1998,1998,1998,0.059353563,0.052867887
1998,Neoplasms,6703169,01/01/1998,1998,1998,0.142420356,0.155618169
1998,Nutritional_deficiencies,620498,01/01/1998,1998,1998,0.013183547,0.009616495
1998,Parkinson_s_disease,185097,01/01/1998,1998,1998,0.003932704,0.004833124
1998,Poisonings,86679,01/01/1998,1998,1998,0.001841644,0.001780571
1998,Protein_energy_malnutrition,549543,01/01/1998,1998,1998,0.011675986,0.00839153
1998,Road_injuries_,1177827,01/01/1998,1998,1998,0.025024961,0.024763379
1998,Self_harm,829842,01/01/1998,1998,1998,0.017631421,0.016216242
1998,Tuberculosis,1724307,01/01/1998,1998,1998,0.036635868,0.031556513
1999,Acute_hepatitis,147017,01/01/1999,1999,1999,0.003085216,0.002617653
1999,Alcohol_use_disorders,160606,01/01/1999,1999,1999,0.003370387,0.003280917
1999,Alzheimer_s_disease_and_other_dementias,761620,01/01/1999,1999,1999,0.01598293,0.019993008
1999,Cardiovascular_diseases,13720763,01/01/1999,1999,1999,0.287936227,0.303913536
1999,Chronic_kidney_disease,785380,01/01/1999,1999,1999,0.016481544,0.019471265
1999,Chronic_respiratory_diseases,3419612,01/01/1999,1999,1999,0.071762057,0.0712594
1999,Cirrhosis_and_other_chronic_liver_diseases,1158552,01/01/1999,1999,1999,0.024312722,0.025456959
1999,Conflict_and_terrorism,141860,01/01/1999,1999,1999,0.002976994,0.002259519
1999,Diabetes_mellitus,879521,01/01/1999,1999,1999,0.018457134,0.021199271
1999,Diarrheal_diseases,2496957,01/01/1999,1999,1999,0.052399737,0.045748625
1999,Digestive_diseases,2054201,01/01/1999,1999,1999,0.043108309,0.044627564
1999,Drowning,397169,01/01/1999,1999,1999,0.008334766,0.007123639
1999,Drug_use_disorders,87336,01/01/1999,1999,1999,0.001832784,0.001798128
1999,Environmental_heat_and_cold_exposure,63375,01/01/1999,1999,1999,0.001329952,0.001228023
1999,Exposure_to_forces_of_nature,69591,01/01/1999,1999,1999,0.001460398,0.001022777
1999,Fire__heat__and_hot_substances,125921,01/01/1999,1999,1999,0.002642507,0.002468261
1999,HIV_AIDS,1439777,01/01/1999,1999,1999,0.030214352,0.02466589
1999,Interpersonal_violence,440642,01/01/1999,1999,1999,0.009247066,0.008711163
1999,Lower_respiratory_infections,2950639,01/01/1999,1999,1999,0.061920453,0.057557503
1999,Malaria,893788,01/01/1999,1999,1999,0.018756533,0.01737756
1999,Maternal_disorders,288836,01/01/1999,1999,1999,0.00606135,0.005317571
1999,Meningitis,390136,01/01/1999,1999,1999,0.008187175,0.007257858
1999,Neonatal_disorders,2766241,01/01/1999,1999,1999,0.05805078,0.052867887
1999,Neoplasms,6857548,01/01/1999,1999,1999,0.143908651,0.155618169
1999,Nutritional_deficiencies,593417,01/01/1999,1999,1999,0.012453116,0.009616495
1999,Parkinson_s_disease,191538,01/01/1999,1999,1999,0.004019509,0.004833124
1999,Poisonings,87333,01/01/1999,1999,1999,0.001832721,0.001780571
1999,Protein_energy_malnutrition,527431,01/01/1999,1999,1999,0.011068371,0.00839153
1999,Road_injuries_,1195303,01/01/1999,1999,1999,0.025083957,0.024763379
1999,Self_harm,840850,01/01/1999,1999,1999,0.017645606,0.016216242
1999,Tuberculosis,1719130,01/01/1999,1999,1999,0.036076697,0.031556513
2000,Acute_hepatitis,144124,01/01/2000,2000,2000,0.002999439,0.002617653
2000,Alcohol_use_disorders,166094,01/01/2000,2000,2000,0.003456668,0.003280917
2000,Alzheimer_s_disease_and_other_dementias,786615,01/01/2000,2000,2000,0.016370652,0.019993008
2000,Cardiovascular_diseases,13957078,01/01/2000,2000,2000,0.290467969,0.303913536
2000,Chronic_kidney_disease,814854,01/01/2000,2000,2000,0.016958348,0.019471265
2000,Chronic_respiratory_diseases,3450006,01/01/2000,2000,2000,0.071799859,0.0712594
2000,Cirrhosis_and_other_chronic_liver_diseases,1177628,01/01/2000,2000,2000,0.024508225,0.025456959
2000,Conflict_and_terrorism,120011,01/01/2000,2000,2000,0.002497611,0.002259519
2000,Diabetes_mellitus,905965,01/01/2000,2000,2000,0.018854506,0.021199271
2000,Diarrheal_diseases,2440570,01/01/2000,2000,2000,0.050791965,0.045748625
2000,Digestive_diseases,2079551,01/01/2000,2000,2000,0.043278611,0.044627564
2000,Drowning,387627,01/01/2000,2000,2000,0.008067106,0.007123639
2000,Drug_use_disorders,89690,01/01/2000,2000,2000,0.001866585,0.001798128
2000,Environmental_heat_and_cold_exposure,65450,01/01/2000,2000,2000,0.001362114,0.001228023
2000,Exposure_to_forces_of_nature,8918,01/01/2000,2000,2000,0.000185597,0.001022777
2000,Fire__heat__and_hot_substances,126659,01/01/2000,2000,2000,0.002635966,0.002468261
2000,HIV_AIDS,1559389,01/01/2000,2000,2000,0.032453251,0.02466589
2000,Interpersonal_violence,450393,01/01/2000,2000,2000,0.009373362,0.008711163
2000,Lower_respiratory_infections,2895698,01/01/2000,2000,2000,0.060263869,0.057557503
2000,Malaria,882055,01/01/2000,2000,2000,0.018356903,0.01737756
2000,Maternal_disorders,287027,01/01/2000,2000,2000,0.005973467,0.005317571
2000,Meningitis,385994,01/01/2000,2000,2000,0.008033121,0.007257858
2000,Neonatal_disorders,2739290,01/01/2000,2000,2000,0.057008781,0.052867887
2000,Neoplasms,7001927,01/01/2000,2000,2000,0.145720724,0.155618169
2000,Nutritional_deficiencies,568454,01/01/2000,2000,2000,0.01183039,0.009616495
2000,Parkinson_s_disease,198545,01/01/2000,2000,2000,0.004132023,0.004833124
2000,Poisonings,88799,01/01/2000,2000,2000,0.001848042,0.001780571
2000,Protein_energy_malnutrition,505874,01/01/2000,2000,2000,0.010528005,0.00839153
2000,Road_injuries_,1212355,01/01/2000,2000,2000,0.025230947,0.024763379
2000,Self_harm,839249,01/01/2000,2000,2000,0.017466045,0.016216242
2000,Tuberculosis,1714428,01/01/2000,2000,2000,0.035679848,0.031556513
2001,Acute_hepatitis,140143,01/01/2001,2001,2001,0.002896373,0.002617653
2001,Alcohol_use_disorders,170787,01/01/2001,2001,2001,0.0035297,0.003280917
2001,Alzheimer_s_disease_and_other_dementias,814526,01/01/2001,2001,2001,0.016834026,0.019993008
2001,Cardiovascular_diseases,14185571,01/01/2001,2001,2001,0.293176979,0.303913536
2001,Chronic_kidney_disease,842790,01/01/2001,2001,2001,0.017418166,0.019471265
2001,Chronic_respiratory_diseases,3465831,01/01/2001,2001,2001,0.071629254,0.0712594
2001,Cirrhosis_and_other_chronic_liver_diseases,1200250,01/01/2001,2001,2001,0.024805887,0.025456959
2001,Conflict_and_terrorism,67069,01/01/2001,2001,2001,0.001386133,0.002259519
2001,Diabetes_mellitus,934841,01/01/2001,2001,2001,0.019320608,0.021199271
2001,Diarrheal_diseases,2378465,01/01/2001,2001,2001,0.04915637,0.045748625
2001,Digestive_diseases,2107791,01/01/2001,2001,2001,0.043562279,0.044627564
2001,Drowning,375917,01/01/2001,2001,2001,0.007769177,0.007123639
2001,Drug_use_disorders,87325,01/01/2001,2001,2001,0.001804769,0.001798128
2001,Environmental_heat_and_cold_exposure,66743,01/01/2001,2001,2001,0.001379395,0.001228023
2001,Exposure_to_forces_of_nature,29497,01/01/2001,2001,2001,0.000609622,0.001022777
2001,Fire__heat__and_hot_substances,126427,01/01/2001,2001,2001,0.002612901,0.002468261
2001,HIV_AIDS,1662064,01/01/2001,2001,2001,0.03435032,0.02466589
2001,Interpersonal_violence,451206,01/01/2001,2001,2001,0.009325195,0.008711163
2001,Lower_respiratory_infections,2830457,01/01/2001,2001,2001,0.05849781,0.057557503
2001,Malaria,912709,01/01/2001,2001,2001,0.0188632,0.01737756
2001,Maternal_disorders,282455,01/01/2001,2001,2001,0.005837573,0.005317571
2001,Meningitis,379912,01/01/2001,2001,2001,0.007851743,0.007257858
2001,Neonatal_disorders,2710195,01/01/2001,2001,2001,0.056012323,0.052867887
2001,Neoplasms,7114269,01/01/2001,2001,2001,0.147032495,0.155618169
2001,Nutritional_deficiencies,542565,01/01/2001,2001,2001,0.011213336,0.009616495
2001,Parkinson_s_disease,206194,01/01/2001,2001,2001,0.004261466,0.004833124
2001,Poisonings,89294,01/01/2001,2001,2001,0.001845463,0.001780571
2001,Protein_energy_malnutrition,483074,01/01/2001,2001,2001,0.009983819,0.00839153
2001,Road_injuries_,1224220,01/01/2001,2001,2001,0.025301281,0.024763379
2001,Self_harm,820745,01/01/2001,2001,2001,0.016962556,0.016216242
2001,Tuberculosis,1682360,01/01/2001,2001,2001,0.034769783,0.031556513
2002,Acute_hepatitis,134941,01/01/2002,2002,2002,0.002759697,0.002617653
2002,Alcohol_use_disorders,175317,01/01/2002,2002,2002,0.003585432,0.003280917
2002,Alzheimer_s_disease_and_other_dementias,845695,01/01/2002,2002,2002,0.017295426,0.019993008
2002,Cardiovascular_diseases,14501696,01/01/2002,2002,2002,0.296576207,0.303913536
2002,Chronic_kidney_disease,874109,01/01/2002,2002,2002,0.017876525,0.019471265
2002,Chronic_respiratory_diseases,3490310,01/01/2002,2002,2002,0.071380817,0.0712594
2002,Cirrhosis_and_other_chronic_liver_diseases,1227607,01/01/2002,2002,2002,0.025105962,0.025456959
2002,Conflict_and_terrorism,66414,01/01/2002,2002,2002,0.001358242,0.002259519
2002,Diabetes_mellitus,970544,01/01/2002,2002,2002,0.019848731,0.021199271
2002,Diarrheal_diseases,2312641,01/01/2002,2002,2002,0.047296144,0.045748625
2002,Digestive_diseases,2143976,01/01/2002,2002,2002,0.043846752,0.044627564
2002,Drowning,361967,01/01/2002,2002,2002,0.007402638,0.007123639
2002,Drug_use_disorders,84750,01/01/2002,2002,2002,0.001733234,0.001798128
2002,Environmental_heat_and_cold_exposure,69939,01/01/2002,2002,2002,0.001430332,0.001228023
2002,Exposure_to_forces_of_nature,8908,01/01/2002,2002,2002,0.000182179,0.001022777
2002,Fire__heat__and_hot_substances,125532,01/01/2002,2002,2002,0.002567272,0.002468261
2002,HIV_AIDS,1746104,01/01/2002,2002,2002,0.035709816,0.02466589
2002,Interpersonal_violence,462331,01/01/2002,2002,2002,0.009455196,0.008711163
2002,Lower_respiratory_infections,2788706,01/01/2002,2002,2002,0.057032215,0.057557503
2002,Malaria,929195,01/01/2002,2002,2002,0.019003097,0.01737756
2002,Maternal_disorders,276253,01/01/2002,2002,2002,0.005649689,0.005317571
2002,Meningitis,372298,01/01/2002,2002,2002,0.007613918,0.007257858
2002,Neonatal_disorders,2691320,01/01/2002,2002,2002,0.055040561,0.052867887
2002,Neoplasms,7253993,01/01/2002,2002,2002,0.148352422,0.155618169
2002,Nutritional_deficiencies,517754,01/01/2002,2002,2002,0.010588659,0.009616495
2002,Parkinson_s_disease,214930,01/01/2002,2002,2002,0.004395563,0.004833124
2002,Poisonings,89920,01/01/2002,2002,2002,0.001838966,0.001780571
2002,Protein_energy_malnutrition,462083,01/01/2002,2002,2002,0.009450124,0.00839153
2002,Road_injuries_,1237109,01/01/2002,2002,2002,0.025300289,0.024763379
2002,Self_harm,811199,01/01/2002,2002,2002,0.016589944,0.016216242
2002,Tuberculosis,1649490,01/01/2002,2002,2002,0.03373395,0.031556513
2003,Acute_hepatitis,130158,01/01/2003,2003,2003,0.002649583,0.002617653
2003,Alcohol_use_disorders,178889,01/01/2003,2003,2003,0.003641584,0.003280917
2003,Alzheimer_s_disease_and_other_dementias,877011,01/01/2003,2003,2003,0.017853022,0.019993008
2003,Cardiovascular_diseases,14710723,01/01/2003,2003,2003,0.29946131,0.303913536
2003,Chronic_kidney_disease,902200,01/01/2003,2003,2003,0.018365786,0.019471265
2003,Chronic_respiratory_diseases,3491643,01/01/2003,2003,2003,0.071078219,0.0712594
2003,Cirrhosis_and_other_chronic_liver_diseases,1251776,01/01/2003,2003,2003,0.025481989,0.025456959
2003,Conflict_and_terrorism,71044,01/01/2003,2003,2003,0.001446219,0.002259519
2003,Diabetes_mellitus,1000276,01/01/2003,2003,2003,0.020362287,0.021199271
2003,Diarrheal_diseases,2242961,01/01/2003,2003,2003,0.045659213,0.045748625
2003,Digestive_diseases,2173729,01/01/2003,2003,2003,0.04424988,0.044627564
2003,Drowning,347745,01/01/2003,2003,2003,0.00707893,0.007123639
2003,Drug_use_disorders,82250,01/01/2003,2003,2003,0.001674336,0.001798128
2003,Environmental_heat_and_cold_exposure,71950,01/01/2003,2003,2003,0.001464662,0.001228023
2003,Exposure_to_forces_of_nature,35474,01/01/2003,2003,2003,0.000722132,0.001022777
2003,Fire__heat__and_hot_substances,125730,01/01/2003,2003,2003,0.002559444,0.002468261
2003,HIV_AIDS,1808445,01/01/2003,2003,2003,0.036813915,0.02466589
2003,Interpersonal_violence,446701,01/01/2003,2003,2003,0.009093344,0.008711163
2003,Lower_respiratory_infections,2746549,01/01/2003,2003,2003,0.055910587,0.057557503
2003,Malaria,959654,01/01/2003,2003,2003,0.019535358,0.01737756
2003,Maternal_disorders,269425,01/01/2003,2003,2003,0.005484595,0.005317571
2003,Meningitis,369171,01/01/2003,2003,2003,0.007515092,0.007257858
2003,Neonatal_disorders,2671242,01/01/2003,2003,2003,0.054377588,0.052867887
2003,Neoplasms,7388299,01/01/2003,2003,2003,0.150401153,0.155618169
2003,Nutritional_deficiencies,417264,01/01/2003,2003,2003,0.008494105,0.009616495
2003,Parkinson_s_disease,222256,01/01/2003,2003,2003,0.004524392,0.004833124
2003,Poisonings,90634,01/01/2003,2003,2003,0.001845006,0.001780571
2003,Protein_energy_malnutrition,365742,01/01/2003,2003,2003,0.007445289,0.00839153
2003,Road_injuries_,1248216,01/01/2003,2003,2003,0.025409519,0.024763379
2003,Self_harm,814533,01/01/2003,2003,2003,0.016581178,0.016216242
2003,Tuberculosis,1612262,01/01/2003,2003,2003,0.032820283,0.031556513
2004,Acute_hepatitis,127953,01/01/2004,2004,2004,0.002593808,0.002617653
2004,Alcohol_use_disorders,180491,01/01/2004,2004,2004,0.003658836,0.003280917
2004,Alzheimer_s_disease_and_other_dementias,909148,01/01/2004,2004,2004,0.018429857,0.019993008
2004,Cardiovascular_diseases,14745985,01/01/2004,2004,2004,0.298924263,0.303913536
2004,Chronic_kidney_disease,922921,01/01/2004,2004,2004,0.018709057,0.019471265
2004,Chronic_respiratory_diseases,3462850,01/01/2004,2004,2004,0.070197405,0.0712594
2004,Cirrhosis_and_other_chronic_liver_diseases,1266574,01/01/2004,2004,2004,0.025675443,0.025456959
2004,Conflict_and_terrorism,70502,01/01/2004,2004,2004,0.001429186,0.002259519
2004,Diabetes_mellitus,1018138,01/01/2004,2004,2004,0.020639255,0.021199271
2004,Diarrheal_diseases,2166496,01/01/2004,2004,2004,0.043918275,0.045748625
2004,Digestive_diseases,2187927,01/01/2004,2004,2004,0.044352715,0.044627564
2004,Drowning,338417,01/01/2004,2004,2004,0.006860244,0.007123639
2004,Drug_use_disorders,81843,01/01/2004,2004,2004,0.001659086,0.001798128
2004,Environmental_heat_and_cold_exposure,67144,01/01/2004,2004,2004,0.001361114,0.001228023
2004,Exposure_to_forces_of_nature,242430,01/01/2004,2004,2004,0.004914437,0.001022777
2004,Fire__heat__and_hot_substances,123651,01/01/2004,2004,2004,0.0025066,0.002468261
2004,HIV_AIDS,1842954,01/01/2004,2004,2004,0.03735957,0.02466589
2004,Interpersonal_violence,440855,01/01/2004,2004,2004,0.008936823,0.008711163
2004,Lower_respiratory_infections,2697064,01/01/2004,2004,2004,0.054673721,0.057557503
2004,Malaria,960784,01/01/2004,2004,2004,0.0194766,0.01737756
2004,Maternal_disorders,265279,01/01/2004,2004,2004,0.005377622,0.005317571
2004,Meningitis,363462,01/01/2004,2004,2004,0.007367945,0.007257858
2004,Neonatal_disorders,2647814,01/01/2004,2004,2004,0.053675346,0.052867887
2004,Neoplasms,7504504,01/01/2004,2004,2004,0.152128076,0.155618169
2004,Nutritional_deficiencies,393952,01/01/2004,2004,2004,0.007986025,0.009616495
2004,Parkinson_s_disease,227695,01/01/2004,2004,2004,0.004615735,0.004833124
2004,Poisonings,91455,01/01/2004,2004,2004,0.001853936,0.001780571
2004,Protein_energy_malnutrition,345527,01/01/2004,2004,2004,0.007004375,0.00839153
2004,Road_injuries_,1258547,01/01/2004,2004,2004,0.025512723,0.024763379
2004,Self_harm,819290,01/01/2004,2004,2004,0.016608294,0.016216242
2004,Tuberculosis,1558519,01/01/2004,2004,2004,0.031593627,0.031556513
2005,Acute_hepatitis,128197,01/01/2005,2005,2005,0.002585039,0.002617653
2005,Alcohol_use_disorders,181704,01/01/2005,2005,2005,0.003663985,0.003280917
2005,Alzheimer_s_disease_and_other_dementias,945619,01/01/2005,2005,2005,0.01906801,0.019993008
2005,Cardiovascular_diseases,14995528,01/01/2005,2005,2005,0.302378519,0.303913536
2005,Chronic_kidney_disease,956457,01/01/2005,2005,2005,0.019286553,0.019471265
2005,Chronic_respiratory_diseases,3479174,01/01/2005,2005,2005,0.070156081,0.0712594
2005,Cirrhosis_and_other_chronic_liver_diseases,1293978,01/01/2005,2005,2005,0.026092522,0.025456959
2005,Conflict_and_terrorism,59507,01/01/2005,2005,2005,0.001199934,0.002259519
2005,Diabetes_mellitus,1050925,01/01/2005,2005,2005,0.021191461,0.021199271
2005,Diarrheal_diseases,2125961,01/01/2005,2005,2005,0.04286911,0.045748625
2005,Digestive_diseases,2226154,01/01/2005,2005,2005,0.04488946,0.044627564
2005,Drowning,332705,01/01/2005,2005,2005,0.006708856,0.007123639
2005,Drug_use_disorders,84990,01/01/2005,2005,2005,0.001713788,0.001798128
2005,Environmental_heat_and_cold_exposure,68382,01/01/2005,2005,2005,0.001378894,0.001228023
2005,Exposure_to_forces_of_nature,88718,01/01/2005,2005,2005,0.001788961,0.001022777
2005,Fire__heat__and_hot_substances,124166,01/01/2005,2005,2005,0.002503755,0.002468261
2005,HIV_AIDS,1832074,01/01/2005,2005,2005,0.036943002,0.02466589
2005,Interpersonal_violence,435946,01/01/2005,2005,2005,0.008790668,0.008711163
2005,Lower_respiratory_infections,2677818,01/01/2005,2005,2005,0.053997074,0.057557503
2005,Malaria,940540,01/01/2005,2005,2005,0.018965594,0.01737756
2005,Maternal_disorders,264407,01/01/2005,2005,2005,0.005331656,0.005317571
2005,Meningitis,361809,01/01/2005,2005,2005,0.007295726,0.007257858
2005,Neonatal_disorders,2620556,01/01/2005,2005,2005,0.05284241,0.052867887
2005,Neoplasms,7653588,01/01/2005,2005,2005,0.154331385,0.155618169
2005,Nutritional_deficiencies,376740,01/01/2005,2005,2005,0.007596804,0.009616495
2005,Parkinson_s_disease,236498,01/01/2005,2005,2005,0.004768883,0.004833124
2005,Poisonings,92064,01/01/2005,2005,2005,0.001856432,0.001780571
2005,Protein_energy_malnutrition,329849,01/01/2005,2005,2005,0.006651266,0.00839153
2005,Road_injuries_,1269243,01/01/2005,2005,2005,0.025593752,0.024763379
2005,Self_harm,826133,01/01/2005,2005,2005,0.016658625,0.016216242
2005,Tuberculosis,1532479,01/01/2005,2005,2005,0.030901795,0.031556513
2006,Acute_hepatitis,124737,01/01/2006,2006,2006,0.002523788,0.002617653
2006,Alcohol_use_disorders,177747,01/01/2006,2006,2006,0.003596332,0.003280917
2006,Alzheimer_s_disease_and_other_dementias,982308,01/01/2006,2006,2006,0.019874912,0.019993008
2006,Cardiovascular_diseases,14991661,01/01/2006,2006,2006,0.303324356,0.303913536
2006,Chronic_kidney_disease,981743,01/01/2006,2006,2006,0.01986348,0.019471265
2006,Chronic_respiratory_diseases,3461443,01/01/2006,2006,2006,0.070034933,0.0712594
2006,Cirrhosis_and_other_chronic_liver_diseases,1300281,01/01/2006,2006,2006,0.026308419,0.025456959
2006,Conflict_and_terrorism,74555,01/01/2006,2006,2006,0.001508462,0.002259519
2006,Diabetes_mellitus,1071057,01/01/2006,2006,2006,0.021670559,0.021199271
2006,Diarrheal_diseases,2109339,01/01/2006,2006,2006,0.042677986,0.045748625
2006,Digestive_diseases,2235326,01/01/2006,2006,2006,0.045227065,0.044627564
2006,Drowning,319875,01/01/2006,2006,2006,0.00647199,0.007123639
2006,Drug_use_disorders,85421,01/01/2006,2006,2006,0.001728312,0.001798128
2006,Environmental_heat_and_cold_exposure,64630,01/01/2006,2006,2006,0.001307651,0.001228023
2006,Exposure_to_forces_of_nature,19918,01/01/2006,2006,2006,0.000402998,0.001022777
2006,Fire__heat__and_hot_substances,121265,01/01/2006,2006,2006,0.002453539,0.002468261
2006,HIV_AIDS,1767868,01/01/2006,2006,2006,0.035769047,0.02466589
2006,Interpersonal_violence,427355,01/01/2006,2006,2006,0.008646619,0.008711163
2006,Lower_respiratory_infections,2645926,01/01/2006,2006,2006,0.053534682,0.057557503
2006,Malaria,941746,01/01/2006,2006,2006,0.019054226,0.01737756
2006,Maternal_disorders,259261,01/01/2006,2006,2006,0.005245595,0.005317571
2006,Meningitis,358973,01/01/2006,2006,2006,0.007263055,0.007257858
2006,Neonatal_disorders,2587061,01/01/2006,2006,2006,0.052343674,0.052867887
2006,Neoplasms,7722732,01/01/2006,2006,2006,0.156253047,0.155618169
2006,Nutritional_deficiencies,362476,01/01/2006,2006,2006,0.00733393,0.009616495
2006,Parkinson_s_disease,242749,01/01/2006,2006,2006,0.004911509,0.004833124
2006,Poisonings,89859,01/01/2006,2006,2006,0.001818106,0.001780571
2006,Protein_energy_malnutrition,316210,01/01/2006,2006,2006,0.006397836,0.00839153
2006,Road_injuries_,1267492,01/01/2006,2006,2006,0.025645003,0.024763379
2006,Self_harm,814138,01/01/2006,2006,2006,0.01647235,0.016216242
2006,Tuberculosis,1499369,01/01/2006,2006,2006,0.030336541,0.031556513
2007,Acute_hepatitis,120512,01/01/2007,2007,2007,0.002434821,0.002617653
2007,Alcohol_use_disorders,174006,01/01/2007,2007,2007,0.003515612,0.003280917
2007,Alzheimer_s_disease_and_other_dementias,1022057,01/01/2007,2007,2007,0.020649612,0.019993008
2007,Cardiovascular_diseases,15117363,01/01/2007,2007,2007,0.305430792,0.303913536
2007,Chronic_kidney_disease,1010311,01/01/2007,2007,2007,0.020412296,0.019471265
2007,Chronic_respiratory_diseases,3467408,01/01/2007,2007,2007,0.070055417,0.0712594
2007,Cirrhosis_and_other_chronic_liver_diseases,1311974,01/01/2007,2007,2007,0.026507087,0.025456959
2007,Conflict_and_terrorism,71286,01/01/2007,2007,2007,0.00144026,0.002259519
2007,Diabetes_mellitus,1092777,01/01/2007,2007,2007,0.022078437,0.021199271
2007,Diarrheal_diseases,2076357,01/01/2007,2007,2007,0.04195066,0.045748625
2007,Digestive_diseases,2251390,01/01/2007,2007,2007,0.045487022,0.044627564
2007,Drowning,311889,01/01/2007,2007,2007,0.006301397,0.007123639
2007,Drug_use_disorders,85962,01/01/2007,2007,2007,0.001736774,0.001798128
2007,Environmental_heat_and_cold_exposure,59791,01/01/2007,2007,2007,0.001208016,0.001228023
2007,Exposure_to_forces_of_nature,16200,01/01/2007,2007,2007,0.000327304,0.001022777
2007,Fire__heat__and_hot_substances,119600,01/01/2007,2007,2007,0.002416395,0.002468261
2007,HIV_AIDS,1669306,01/01/2007,2007,2007,0.033726613,0.02466589
2007,Interpersonal_violence,420025,01/01/2007,2007,2007,0.008486174,0.008711163
2007,Lower_respiratory_infections,2617221,01/01/2007,2007,2007,0.052878262,0.057557503
2007,Malaria,940193,01/01/2007,2007,2007,0.018995634,0.01737756
2007,Maternal_disorders,252551,01/01/2007,2007,2007,0.005102534,0.005317571
2007,Meningitis,352747,01/01/2007,2007,2007,0.007126891,0.007257858
2007,Neonatal_disorders,2549184,01/01/2007,2007,2007,0.051503644,0.052867887
2007,Neoplasms,7850705,01/01/2007,2007,2007,0.158615431,0.155618169
2007,Nutritional_deficiencies,347407,01/01/2007,2007,2007,0.007019002,0.009616495
2007,Parkinson_s_disease,250475,01/01/2007,2007,2007,0.00506059,0.004833124
2007,Poisonings,88475,01/01/2007,2007,2007,0.001787546,0.001780571
2007,Protein_energy_malnutrition,302088,01/01/2007,2007,2007,0.006103378,0.00839153
2007,Road_injuries_,1273318,01/01/2007,2007,2007,0.025726082,0.024763379
2007,Self_harm,802521,01/01/2007,2007,2007,0.016214112,0.016216242
2007,Tuberculosis,1470117,01/01/2007,2007,2007,0.029702204,0.031556513
2008,Acute_hepatitis,117273,01/01/2008,2008,2008,0.002340043,0.002617653
2008,Alcohol_use_disorders,171613,01/01/2008,2008,2008,0.003424333,0.003280917
2008,Alzheimer_s_disease_and_other_dementias,1065297,01/01/2008,2008,2008,0.021256735,0.019993008
2008,Cardiovascular_diseases,15402070,01/01/2008,2008,2008,0.307329993,0.303913536
2008,Chronic_kidney_disease,1045743,01/01/2008,2008,2008,0.020866558,0.019471265
2008,Chronic_respiratory_diseases,3510195,01/01/2008,2008,2008,0.070041767,0.0712594
2008,Cirrhosis_and_other_chronic_liver_diseases,1330568,01/01/2008,2008,2008,0.026549902,0.025456959
2008,Conflict_and_terrorism,64695,01/01/2008,2008,2008,0.001290912,0.002259519
2008,Diabetes_mellitus,1122287,01/01/2008,2008,2008,0.022393903,0.021199271
2008,Diarrheal_diseases,2044769,01/01/2008,2008,2008,0.040800934,0.045748625
2008,Digestive_diseases,2280070,01/01/2008,2008,2008,0.045496086,0.044627564
2008,Drowning,304870,01/01/2008,2008,2008,0.006083318,0.007123639
2008,Drug_use_disorders,87077,01/01/2008,2008,2008,0.001737518,0.001798128
2008,Environmental_heat_and_cold_exposure,57763,01/01/2008,2008,2008,0.001152592,0.001228023
2008,Exposure_to_forces_of_nature,235751,01/01/2008,2008,2008,0.004704131,0.001022777
2008,Fire__heat__and_hot_substances,118269,01/01/2008,2008,2008,0.002359917,0.002468261
2008,HIV_AIDS,1559499,01/01/2008,2008,2008,0.031117948,0.02466589
2008,Interpersonal_violence,422800,01/01/2008,2008,2008,0.008436471,0.008711163
2008,Lower_respiratory_infections,2603124,01/01/2008,2008,2008,0.051942244,0.057557503
2008,Malaria,932910,01/01/2008,2008,2008,0.01861511,0.01737756
2008,Maternal_disorders,247899,01/01/2008,2008,2008,0.00494653,0.005317571
2008,Meningitis,343452,01/01/2008,2008,2008,0.006853176,0.007257858
2008,Neonatal_disorders,2515772,01/01/2008,2008,2008,0.050199239,0.052867887
2008,Neoplasms,8027173,01/01/2008,2008,2008,0.160172692,0.155618169
2008,Nutritional_deficiencies,335623,01/01/2008,2008,2008,0.006696958,0.009616495
2008,Parkinson_s_disease,260382,01/01/2008,2008,2008,0.005195613,0.004833124
2008,Poisonings,88687,01/01/2008,2008,2008,0.001769644,0.001780571
2008,Protein_energy_malnutrition,290690,01/01/2008,2008,2008,0.005800373,0.00839153
2008,Road_injuries_,1284333,01/01/2008,2008,2008,0.025627338,0.024763379
2008,Self_harm,797570,01/01/2008,2008,2008,0.015914561,0.016216242
2008,Tuberculosis,1447516,01/01/2008,2008,2008,0.028883461,0.031556513
2009,Acute_hepatitis,112643,01/01/2009,2009,2009,0.002257345,0.002617653
2009,Alcohol_use_disorders,166736,01/01/2009,2009,2009,0.003341358,0.003280917
2009,Alzheimer_s_disease_and_other_dementias,1109405,01/01/2009,2009,2009,0.022232268,0.019993008
2009,Cardiovascular_diseases,15552545,01/01/2009,2009,2009,0.311670089,0.303913536
2009,Chronic_kidney_disease,1074048,01/01/2009,2009,2009,0.021523721,0.019471265
2009,Chronic_respiratory_diseases,3498126,01/01/2009,2009,2009,0.07010179,0.0712594
2009,Cirrhosis_and_other_chronic_liver_diseases,1330408,01/01/2009,2009,2009,0.026661127,0.025456959
2009,Conflict_and_terrorism,71582,01/01/2009,2009,2009,0.00143449,0.002259519
2009,Diabetes_mellitus,1142391,01/01/2009,2009,2009,0.022893302,0.021199271
2009,Diarrheal_diseases,1977248,01/01/2009,2009,2009,0.03962368,0.045748625
2009,Digestive_diseases,2279806,01/01/2009,2009,2009,0.045686885,0.044627564
2009,Drowning,296871,01/01/2009,2009,2009,0.005949239,0.007123639
2009,Drug_use_disorders,87025,01/01/2009,2009,2009,0.001743965,0.001798128
2009,Environmental_heat_and_cold_exposure,54835,01/01/2009,2009,2009,0.001098883,0.001228023
2009,Exposure_to_forces_of_nature,10975,01/01/2009,2009,2009,0.000219937,0.001022777
2009,Fire__heat__and_hot_substances,116177,01/01/2009,2009,2009,0.002328165,0.002468261
2009,HIV_AIDS,1453258,01/01/2009,2009,2009,0.029123018,0.02466589
2009,Interpersonal_violence,422750,01/01/2009,2009,2009,0.008471831,0.008711163
2009,Lower_respiratory_infections,2571405,01/01/2009,2009,2009,0.051530475,0.057557503
2009,Malaria,917796,01/01/2009,2009,2009,0.01839246,0.01737756
2009,Maternal_disorders,244175,01/01/2009,2009,2009,0.004893221,0.005317571
2009,Meningitis,336868,01/01/2009,2009,2009,0.006750772,0.007257858
2009,Neonatal_disorders,2475066,01/01/2009,2009,2009,0.049599859,0.052867887
2009,Neoplasms,8167640,01/01/2009,2009,2009,0.163677976,0.155618169
2009,Nutritional_deficiencies,322879,01/01/2009,2009,2009,0.006470435,0.009616495
2009,Parkinson_s_disease,267738,01/01/2009,2009,2009,0.005365419,0.004833124
2009,Poisonings,87902,01/01/2009,2009,2009,0.00176154,0.001780571
2009,Protein_energy_malnutrition,279325,01/01/2009,2009,2009,0.005597621,0.00839153
2009,Road_injuries_,1281669,01/01/2009,2009,2009,0.025684407,0.024763379
2009,Self_harm,785883,01/01/2009,2009,2009,0.015748948,0.016216242
2009,Tuberculosis,1405491,01/01/2009,2009,2009,0.028165776,0.031556513
2010,Acute_hepatitis,109556,01/01/2010,2010,2010,0.002172748,0.002617653
2010,Alcohol_use_disorders,164313,01/01/2010,2010,2010,0.003258706,0.003280917
2010,Alzheimer_s_disease_and_other_dementias,1155944,01/01/2010,2010,2010,0.022925037,0.019993008
2010,Cardiovascular_diseases,15838151,01/01/2010,2010,2010,0.314107088,0.303913536
2010,Chronic_kidney_disease,1107473,01/01/2010,2010,2010,0.021963746,0.019471265
2010,Chronic_respiratory_diseases,3509920,01/01/2010,2010,2010,0.069609814,0.0712594
2010,Cirrhosis_and_other_chronic_liver_diseases,1340704,01/01/2010,2010,2010,0.026589255,0.025456959
2010,Conflict_and_terrorism,54467,01/01/2010,2010,2010,0.001080206,0.002259519
2010,Diabetes_mellitus,1165663,01/01/2010,2010,2010,0.023117788,0.021199271
2010,Diarrheal_diseases,1928704,01/01/2010,2010,2010,0.038250652,0.045748625
2010,Digestive_diseases,2298319,01/01/2010,2010,2010,0.04558097,0.044627564
2010,Drowning,290831,01/01/2010,2010,2010,0.00576785,0.007123639
2010,Drug_use_disorders,88079,01/01/2010,2010,2010,0.00174681,0.001798128
2010,Environmental_heat_and_cold_exposure,58674,01/01/2010,2010,2010,0.001163641,0.001228023
2010,Exposure_to_forces_of_nature,241002,01/01/2010,2010,2010,0.004779626,0.001022777
2010,Fire__heat__and_hot_substances,115329,01/01/2010,2010,2010,0.00228724,0.002468261
2010,HIV_AIDS,1364619,01/01/2010,2010,2010,0.027063544,0.02466589
2010,Interpersonal_violence,417449,01/01/2010,2010,2010,0.008278977,0.008711163
2010,Lower_respiratory_infections,2545622,01/01/2010,2010,2010,0.050485559,0.057557503
2010,Malaria,909814,01/01/2010,2010,2010,0.018043711,0.01737756
2010,Maternal_disorders,239749,01/01/2010,2010,2010,0.004754776,0.005317571
2010,Meningitis,326778,01/01/2010,2010,2010,0.006480762,0.007257858
2010,Neonatal_disorders,2428939,01/01/2010,2010,2010,0.048171466,0.052867887
2010,Neoplasms,8329288,01/01/2010,2010,2010,0.165189004,0.155618169
2010,Nutritional_deficiencies,322187,01/01/2010,2010,2010,0.006389712,0.009616495
2010,Parkinson_s_disease,276188,01/01/2010,2010,2010,0.005477445,0.004833124
2010,Poisonings,87632,01/01/2010,2010,2010,0.001737945,0.001780571
2010,Protein_energy_malnutrition,279144,01/01/2010,2010,2010,0.00553607,0.00839153
2010,Road_injuries_,1278839,01/01/2010,2010,2010,0.025362329,0.024763379
2010,Self_harm,784456,01/01/2010,2010,2010,0.015557573,0.016216242
2010,Tuberculosis,1364942,01/01/2010,2010,2010,0.02706995,0.031556513
2011,Acute_hepatitis,106549,01/01/2011,2011,2011,0.00211351,0.002617653
2011,Alcohol_use_disorders,161372,01/01/2011,2011,2011,0.003200981,0.003280917
2011,Alzheimer_s_disease_and_other_dementias,1201138,01/01/2011,2011,2011,0.023825814,0.019993008
2011,Cardiovascular_diseases,16038263,01/01/2011,2011,2011,0.318135533,0.303913536
2011,Chronic_kidney_disease,1143219,01/01/2011,2011,2011,0.022676931,0.019471265
2011,Chronic_respiratory_diseases,3539167,01/01/2011,2011,2011,0.070203037,0.0712594
2011,Cirrhosis_and_other_chronic_liver_diseases,1348880,01/01/2011,2011,2011,0.02675643,0.025456959
2011,Conflict_and_terrorism,62900,01/01/2011,2011,2011,0.001247687,0.002259519
2011,Diabetes_mellitus,1197995,01/01/2011,2011,2011,0.02376347,0.021199271
2011,Diarrheal_diseases,1902762,01/01/2011,2011,2011,0.037743252,0.045748625
2011,Digestive_diseases,2316484,01/01/2011,2011,2011,0.045949856,0.044627564
2011,Drowning,281106,01/01/2011,2011,2011,0.005576028,0.007123639
2011,Drug_use_disorders,89322,01/01/2011,2011,2011,0.001771794,0.001798128
2011,Environmental_heat_and_cold_exposure,51638,01/01/2011,2011,2011,0.001024293,0.001228023
2011,Exposure_to_forces_of_nature,31850,01/01/2011,2011,2011,0.000631778,0.001022777
2011,Fire__heat__and_hot_substances,113655,01/01/2011,2011,2011,0.002254464,0.002468261
2011,HIV_AIDS,1283719,01/01/2011,2011,2011,0.025463894,0.02466589
2011,Interpersonal_violence,413880,01/01/2011,2011,2011,0.008209738,0.008711163
2011,Lower_respiratory_infections,2527899,01/01/2011,2011,2011,0.050143491,0.057557503
2011,Malaria,868564,01/01/2011,2011,2011,0.017228865,0.01737756
2011,Maternal_disorders,234669,01/01/2011,2011,2011,0.004654902,0.005317571
2011,Meningitis,312733,01/01/2011,2011,2011,0.006203382,0.007257858
2011,Neonatal_disorders,2383664,01/01/2011,2011,2011,0.047282441,0.052867887
2011,Neoplasms,8468793,01/01/2011,2011,2011,0.167987267,0.155618169
2011,Nutritional_deficiencies,314327,01/01/2011,2011,2011,0.006235001,0.009616495
2011,Parkinson_s_disease,284488,01/01/2011,2011,2011,0.005643114,0.004833124
2011,Poisonings,86099,01/01/2011,2011,2011,0.001707863,0.001780571
2011,Protein_energy_malnutrition,271516,01/01/2011,2011,2011,0.005385801,0.00839153
2011,Road_injuries_,1267737,01/01/2011,2011,2011,0.025146874,0.024763379
2011,Self_harm,777218,01/01/2011,2011,2011,0.015416923,0.016216242
2011,Tuberculosis,1331697,01/01/2011,2011,2011,0.026415587,0.031556513
2012,Acute_hepatitis,104589,01/01/2012,2012,2012,0.002067072,0.002617653
2012,Alcohol_use_disorders,159381,01/01/2012,2012,2012,0.003149968,0.003280917
2012,Alzheimer_s_disease_and_other_dementias,1247515,01/01/2012,2012,2012,0.02465559,0.019993008
2012,Cardiovascular_diseases,16245243,01/01/2012,2012,2012,0.321067119,0.303913536
2012,Chronic_kidney_disease,1176295,01/01/2012,2012,2012,0.023248015,0.019471265
2012,Chronic_respiratory_diseases,3558276,01/01/2012,2012,2012,0.070324921,0.0712594
2012,Cirrhosis_and_other_chronic_liver_diseases,1354358,01/01/2012,2012,2012,0.026767209,0.025456959
2012,Conflict_and_terrorism,112295,01/01/2012,2012,2012,0.002219372,0.002259519
2012,Diabetes_mellitus,1236606,01/01/2012,2012,2012,0.024439987,0.021199271
2012,Diarrheal_diseases,1834769,01/01/2012,2012,2012,0.036261938,0.045748625
2012,Digestive_diseases,2329472,01/01/2012,2012,2012,0.046039131,0.044627564
2012,Drowning,275585,01/01/2012,2012,2012,0.005446596,0.007123639
2012,Drug_use_disorders,90934,01/01/2012,2012,2012,0.001797198,0.001798128
2012,Environmental_heat_and_cold_exposure,51418,01/01/2012,2012,2012,0.001016213,0.001228023
2012,Exposure_to_forces_of_nature,8959,01/01/2012,2012,2012,0.000177064,0.001022777
2012,Fire__heat__and_hot_substances,112090,01/01/2012,2012,2012,0.00221532,0.002468261
2012,HIV_AIDS,1198698,01/01/2012,2012,2012,0.023690782,0.02466589
2012,Interpersonal_violence,417694,01/01/2012,2012,2012,0.008255205,0.008711163
2012,Lower_respiratory_infections,2526051,01/01/2012,2012,2012,0.049924271,0.057557503
2012,Malaria,806183,01/01/2012,2012,2012,0.015933209,0.01737756
2012,Maternal_disorders,227177,01/01/2012,2012,2012,0.004489872,0.005317571
2012,Meningitis,300091,01/01/2012,2012,2012,0.005930927,0.007257858
2012,Neonatal_disorders,2339979,01/01/2012,2012,2012,0.046246788,0.052867887
2012,Neoplasms,8611952,01/01/2012,2012,2012,0.170204571,0.155618169
2012,Nutritional_deficiencies,298117,01/01/2012,2012,2012,0.005891913,0.009616495
2012,Parkinson_s_disease,293123,01/01/2012,2012,2012,0.005793213,0.004833124
2012,Poisonings,84595,01/01/2012,2012,2012,0.001671915,0.001780571
2012,Protein_energy_malnutrition,255541,01/01/2012,2012,2012,0.005050452,0.00839153
2012,Road_injuries_,1255450,01/01/2012,2012,2012,0.024812415,0.024763379
2012,Self_harm,767020,01/01/2012,2012,2012,0.015159201,0.016216242
2012,Tuberculosis,1318198,01/01/2012,2012,2012,0.026052552,0.031556513
2013,Acute_hepatitis,98898,01/01/2013,2013,2013,0.001941783,0.002617653
2013,Alcohol_use_disorders,158848,01/01/2013,2013,2013,0.003118853,0.003280917
2013,Alzheimer_s_disease_and_other_dementias,1294701,01/01/2013,2013,2013,0.025420412,0.019993008
2013,Cardiovascular_diseases,16490053,01/01/2013,2013,2013,0.323768921,0.303913536
2013,Chronic_kidney_disease,1214187,01/01/2013,2013,2013,0.023839585,0.019471265
2013,Chronic_respiratory_diseases,3610804,01/01/2013,2013,2013,0.070895231,0.0712594
2013,Cirrhosis_and_other_chronic_liver_diseases,1359145,01/01/2013,2013,2013,0.026685718,0.025456959
2013,Conflict_and_terrorism,117364,01/01/2013,2013,2013,0.002304348,0.002259519
2013,Diabetes_mellitus,1277414,01/01/2013,2013,2013,0.025080996,0.021199271
2013,Diarrheal_diseases,1788081,01/01/2013,2013,2013,0.035107532,0.045748625
2013,Digestive_diseases,2348963,01/01/2013,2013,2013,0.046119998,0.044627564
2013,Drowning,266827,01/01/2013,2013,2013,0.005238933,0.007123639
2013,Drug_use_disorders,94562,01/01/2013,2013,2013,0.001856649,0.001798128
2013,Environmental_heat_and_cold_exposure,49503,01/01/2013,2013,2013,0.000971952,0.001228023
2013,Exposure_to_forces_of_nature,26906,01/01/2013,2013,2013,0.000528278,0.001022777
2013,Fire__heat__and_hot_substances,111818,01/01/2013,2013,2013,0.002195456,0.002468261
2013,HIV_AIDS,1126196,01/01/2013,2013,2013,0.022111952,0.02466589
2013,Interpersonal_violence,415620,01/01/2013,2013,2013,0.008160364,0.008711163
2013,Lower_respiratory_infections,2537037,01/01/2013,2013,2013,0.04981268,0.057557503
2013,Malaria,751776,01/01/2013,2013,2013,0.014760517,0.01737756
2013,Maternal_disorders,223473,01/01/2013,2013,2013,0.004387713,0.005317571
2013,Meningitis,289502,01/01/2013,2013,2013,0.005684139,0.007257858
2013,Neonatal_disorders,2299343,01/01/2013,2013,2013,0.04514575,0.052867887
2013,Neoplasms,8757263,01/01/2013,2013,2013,0.171941812,0.155618169
2013,Nutritional_deficiencies,291451,01/01/2013,2013,2013,0.005722406,0.009616495
2013,Parkinson_s_disease,303488,01/01/2013,2013,2013,0.005958743,0.004833124
2013,Poisonings,83618,01/01/2013,2013,2013,0.001641772,0.001780571
2013,Protein_energy_malnutrition,249435,01/01/2013,2013,2013,0.004897456,0.00839153
2013,Road_injuries_,1232221,01/01/2013,2013,2013,0.024193668,0.024763379
2013,Self_harm,755568,01/01/2013,2013,2013,0.01483497,0.016216242
2013,Tuberculosis,1307485,01/01/2013,2013,2013,0.025671416,0.031556513
2014,Acute_hepatitis,92845,01/01/2014,2014,2014,0.00181096,0.002617653
2014,Alcohol_use_disorders,159291,01/01/2014,2014,2014,0.003107003,0.003280917
2014,Alzheimer_s_disease_and_other_dementias,1343756,01/01/2014,2014,2014,0.026210232,0.019993008
2014,Cardiovascular_diseases,16715810,01/01/2014,2014,2014,0.326045247,0.303913536
2014,Chronic_kidney_disease,1247378,01/01/2014,2014,2014,0.02433036,0.019471265
2014,Chronic_respiratory_diseases,3651653,01/01/2014,2014,2014,0.071226229,0.0712594
2014,Cirrhosis_and_other_chronic_liver_diseases,1363403,01/01/2014,2014,2014,0.026593451,0.025456959
2014,Conflict_and_terrorism,187939,01/01/2014,2014,2014,0.003665788,0.002259519
2014,Diabetes_mellitus,1320608,01/01/2014,2014,2014,0.025758726,0.021199271
2014,Diarrheal_diseases,1725693,01/01/2014,2014,2014,0.03365999,0.045748625
2014,Digestive_diseases,2364063,01/01/2014,2014,2014,0.046111526,0.044627564
2014,Drowning,258489,01/01/2014,2014,2014,0.00504188,0.007123639
2014,Drug_use_disorders,99295,01/01/2014,2014,2014,0.001936769,0.001798128
2014,Environmental_heat_and_cold_exposure,48775,01/01/2014,2014,2014,0.000951366,0.001228023
2014,Exposure_to_forces_of_nature,7412,01/01/2014,2014,2014,0.000144573,0.001022777
2014,Fire__heat__and_hot_substances,110102,01/01/2014,2014,2014,0.002147562,0.002468261
2014,HIV_AIDS,1072970,01/01/2014,2014,2014,0.020928496,0.02466589
2014,Interpersonal_violence,413371,01/01/2014,2014,2014,0.008062885,0.008711163
2014,Lower_respiratory_infections,2532104,01/01/2014,2014,2014,0.049389199,0.057557503
2014,Malaria,724324,01/01/2014,2014,2014,0.014128086,0.01737756
2014,Maternal_disorders,214881,01/01/2014,2014,2014,0.004191297,0.005317571
2014,Meningitis,280438,01/01/2014,2014,2014,0.00547,0.007257858
2014,Neonatal_disorders,2237472,01/01/2014,2014,2014,0.043642343,0.052867887
2014,Neoplasms,8920309,01/01/2014,2014,2014,0.173992427,0.155618169
2014,Nutritional_deficiencies,284578,01/01/2014,2014,2014,0.005550751,0.009616495
2014,Parkinson_s_disease,312928,01/01/2014,2014,2014,0.006103724,0.004833124
2014,Poisonings,81976,01/01/2014,2014,2014,0.001598958,0.001780571
2014,Protein_energy_malnutrition,242956,01/01/2014,2014,2014,0.004738906,0.00839153
2014,Road_injuries_,1213989,01/01/2014,2014,2014,0.0236791,0.024763379
2014,Self_harm,744751,01/01/2014,2014,2014,0.014526519,0.016216242
2014,Tuberculosis,1294816,01/01/2014,2014,2014,0.025255647,0.031556513
2015,Acute_hepatitis,88750,01/01/2015,2015,2015,0.001711457,0.002617653
2015,Alcohol_use_disorders,160713,01/01/2015,2015,2015,0.003099194,0.003280917
2015,Alzheimer_s_disease_and_other_dementias,1394942,01/01/2015,2015,2015,0.026900097,0.019993008
2015,Cardiovascular_diseases,17089707,01/01/2015,2015,2015,0.329558344,0.303913536
2015,Chronic_kidney_disease,1286935,01/01/2015,2015,2015,0.024817287,0.019471265
2015,Chronic_respiratory_diseases,3690907,01/01/2015,2015,2015,0.071175544,0.0712594
2015,Cirrhosis_and_other_chronic_liver_diseases,1384947,01/01/2015,2015,2015,0.026707353,0.025456959
2015,Conflict_and_terrorism,167030,01/01/2015,2015,2015,0.003221011,0.002259519
2015,Diabetes_mellitus,1366100,01/01/2015,2015,2015,0.026343907,0.021199271
2015,Diarrheal_diseases,1679043,01/01/2015,2015,2015,0.032378708,0.045748625
2015,Digestive_diseases,2404387,01/01/2015,2015,2015,0.04636626,0.044627564
2015,Drowning,254237,01/01/2015,2015,2015,0.004902713,0.007123639
2015,Drug_use_disorders,105401,01/01/2015,2015,2015,0.002032556,0.001798128
2015,Environmental_heat_and_cold_exposure,51665,01/01/2015,2015,2015,0.000996309,0.001228023
2015,Exposure_to_forces_of_nature,15583,01/01/2015,2015,2015,0.000300503,0.001022777
2015,Fire__heat__and_hot_substances,110167,01/01/2015,2015,2015,0.002124463,0.002468261
2015,HIV_AIDS,1029667,01/01/2015,2015,2015,0.019856125,0.02466589
2015,Interpersonal_violence,416362,01/01/2015,2015,2015,0.008029135,0.008711163
2015,Lower_respiratory_infections,2533068,01/01/2015,2015,2015,0.048847748,0.057557503
2015,Malaria,702890,01/01/2015,2015,2015,0.013554549,0.01737756
2015,Maternal_disorders,208450,01/01/2015,2015,2015,0.004019755,0.005317571
2015,Meningitis,267789,01/01/2015,2015,2015,0.00516405,0.007257858
2015,Neonatal_disorders,2183143,01/01/2015,2015,2015,0.042099785,0.052867887
2015,Neoplasms,9133616,01/01/2015,2015,2015,0.176132883,0.155618169
2015,Nutritional_deficiencies,278793,01/01/2015,2015,2015,0.005376251,0.009616495
2015,Parkinson_s_disease,321782,01/01/2015,2015,2015,0.006205252,0.004833124
2015,Poisonings,80974,01/01/2015,2015,2015,0.001561505,0.001780571
2015,Protein_energy_malnutrition,237723,01/01/2015,2015,2015,0.004584256,0.00839153
2015,Road_injuries_,1201418,01/01/2015,2015,2015,0.023168175,0.024763379
2015,Self_harm,742648,01/01/2015,2015,2015,0.014321243,0.016216242
2015,Tuberculosis,1267556,01/01/2015,2015,2015,0.024443582,0.031556513
2016,Acute_hepatitis,84726,01/01/2016,2016,2016,0.001618841,0.002617653
2016,Alcohol_use_disorders,162047,01/01/2016,2016,2016,0.003096197,0.003280917
2016,Alzheimer_s_disease_and_other_dementias,1451840,01/01/2016,2016,2016,0.027739991,0.019993008
2016,Cardiovascular_diseases,17398709,01/01/2016,2016,2016,0.332433353,0.303913536
2016,Chronic_kidney_disease,1325004,01/01/2016,2016,2016,0.025316564,0.019471265
2016,Chronic_respiratory_diseases,3740794,01/01/2016,2016,2016,0.071474538,0.0712594
2016,Cirrhosis_and_other_chronic_liver_diseases,1404134,01/01/2016,2016,2016,0.026828483,0.025456959
2016,Conflict_and_terrorism,161637,01/01/2016,2016,2016,0.003088363,0.002259519
2016,Diabetes_mellitus,1412896,01/01/2016,2016,2016,0.026995897,0.021199271
2016,Diarrheal_diseases,1639826,01/01/2016,2016,2016,0.031331799,0.045748625
2016,Digestive_diseases,2439649,01/01/2016,2016,2016,0.046613843,0.044627564
2016,Drowning,248811,01/01/2016,2016,2016,0.004753978,0.007123639
2016,Drug_use_disorders,112875,01/01/2016,2016,2016,0.002156678,0.001798128
2016,Environmental_heat_and_cold_exposure,47495,01/01/2016,2016,2016,0.000907477,0.001228023
2016,Exposure_to_forces_of_nature,8672,01/01/2016,2016,2016,0.000165694,0.001022777
2016,Fire__heat__and_hot_substances,109840,01/01/2016,2016,2016,0.002098689,0.002468261
2016,HIV_AIDS,996098,01/01/2016,2016,2016,0.019032228,0.02466589
2016,Interpersonal_violence,412500,01/01/2016,2016,2016,0.007881548,0.008711163
2016,Lower_respiratory_infections,2516135,01/01/2016,2016,2016,0.048075245,0.057557503
2016,Malaria,660364,01/01/2016,2016,2016,0.012617431,0.01737756
2016,Maternal_disorders,203737,01/01/2016,2016,2016,0.003892759,0.005317571
2016,Meningitis,261246,01/01/2016,2016,2016,0.004991571,0.007257858
2016,Neonatal_disorders,2099079,01/01/2016,2016,2016,0.040106646,0.052867887
2016,Neoplasms,9336894,01/01/2016,2016,2016,0.178398005,0.155618169
2016,Nutritional_deficiencies,273191,01/01/2016,2016,2016,0.005219801,0.009616495
2016,Parkinson_s_disease,330736,01/01/2016,2016,2016,0.006319301,0.004833124
2016,Poisonings,79951,01/01/2016,2016,2016,0.001527606,0.001780571
2016,Protein_energy_malnutrition,232544,01/01/2016,2016,2016,0.004443168,0.00839153
2016,Road_injuries_,1193556,01/01/2016,2016,2016,0.022805015,0.024763379
2016,Self_harm,742925,01/01/2016,2016,2016,0.014194907,0.016216242
2016,Tuberculosis,1249524,01/01/2016,2016,2016,0.023874384,0.031556513
2017,Acute_hepatitis,82472,01/01/2017,2017,2017,0.001562273,0.002617653
2017,Alcohol_use_disorders,162599,01/01/2017,2017,2017,0.003080124,0.003280917
2017,Alzheimer_s_disease_and_other_dementias,1509646,01/01/2017,2017,2017,0.028597328,0.019993008
2017,Cardiovascular_diseases,17685890,01/01/2017,2017,2017,0.335025025,0.303913536
2017,Chronic_kidney_disease,1351349,01/01/2017,2017,2017,0.025598697,0.019471265
2017,Chronic_respiratory_diseases,3795946,01/01/2017,2017,2017,0.071906865,0.0712594
2017,Cirrhosis_and_other_chronic_liver_diseases,1425956,01/01/2017,2017,2017,0.027011982,0.025456959
2017,Conflict_and_terrorism,130737,01/01/2017,2017,2017,0.00247656,0.002259519
2017,Diabetes_mellitus,1454681,01/01/2017,2017,2017,0.027556122,0.021199271
2017,Diarrheal_diseases,1632183,01/01/2017,2017,2017,0.030918554,0.045748625
2017,Digestive_diseases,2478029,01/01/2017,2017,2017,0.046941473,0.044627564
2017,Drowning,241842,01/01/2017,2017,2017,0.00458123,0.007123639
2017,Drug_use_disorders,118324,01/01/2017,2017,2017,0.00224142,0.001798128
2017,Environmental_heat_and_cold_exposure,46276,01/01/2017,2017,2017,0.000876609,0.001228023
2017,Exposure_to_forces_of_nature,13309,01/01/2017,2017,2017,0.000252113,0.001022777
2017,Fire__heat__and_hot_substances,109165,01/01/2017,2017,2017,0.00206792,0.002468261
2017,HIV_AIDS,947006,01/01/2017,2017,2017,0.017939199,0.02466589
2017,Interpersonal_violence,417143,01/01/2017,2017,2017,0.007901968,0.008711163
2017,Lower_respiratory_infections,2487918,01/01/2017,2017,2017,0.047128801,0.057557503
2017,Malaria,629653,01/01/2017,2017,2017,0.01192756,0.01737756
2017,Maternal_disorders,199197,01/01/2017,2017,2017,0.003773402,0.005317571
2017,Meningitis,250132,01/01/2017,2017,2017,0.004738268,0.007257858
2017,Neonatal_disorders,2014896,01/01/2017,2017,2017,0.038168313,0.052867887
2017,Neoplasms,9529491,01/01/2017,2017,2017,0.1805178,0.155618169
2017,Nutritional_deficiencies,267463,01/01/2017,2017,2017,0.00506657,0.009616495
2017,Parkinson_s_disease,339343,01/01/2017,2017,2017,0.006428198,0.004833124
2017,Poisonings,78484,01/01/2017,2017,2017,0.001486728,0.001780571
2017,Protein_energy_malnutrition,227038,01/01/2017,2017,2017,0.004300796,0.00839153
2017,Road_injuries_,1188281,01/01/2017,2017,2017,0.022509688,0.024763379
2017,Self_harm,743620,01/01/2017,2017,2017,0.014086445,0.016216242
2017,Tuberculosis,1231689,01/01/2017,2017,2017,0.023331969,0.031556513
2018,Acute_hepatitis,80894,01/01/2018,2018,2018,0.00151076,0.002617653
2018,Alcohol_use_disorders,165462,01/01/2018,2018,2018,0.003090134,0.003280917
2018,Alzheimer_s_disease_and_other_dementias,1568617,01/01/2018,2018,2018,0.02929517,0.019993008
2018,Cardiovascular_diseases,18113910,01/01/2018,2018,2018,0.33829167,0.303913536
2018,Chronic_kidney_disease,1387668,01/01/2018,2018,2018,0.025915803,0.019471265
2018,Chronic_respiratory_diseases,3886637,01/01/2018,2018,2018,0.072586036,0.0712594
2018,Cirrhosis_and_other_chronic_liver_diseases,1447651,01/01/2018,2018,2018,0.027036033,0.025456959
2018,Conflict_and_terrorism,103407,01/01/2018,2018,2018,0.001931208,0.002259519
2018,Diabetes_mellitus,1501633,01/01/2018,2018,2018,0.02804419,0.021199271
2018,Diarrheal_diseases,1577953,01/01/2018,2018,2018,0.029469527,0.045748625
2018,Digestive_diseases,2515213,01/01/2018,2018,2018,0.046973602,0.044627564
2018,Drowning,240266,01/01/2018,2018,2018,0.004487159,0.007123639
2018,Drug_use_disorders,123095,01/01/2018,2018,2018,0.002298897,0.001798128
2018,Environmental_heat_and_cold_exposure,46272,01/01/2018,2018,2018,0.000864166,0.001228023
2018,Exposure_to_forces_of_nature,11082,01/01/2018,2018,2018,0.000206965,0.001022777
2018,Fire__heat__and_hot_substances,110642,01/01/2018,2018,2018,0.002066327,0.002468261
2018,HIV_AIDS,892341,01/01/2018,2018,2018,0.016665178,0.02466589
2018,Interpersonal_violence,419249,01/01/2018,2018,2018,0.007829808,0.008711163
2018,Lower_respiratory_infections,2486438,01/01/2018,2018,2018,0.046436206,0.057557503
2018,Malaria,631568,01/01/2018,2018,2018,0.011795034,0.01737756
2018,Maternal_disorders,198069,01/01/2018,2018,2018,0.003699096,0.005317571
2018,Meningitis,241666,01/01/2018,2018,2018,0.004513305,0.007257858
2018,Neonatal_disorders,1942350,01/01/2018,2018,2018,0.03627493,0.052867887
2018,Neoplasms,9791758,01/01/2018,2018,2018,0.182868865,0.155618169
2018,Nutritional_deficiencies,258094,01/01/2018,2018,2018,0.004820111,0.009616495
2018,Parkinson_s_disease,351322,01/01/2018,2018,2018,0.006561218,0.004833124
2018,Poisonings,77805,01/01/2018,2018,2018,0.00145307,0.001780571
2018,Protein_energy_malnutrition,218222,01/01/2018,2018,2018,0.004075469,0.00839153
2018,Road_injuries_,1195919,01/01/2018,2018,2018,0.022334738,0.024763379
2018,Self_harm,755125,01/01/2018,2018,2018,0.01410256,0.016216242
2018,Tuberculosis,1204916,01/01/2018,2018,2018,0.022502764,0.031556513
2019,Acute_hepatitis,79099,01/01/2019,2019,2019,0.00145688,0.002617653
2019,Alcohol_use_disorders,167781,01/01/2019,2019,2019,0.003090264,0.003280917
2019,Alzheimer_s_disease_and_other_dementias,1620797,01/01/2019,2019,2019,0.029852548,0.019993008
2019,Cardiovascular_diseases,18525078,01/01/2019,2019,2019,0.341202985,0.303913536
2019,Chronic_kidney_disease,1424000,01/01/2019,2019,2019,0.026227855,0.019471265
2019,Chronic_respiratory_diseases,3970744,01/01/2019,2019,2019,0.073134899,0.0712594
2019,Cirrhosis_and_other_chronic_liver_diseases,1468203,01/01/2019,2019,2019,0.027042005,0.025456959
2019,Conflict_and_terrorism,62932,01/01/2019,2019,2019,0.001159109,0.002259519
2019,Diabetes_mellitus,1546628,01/01/2019,2019,2019,0.028486471,0.021199271
2019,Diarrheal_diseases,1533219,01/01/2019,2019,2019,0.028239498,0.045748625
2019,Digestive_diseases,2552294,01/01/2019,2019,2019,0.047009267,0.044627564
2019,Drowning,236750,01/01/2019,2019,2019,0.004360565,0.007123639
2019,Drug_use_disorders,127995,01/01/2019,2019,2019,0.002357468,0.001798128
2019,Environmental_heat_and_cold_exposure,47432,01/01/2019,2019,2019,0.000873623,0.001228023
2019,Exposure_to_forces_of_nature,6072,01/01/2019,2019,2019,0.000111837,0.001022777
2019,Fire__heat__and_hot_substances,111055,01/01/2019,2019,2019,0.00204546,0.002468261
2019,HIV_AIDS,861694,01/01/2019,2019,2019,0.015871057,0.02466589
2019,Interpersonal_violence,412164,01/01/2019,2019,2019,0.007591417,0.008711163
2019,Lower_respiratory_infections,2489462,01/01/2019,2019,2019,0.045851999,0.057557503
2019,Malaria,643196,01/01/2019,2019,2019,0.011846665,0.01737756
2019,Maternal_disorders,196075,01/01/2019,2019,2019,0.003611395,0.005317571
2019,Meningitis,235867,01/01/2019,2019,2019,0.004344302,0.007257858
2019,Neonatal_disorders,1878065,01/01/2019,2019,2019,0.034591022,0.052867887
2019,Neoplasms,10063467,01/01/2019,2019,2019,0.185353335,0.155618169
2019,Nutritional_deficiencies,250947,01/01/2019,2019,2019,0.004622052,0.009616495
2019,Parkinson_s_disease,362256,01/01/2019,2019,2019,0.006672189,0.004833124
2019,Poisonings,77081,01/01/2019,2019,2019,0.001419712,0.001780571
2019,Protein_energy_malnutrition,211654,01/01/2019,2019,2019,0.003898336,0.00839153
2019,Road_injuries_,1194907,01/01/2019,2019,2019,0.022008319,0.024763379
2019,Self_harm,758026,01/01/2019,2019,2019,0.013961654,0.016216242
2019,Tuberculosis,1178483,01/01/2019,2019,2019,0.021705815,0.031556513