vector,word,wordCount,dt,doc_id,doc
1990,Acute_hepatitis,166343,01/01/1990,1990,1990
1990,Alcohol_use_disorders,116390,01/01/1990,1990,1990
1990,Alzheimer_s_disease_and_other_dementias,560616,01/01/1990,1990,1990
1990,Cardiovascular_diseases,12062179,01/01/1990,1990,1990
1990,Chronic_kidney_disease,600925,01/01/1990,1990,1990
1990,Chronic_respiratory_diseases,3092759,01/01/1990,1990,1990
1990,Cirrhosis_and_other_chronic_liver_diseases,1012423,01/01/1990,1990,1990
1990,Conflict_and_terrorism,116286,01/01/1990,1990,1990
1990,Diabetes_mellitus,661085,01/01/1990,1990,1990
1990,Diarrheal_diseases,2894957,01/01/1990,1990,1990
1990,Digestive_diseases,1854392,01/01/1990,1990,1990
1990,Drowning,460460,01/01/1990,1990,1990
1990,Drug_use_disorders,56133,01/01/1990,1990,1990
1990,Environmental_heat_and_cold_exposure,55072,01/01/1990,1990,1990
1990,Exposure_to_forces_of_nature,50216,01/01/1990,1990,1990
1990,Fire__heat__and_hot_substances,123123,01/01/1990,1990,1990
1990,HIV_AIDS,336059,01/01/1990,1990,1990
1990,Interpersonal_violence,372497,01/01/1990,1990,1990
1990,Lower_respiratory_infections,3318264,01/01/1990,1990,1990
1990,Malaria,840297,01/01/1990,1990,1990
1990,Maternal_disorders,302419,01/01/1990,1990,1990
1990,Meningitis,432253,01/01/1990,1990,1990
1990,Neonatal_disorders,3004581,01/01/1990,1990,1990
1990,Neoplasms,5752596,01/01/1990,1990,1990
1990,Nutritional_deficiencies,756808,01/01/1990,1990,1990
1990,Parkinson_s_disease,147156,01/01/1990,1990,1990
1990,Poisonings,87951,01/01/1990,1990,1990
1990,Protein_energy_malnutrition,655975,01/01/1990,1990,1990
1990,Road_injuries_,1112770,01/01/1990,1990,1990
1990,Self_harm,738804,01/01/1990,1990,1990
1990,Tuberculosis,1776727,01/01/1990,1990,1990
1991,Acute_hepatitis,165276,01/01/1991,1991,1991
1991,Alcohol_use_disorders,122478,01/01/1991,1991,1991
1991,Alzheimer_s_disease_and_other_dementias,583166,01/01/1991,1991,1991
1991,Cardiovascular_diseases,12220282,01/01/1991,1991,1991
1991,Chronic_kidney_disease,613589,01/01/1991,1991,1991
1991,Chronic_respiratory_diseases,3148288,01/01/1991,1991,1991
1991,Cirrhosis_and_other_chronic_liver_diseases,1026870,01/01/1991,1991,1991
1991,Conflict_and_terrorism,85017,01/01/1991,1991,1991
1991,Diabetes_mellitus,679630,01/01/1991,1991,1991
1991,Diarrheal_diseases,2903085,01/01/1991,1991,1991
1991,Digestive_diseases,1877515,01/01/1991,1991,1991
1991,Drowning,454375,01/01/1991,1991,1991
1991,Drug_use_disorders,61890,01/01/1991,1991,1991
1991,Environmental_heat_and_cold_exposure,56658,01/01/1991,1991,1991
1991,Exposure_to_forces_of_nature,156552,01/01/1991,1991,1991
1991,Fire__heat__and_hot_substances,123941,01/01/1991,1991,1991
1991,HIV_AIDS,430725,01/01/1991,1991,1991
1991,Interpersonal_violence,383689,01/01/1991,1991,1991
1991,Lower_respiratory_infections,3282941,01/01/1991,1991,1991
1991,Malaria,858984,01/01/1991,1991,1991
1991,Maternal_disorders,298271,01/01/1991,1991,1991
1991,Meningitis,428621,01/01/1991,1991,1991
1991,Neonatal_disorders,2975087,01/01/1991,1991,1991
1991,Neoplasms,5867965,01/01/1991,1991,1991
1991,Nutritional_deficiencies,729145,01/01/1991,1991,1991
1991,Parkinson_s_disease,150875,01/01/1991,1991,1991
1991,Poisonings,87813,01/01/1991,1991,1991
1991,Protein_energy_malnutrition,631013,01/01/1991,1991,1991
1991,Road_injuries_,1117024,01/01/1991,1991,1991
1991,Self_harm,752575,01/01/1991,1991,1991
1991,Tuberculosis,1786389,01/01/1991,1991,1991
1992,Acute_hepatitis,163687,01/01/1992,1992,1992
1992,Alcohol_use_disorders,131665,01/01/1992,1992,1992
1992,Alzheimer_s_disease_and_other_dementias,605894,01/01/1992,1992,1992
1992,Cardiovascular_diseases,12437979,01/01/1992,1992,1992
1992,Chronic_kidney_disease,630160,01/01/1992,1992,1992
1992,Chronic_respiratory_diseases,3207816,01/01/1992,1992,1992
1992,Cirrhosis_and_other_chronic_liver_diseases,1042953,01/01/1992,1992,1992
1992,Conflict_and_terrorism,62063,01/01/1992,1992,1992
1992,Diabetes_mellitus,702253,01/01/1992,1992,1992
1992,Diarrheal_diseases,2871809,01/01/1992,1992,1992
1992,Digestive_diseases,1903759,01/01/1992,1992,1992
1992,Drowning,447056,01/01/1992,1992,1992
1992,Drug_use_disorders,66826,01/01/1992,1992,1992
1992,Environmental_heat_and_cold_exposure,59926,01/01/1992,1992,1992
1992,Exposure_to_forces_of_nature,12030,01/01/1992,1992,1992
1992,Fire__heat__and_hot_substances,124995,01/01/1992,1992,1992
1992,HIV_AIDS,540070,01/01/1992,1992,1992
1992,Interpersonal_violence,407176,01/01/1992,1992,1992
1992,Lower_respiratory_infections,3258792,01/01/1992,1992,1992
1992,Malaria,856415,01/01/1992,1992,1992
1992,Maternal_disorders,299300,01/01/1992,1992,1992
1992,Meningitis,426440,01/01/1992,1992,1992
1992,Neonatal_disorders,2950376,01/01/1992,1992,1992
1992,Neoplasms,5996098,01/01/1992,1992,1992
1992,Nutritional_deficiencies,700664,01/01/1992,1992,1992
1992,Parkinson_s_disease,154886,01/01/1992,1992,1992
1992,Poisonings,88435,01/01/1992,1992,1992
1992,Protein_energy_malnutrition,606015,01/01/1992,1992,1992
1992,Road_injuries_,1125566,01/01/1992,1992,1992
1992,Self_harm,770286,01/01/1992,1992,1992
1992,Tuberculosis,1807740,01/01/1992,1992,1992
1993,Acute_hepatitis,161899,01/01/1993,1993,1993
1993,Alcohol_use_disorders,143901,01/01/1993,1993,1993
1993,Alzheimer_s_disease_and_other_dementias,629571,01/01/1993,1993,1993
1993,Cardiovascular_diseases,12802108,01/01/1993,1993,1993
1993,Chronic_kidney_disease,647255,01/01/1993,1993,1993
1993,Chronic_respiratory_diseases,3266612,01/01/1993,1993,1993
1993,Cirrhosis_and_other_chronic_liver_diseases,1067730,01/01/1993,1993,1993
1993,Conflict_and_terrorism,62733,01/01/1993,1993,1993
1993,Diabetes_mellitus,728077,01/01/1993,1993,1993
1993,Diarrheal_diseases,2798615,01/01/1993,1993,1993
1993,Digestive_diseases,1939556,01/01/1993,1993,1993
1993,Drowning,445434,01/01/1993,1993,1993
1993,Drug_use_disorders,71603,01/01/1993,1993,1993
1993,Environmental_heat_and_cold_exposure,66812,01/01/1993,1993,1993
1993,Exposure_to_forces_of_nature,21369,01/01/1993,1993,1993
1993,Fire__heat__and_hot_substances,127493,01/01/1993,1993,1993
1993,HIV_AIDS,664463,01/01/1993,1993,1993
1993,Interpersonal_violence,432858,01/01/1993,1993,1993
1993,Lower_respiratory_infections,3226972,01/01/1993,1993,1993
1993,Malaria,862216,01/01/1993,1993,1993
1993,Maternal_disorders,293564,01/01/1993,1993,1993
1993,Meningitis,420836,01/01/1993,1993,1993
1993,Neonatal_disorders,2924485,01/01/1993,1993,1993
1993,Neoplasms,6167069,01/01/1993,1993,1993
1993,Nutritional_deficiencies,674219,01/01/1993,1993,1993
1993,Parkinson_s_disease,160249,01/01/1993,1993,1993
1993,Poisonings,90036,01/01/1993,1993,1993
1993,Protein_energy_malnutrition,583919,01/01/1993,1993,1993
1993,Road_injuries_,1137444,01/01/1993,1993,1993
1993,Self_harm,791904,01/01/1993,1993,1993
1993,Tuberculosis,1774711,01/01/1993,1993,1993
1994,Acute_hepatitis,159423,01/01/1994,1994,1994
1994,Alcohol_use_disorders,153859,01/01/1994,1994,1994
1994,Alzheimer_s_disease_and_other_dementias,652176,01/01/1994,1994,1994
1994,Cardiovascular_diseases,13026289,01/01/1994,1994,1994
1994,Chronic_kidney_disease,665365,01/01/1994,1994,1994
1994,Chronic_respiratory_diseases,3297292,01/01/1994,1994,1994
1994,Cirrhosis_and_other_chronic_liver_diseases,1089331,01/01/1994,1994,1994
1994,Conflict_and_terrorism,566082,01/01/1994,1994,1994
1994,Diabetes_mellitus,751254,01/01/1994,1994,1994
1994,Diarrheal_diseases,2740299,01/01/1994,1994,1994
1994,Digestive_diseases,1967669,01/01/1994,1994,1994
1994,Drowning,443350,01/01/1994,1994,1994
1994,Drug_use_disorders,76717,01/01/1994,1994,1994
1994,Environmental_heat_and_cold_exposure,72305,01/01/1994,1994,1994
1994,Exposure_to_forces_of_nature,12717,01/01/1994,1994,1994
1994,Fire__heat__and_hot_substances,129611,01/01/1994,1994,1994
1994,HIV_AIDS,800169,01/01/1994,1994,1994
1994,Interpersonal_violence,441971,01/01/1994,1994,1994
1994,Lower_respiratory_infections,3187285,01/01/1994,1994,1994
1994,Malaria,855671,01/01/1994,1994,1994
1994,Maternal_disorders,293148,01/01/1994,1994,1994
1994,Meningitis,413799,01/01/1994,1994,1994
1994,Neonatal_disorders,2896505,01/01/1994,1994,1994
1994,Neoplasms,6296066,01/01/1994,1994,1994
1994,Nutritional_deficiencies,649801,01/01/1994,1994,1994
1994,Parkinson_s_disease,164381,01/01/1994,1994,1994
1994,Poisonings,90897,01/01/1994,1994,1994
1994,Protein_energy_malnutrition,564046,01/01/1994,1994,1994
1994,Road_injuries_,1153642,01/01/1994,1994,1994
1994,Self_harm,817682,01/01/1994,1994,1994
1994,Tuberculosis,1753811,01/01/1994,1994,1994
1995,Acute_hepatitis,157173,01/01/1995,1995,1995
1995,Alcohol_use_disorders,156714,01/01/1995,1995,1995
1995,Alzheimer_s_disease_and_other_dementias,674815,01/01/1995,1995,1995
1995,Cardiovascular_diseases,13129252,01/01/1995,1995,1995
1995,Chronic_kidney_disease,683701,01/01/1995,1995,1995
1995,Chronic_respiratory_diseases,3313295,01/01/1995,1995,1995
1995,Cirrhosis_and_other_chronic_liver_diseases,1104380,01/01/1995,1995,1995
1995,Conflict_and_terrorism,67210,01/01/1995,1995,1995
1995,Diabetes_mellitus,773490,01/01/1995,1995,1995
1995,Diarrheal_diseases,2673263,01/01/1995,1995,1995
1995,Digestive_diseases,1984263,01/01/1995,1995,1995
1995,Drowning,437303,01/01/1995,1995,1995
1995,Drug_use_disorders,79985,01/01/1995,1995,1995
1995,Environmental_heat_and_cold_exposure,72635,01/01/1995,1995,1995
1995,Exposure_to_forces_of_nature,19169,01/01/1995,1995,1995
1995,Fire__heat__and_hot_substances,128523,01/01/1995,1995,1995
1995,HIV_AIDS,938440,01/01/1995,1995,1995
1995,Interpersonal_violence,444246,01/01/1995,1995,1995
1995,Lower_respiratory_infections,3148775,01/01/1995,1995,1995
1995,Malaria,862626,01/01/1995,1995,1995
1995,Maternal_disorders,290551,01/01/1995,1995,1995
1995,Meningitis,409826,01/01/1995,1995,1995
1995,Neonatal_disorders,2873608,01/01/1995,1995,1995
1995,Neoplasms,6402881,01/01/1995,1995,1995
1995,Nutritional_deficiencies,723095,01/01/1995,1995,1995
1995,Parkinson_s_disease,168882,01/01/1995,1995,1995
1995,Poisonings,90353,01/01/1995,1995,1995
1995,Protein_energy_malnutrition,641084,01/01/1995,1995,1995
1995,Road_injuries_,1162799,01/01/1995,1995,1995
1995,Self_harm,825922,01/01/1995,1995,1995
1995,Tuberculosis,1738759,01/01/1995,1995,1995
1996,Acute_hepatitis,153406,01/01/1996,1996,1996
1996,Alcohol_use_disorders,156352,01/01/1996,1996,1996
1996,Alzheimer_s_disease_and_other_dementias,696665,01/01/1996,1996,1996
1996,Cardiovascular_diseases,13213565,01/01/1996,1996,1996
1996,Chronic_kidney_disease,704624,01/01/1996,1996,1996
1996,Chronic_respiratory_diseases,3342591,01/01/1996,1996,1996
1996,Cirrhosis_and_other_chronic_liver_diseases,1115241,01/01/1996,1996,1996
1996,Conflict_and_terrorism,87324,01/01/1996,1996,1996
1996,Diabetes_mellitus,799023,01/01/1996,1996,1996
1996,Diarrheal_diseases,2615313,01/01/1996,1996,1996
1996,Digestive_diseases,1995513,01/01/1996,1996,1996
1996,Drowning,423296,01/01/1996,1996,1996
1996,Drug_use_disorders,81704,01/01/1996,1996,1996
1996,Environmental_heat_and_cold_exposure,67602,01/01/1996,1996,1996
1996,Exposure_to_forces_of_nature,14866,01/01/1996,1996,1996
1996,Fire__heat__and_hot_substances,126804,01/01/1996,1996,1996
1996,HIV_AIDS,1061580,01/01/1996,1996,1996
1996,Interpersonal_violence,432673,01/01/1996,1996,1996
1996,Lower_respiratory_infections,3091233,01/01/1996,1996,1996
1996,Malaria,872476,01/01/1996,1996,1996
1996,Maternal_disorders,287746,01/01/1996,1996,1996
1996,Meningitis,417259,01/01/1996,1996,1996
1996,Neonatal_disorders,2841042,01/01/1996,1996,1996
1996,Neoplasms,6490603,01/01/1996,1996,1996
1996,Nutritional_deficiencies,671977,01/01/1996,1996,1996
1996,Parkinson_s_disease,173822,01/01/1996,1996,1996
1996,Poisonings,88861,01/01/1996,1996,1996
1996,Protein_energy_malnutrition,593826,01/01/1996,1996,1996
1996,Road_injuries_,1162809,01/01/1996,1996,1996
1996,Self_harm,820128,01/01/1996,1996,1996
1996,Tuberculosis,1720903,01/01/1996,1996,1996
1997,Acute_hepatitis,151902,01/01/1997,1997,1997
1997,Alcohol_use_disorders,155429,01/01/1997,1997,1997
1997,Alzheimer_s_disease_and_other_dementias,717342,01/01/1997,1997,1997
1997,Cardiovascular_diseases,13339902,01/01/1997,1997,1997
1997,Chronic_kidney_disease,731048,01/01/1997,1997,1997
1997,Chronic_respiratory_diseases,3381872,01/01/1997,1997,1997
1997,Cirrhosis_and_other_chronic_liver_diseases,1128962,01/01/1997,1997,1997
1997,Conflict_and_terrorism,99263,01/01/1997,1997,1997
1997,Diabetes_mellitus,827734,01/01/1997,1997,1997
1997,Diarrheal_diseases,2579027,01/01/1997,1997,1997
1997,Digestive_diseases,2014659,01/01/1997,1997,1997
1997,Drowning,413405,01/01/1997,1997,1997
1997,Drug_use_disorders,82572,01/01/1997,1997,1997
1997,Environmental_heat_and_cold_exposure,63823,01/01/1997,1997,1997
1997,Exposure_to_forces_of_nature,17852,01/01/1997,1997,1997
1997,Fire__heat__and_hot_substances,126274,01/01/1997,1997,1997
1997,HIV_AIDS,1174154,01/01/1997,1997,1997
1997,Interpersonal_violence,427316,01/01/1997,1997,1997
1997,Lower_respiratory_infections,3047670,01/01/1997,1997,1997
1997,Malaria,892946,01/01/1997,1997,1997
1997,Maternal_disorders,289467,01/01/1997,1997,1997
1997,Meningitis,400893,01/01/1997,1997,1997
1997,Neonatal_disorders,2817527,01/01/1997,1997,1997
1997,Neoplasms,6586074,01/01/1997,1997,1997
1997,Nutritional_deficiencies,647682,01/01/1997,1997,1997
1997,Parkinson_s_disease,179347,01/01/1997,1997,1997
1997,Poisonings,87371,01/01/1997,1997,1997
1997,Protein_energy_malnutrition,572372,01/01/1997,1997,1997
1997,Road_injuries_,1169798,01/01/1997,1997,1997
1997,Self_harm,822649,01/01/1997,1997,1997
1997,Tuberculosis,1726038,01/01/1997,1997,1997
1998,Acute_hepatitis,149563,01/01/1998,1998,1998
1998,Alcohol_use_disorders,156282,01/01/1998,1998,1998
1998,Alzheimer_s_disease_and_other_dementias,738768,01/01/1998,1998,1998
1998,Cardiovascular_diseases,13461489,01/01/1998,1998,1998
1998,Chronic_kidney_disease,758681,01/01/1998,1998,1998
1998,Chronic_respiratory_diseases,3401426,01/01/1998,1998,1998
1998,Cirrhosis_and_other_chronic_liver_diseases,1141509,01/01/1998,1998,1998
1998,Conflict_and_terrorism,108842,01/01/1998,1998,1998
1998,Diabetes_mellitus,854415,01/01/1998,1998,1998
1998,Diarrheal_diseases,2544585,01/01/1998,1998,1998
1998,Digestive_diseases,2030600,01/01/1998,1998,1998
1998,Drowning,407205,01/01/1998,1998,1998
1998,Drug_use_disorders,85087,01/01/1998,1998,1998
1998,Environmental_heat_and_cold_exposure,64858,01/01/1998,1998,1998
1998,Exposure_to_forces_of_nature,48134,01/01/1998,1998,1998
1998,Fire__heat__and_hot_substances,124746,01/01/1998,1998,1998
1998,HIV_AIDS,1303651,01/01/1998,1998,1998
1998,Interpersonal_violence,431984,01/01/1998,1998,1998
1998,Lower_respiratory_infections,2999755,01/01/1998,1998,1998
1998,Malaria,901338,01/01/1998,1998,1998
1998,Maternal_disorders,289304,01/01/1998,1998,1998
1998,Meningitis,393364,01/01/1998,1998,1998
1998,Neonatal_disorders,2793540,01/01/1998,1998,1998
1998,Neoplasms,6703169,01/01/1998,1998,1998
1998,Nutritional_deficiencies,620498,01/01/1998,1998,1998
1998,Parkinson_s_disease,185097,01/01/1998,1998,1998
1998,Poisonings,86679,01/01/1998,1998,1998
1998,Protein_energy_malnutrition,549543,01/01/1998,1998,1998
1998,Road_injuries_,1177827,01/01/1998,1998,1998
1998,Self_harm,829842,01/01/1998,1998,1998
1998,Tuberculosis,1724307,01/01/1998,1998,1998
1999,Acute_hepatitis,147017,01/01/1999,1999,1999
1999,Alcohol_use_disorders,160606,01/01/1999,1999,1999
1999,Alzheimer_s_disease_and_other_dementias,761620,01/01/1999,1999,1999
1999,Cardiovascular_diseases,13720763,01/01/1999,1999,1999
1999,Chronic_kidney_disease,785380,01/01/1999,1999,1999
1999,Chronic_respiratory_diseases,3419612,01/01/1999,1999,1999
1999,Cirrhosis_and_other_chronic_liver_diseases,1158552,01/01/1999,1999,1999
1999,Conflict_and_terrorism,141860,01/01/1999,1999,1999
1999,Diabetes_mellitus,879521,01/01/1999,1999,1999
1999,Diarrheal_diseases,2496957,01/01/1999,1999,1999
1999,Digestive_diseases,2054201,01/01/1999,1999,1999
1999,Drowning,397169,01/01/1999,1999,1999
1999,Drug_use_disorders,87336,01/01/1999,1999,1999
1999,Environmental_heat_and_cold_exposure,63375,01/01/1999,1999,1999
1999,Exposure_to_forces_of_nature,69591,01/01/1999,1999,1999
1999,Fire__heat__and_hot_substances,125921,01/01/1999,1999,1999
1999,HIV_AIDS,1439777,01/01/1999,1999,1999
1999,Interpersonal_violence,440642,01/01/1999,1999,1999
1999,Lower_respiratory_infections,2950639,01/01/1999,1999,1999
1999,Malaria,893788,01/01/1999,1999,1999
1999,Maternal_disorders,288836,01/01/1999,1999,1999
1999,Meningitis,390136,01/01/1999,1999,1999
1999,Neonatal_disorders,2766241,01/01/1999,1999,1999
1999,Neoplasms,6857548,01/01/1999,1999,1999
1999,Nutritional_deficiencies,593417,01/01/1999,1999,1999
1999,Parkinson_s_disease,191538,01/01/1999,1999,1999
1999,Poisonings,87333,01/01/1999,1999,1999
1999,Protein_energy_malnutrition,527431,01/01/1999,1999,1999
1999,Road_injuries_,1195303,01/01/1999,1999,1999
1999,Self_harm,840850,01/01/1999,1999,1999
1999,Tuberculosis,1719130,01/01/1999,1999,1999
2000,Acute_hepatitis,144124,01/01/2000,2000,2000
2000,Alcohol_use_disorders,166094,01/01/2000,2000,2000
2000,Alzheimer_s_disease_and_other_dementias,786615,01/01/2000,2000,2000
2000,Cardiovascular_diseases,13957078,01/01/2000,2000,2000
2000,Chronic_kidney_disease,814854,01/01/2000,2000,2000
2000,Chronic_respiratory_diseases,3450006,01/01/2000,2000,2000
2000,Cirrhosis_and_other_chronic_liver_diseases,1177628,01/01/2000,2000,2000
2000,Conflict_and_terrorism,120011,01/01/2000,2000,2000
2000,Diabetes_mellitus,905965,01/01/2000,2000,2000
2000,Diarrheal_diseases,2440570,01/01/2000,2000,2000
2000,Digestive_diseases,2079551,01/01/2000,2000,2000
2000,Drowning,387627,01/01/2000,2000,2000
2000,Drug_use_disorders,89690,01/01/2000,2000,2000
2000,Environmental_heat_and_cold_exposure,65450,01/01/2000,2000,2000
2000,Exposure_to_forces_of_nature,8918,01/01/2000,2000,2000
2000,Fire__heat__and_hot_substances,126659,01/01/2000,2000,2000
2000,HIV_AIDS,1559389,01/01/2000,2000,2000
2000,Interpersonal_violence,450393,01/01/2000,2000,2000
2000,Lower_respiratory_infections,2895698,01/01/2000,2000,2000
2000,Malaria,882055,01/01/2000,2000,2000
2000,Maternal_disorders,287027,01/01/2000,2000,2000
2000,Meningitis,385994,01/01/2000,2000,2000
2000,Neonatal_disorders,2739290,01/01/2000,2000,2000
2000,Neoplasms,7001927,01/01/2000,2000,2000
2000,Nutritional_deficiencies,568454,01/01/2000,2000,2000
2000,Parkinson_s_disease,198545,01/01/2000,2000,2000
2000,Poisonings,88799,01/01/2000,2000,2000
2000,Protein_energy_malnutrition,505874,01/01/2000,2000,2000
2000,Road_injuries_,1212355,01/01/2000,2000,2000
2000,Self_harm,839249,01/01/2000,2000,2000
2000,Tuberculosis,1714428,01/01/2000,2000,2000
2001,Acute_hepatitis,140143,01/01/2001,2001,2001
2001,Alcohol_use_disorders,170787,01/01/2001,2001,2001
2001,Alzheimer_s_disease_and_other_dementias,814526,01/01/2001,2001,2001
2001,Cardiovascular_diseases,14185571,01/01/2001,2001,2001
2001,Chronic_kidney_disease,842790,01/01/2001,2001,2001
2001,Chronic_respiratory_diseases,3465831,01/01/2001,2001,2001
2001,Cirrhosis_and_other_chronic_liver_diseases,1200250,01/01/2001,2001,2001
2001,Conflict_and_terrorism,67069,01/01/2001,2001,2001
2001,Diabetes_mellitus,934841,01/01/2001,2001,2001
2001,Diarrheal_diseases,2378465,01/01/2001,2001,2001
2001,Digestive_diseases,2107791,01/01/2001,2001,2001
2001,Drowning,375917,01/01/2001,2001,2001
2001,Drug_use_disorders,87325,01/01/2001,2001,2001
2001,Environmental_heat_and_cold_exposure,66743,01/01/2001,2001,2001
2001,Exposure_to_forces_of_nature,29497,01/01/2001,2001,2001
2001,Fire__heat__and_hot_substances,126427,01/01/2001,2001,2001
2001,HIV_AIDS,1662064,01/01/2001,2001,2001
2001,Interpersonal_violence,451206,01/01/2001,2001,2001
2001,Lower_respiratory_infections,2830457,01/01/2001,2001,2001
2001,Malaria,912709,01/01/2001,2001,2001
2001,Maternal_disorders,282455,01/01/2001,2001,2001
2001,Meningitis,379912,01/01/2001,2001,2001
2001,Neonatal_disorders,2710195,01/01/2001,2001,2001
2001,Neoplasms,7114269,01/01/2001,2001,2001
2001,Nutritional_deficiencies,542565,01/01/2001,2001,2001
2001,Parkinson_s_disease,206194,01/01/2001,2001,2001
2001,Poisonings,89294,01/01/2001,2001,2001
2001,Protein_energy_malnutrition,483074,01/01/2001,2001,2001
2001,Road_injuries_,1224220,01/01/2001,2001,2001
2001,Self_harm,820745,01/01/2001,2001,2001
2001,Tuberculosis,1682360,01/01/2001,2001,2001
2002,Acute_hepatitis,134941,01/01/2002,2002,2002
2002,Alcohol_use_disorders,175317,01/01/2002,2002,2002
2002,Alzheimer_s_disease_and_other_dementias,845695,01/01/2002,2002,2002
2002,Cardiovascular_diseases,14501696,01/01/2002,2002,2002
2002,Chronic_kidney_disease,874109,01/01/2002,2002,2002
2002,Chronic_respiratory_diseases,3490310,01/01/2002,2002,2002
2002,Cirrhosis_and_other_chronic_liver_diseases,1227607,01/01/2002,2002,2002
2002,Conflict_and_terrorism,66414,01/01/2002,2002,2002
2002,Diabetes_mellitus,970544,01/01/2002,2002,2002
2002,Diarrheal_diseases,2312641,01/01/2002,2002,2002
2002,Digestive_diseases,2143976,01/01/2002,2002,2002
2002,Drowning,361967,01/01/2002,2002,2002
2002,Drug_use_disorders,84750,01/01/2002,2002,2002
2002,Environmental_heat_and_cold_exposure,69939,01/01/2002,2002,2002
2002,Exposure_to_forces_of_nature,8908,01/01/2002,2002,2002
2002,Fire__heat__and_hot_substances,125532,01/01/2002,2002,2002
2002,HIV_AIDS,1746104,01/01/2002,2002,2002
2002,Interpersonal_violence,462331,01/01/2002,2002,2002
2002,Lower_respiratory_infections,2788706,01/01/2002,2002,2002
2002,Malaria,929195,01/01/2002,2002,2002
2002,Maternal_disorders,276253,01/01/2002,2002,2002
2002,Meningitis,372298,01/01/2002,2002,2002
2002,Neonatal_disorders,2691320,01/01/2002,2002,2002
2002,Neoplasms,7253993,01/01/2002,2002,2002
2002,Nutritional_deficiencies,517754,01/01/2002,2002,2002
2002,Parkinson_s_disease,214930,01/01/2002,2002,2002
2002,Poisonings,89920,01/01/2002,2002,2002
2002,Protein_energy_malnutrition,462083,01/01/2002,2002,2002
2002,Road_injuries_,1237109,01/01/2002,2002,2002
2002,Self_harm,811199,01/01/2002,2002,2002
2002,Tuberculosis,1649490,01/01/2002,2002,2002
2003,Acute_hepatitis,130158,01/01/2003,2003,2003
2003,Alcohol_use_disorders,178889,01/01/2003,2003,2003
2003,Alzheimer_s_disease_and_other_dementias,877011,01/01/2003,2003,2003
2003,Cardiovascular_diseases,14710723,01/01/2003,2003,2003
2003,Chronic_kidney_disease,902200,01/01/2003,2003,2003
2003,Chronic_respiratory_diseases,3491643,01/01/2003,2003,2003
2003,Cirrhosis_and_other_chronic_liver_diseases,1251776,01/01/2003,2003,2003
2003,Conflict_and_terrorism,71044,01/01/2003,2003,2003
2003,Diabetes_mellitus,1000276,01/01/2003,2003,2003
2003,Diarrheal_diseases,2242961,01/01/2003,2003,2003
2003,Digestive_diseases,2173729,01/01/2003,2003,2003
2003,Drowning,347745,01/01/2003,2003,2003
2003,Drug_use_disorders,82250,01/01/2003,2003,2003
2003,Environmental_heat_and_cold_exposure,71950,01/01/2003,2003,2003
2003,Exposure_to_forces_of_nature,35474,01/01/2003,2003,2003
2003,Fire__heat__and_hot_substances,125730,01/01/2003,2003,2003
2003,HIV_AIDS,1808445,01/01/2003,2003,2003
2003,Interpersonal_violence,446701,01/01/2003,2003,2003
2003,Lower_respiratory_infections,2746549,01/01/2003,2003,2003
2003,Malaria,959654,01/01/2003,2003,2003
2003,Maternal_disorders,269425,01/01/2003,2003,2003
2003,Meningitis,369171,01/01/2003,2003,2003
2003,Neonatal_disorders,2671242,01/01/2003,2003,2003
2003,Neoplasms,7388299,01/01/2003,2003,2003
2003,Nutritional_deficiencies,417264,01/01/2003,2003,2003
2003,Parkinson_s_disease,222256,01/01/2003,2003,2003
2003,Poisonings,90634,01/01/2003,2003,2003
2003,Protein_energy_malnutrition,365742,01/01/2003,2003,2003
2003,Road_injuries_,1248216,01/01/2003,2003,2003
2003,Self_harm,814533,01/01/2003,2003,2003
2003,Tuberculosis,1612262,01/01/2003,2003,2003
2004,Acute_hepatitis,127953,01/01/2004,2004,2004
2004,Alcohol_use_disorders,180491,01/01/2004,2004,2004
2004,Alzheimer_s_disease_and_other_dementias,909148,01/01/2004,2004,2004
2004,Cardiovascular_diseases,14745985,01/01/2004,2004,2004
2004,Chronic_kidney_disease,922921,01/01/2004,2004,2004
2004,Chronic_respiratory_diseases,3462850,01/01/2004,2004,2004
2004,Cirrhosis_and_other_chronic_liver_diseases,1266574,01/01/2004,2004,2004
2004,Conflict_and_terrorism,70502,01/01/2004,2004,2004
2004,Diabetes_mellitus,1018138,01/01/2004,2004,2004
2004,Diarrheal_diseases,2166496,01/01/2004,2004,2004
2004,Digestive_diseases,2187927,01/01/2004,2004,2004
2004,Drowning,338417,01/01/2004,2004,2004
2004,Drug_use_disorders,81843,01/01/2004,2004,2004
2004,Environmental_heat_and_cold_exposure,67144,01/01/2004,2004,2004
2004,Exposure_to_forces_of_nature,242430,01/01/2004,2004,2004
2004,Fire__heat__and_hot_substances,123651,01/01/2004,2004,2004
2004,HIV_AIDS,1842954,01/01/2004,2004,2004
2004,Interpersonal_violence,440855,01/01/2004,2004,2004
2004,Lower_respiratory_infections,2697064,01/01/2004,2004,2004
2004,Malaria,960784,01/01/2004,2004,2004
2004,Maternal_disorders,265279,01/01/2004,2004,2004
2004,Meningitis,363462,01/01/2004,2004,2004
2004,Neonatal_disorders,2647814,01/01/2004,2004,2004
2004,Neoplasms,7504504,01/01/2004,2004,2004
2004,Nutritional_deficiencies,393952,01/01/2004,2004,2004
2004,Parkinson_s_disease,227695,01/01/2004,2004,2004
2004,Poisonings,91455,01/01/2004,2004,2004
2004,Protein_energy_malnutrition,345527,01/01/2004,2004,2004
2004,Road_injuries_,1258547,01/01/2004,2004,2004
2004,Self_harm,819290,01/01/2004,2004,2004
2004,Tuberculosis,1558519,01/01/2004,2004,2004
2005,Acute_hepatitis,128197,01/01/2005,2005,2005
2005,Alcohol_use_disorders,181704,01/01/2005,2005,2005
2005,Alzheimer_s_disease_and_other_dementias,945619,01/01/2005,2005,2005
2005,Cardiovascular_diseases,14995528,01/01/2005,2005,2005
2005,Chronic_kidney_disease,956457,01/01/2005,2005,2005
2005,Chronic_respiratory_diseases,3479174,01/01/2005,2005,2005
2005,Cirrhosis_and_other_chronic_liver_diseases,1293978,01/01/2005,2005,2005
2005,Conflict_and_terrorism,59507,01/01/2005,2005,2005
2005,Diabetes_mellitus,1050925,01/01/2005,2005,2005
2005,Diarrheal_diseases,2125961,01/01/2005,2005,2005
2005,Digestive_diseases,2226154,01/01/2005,2005,2005
2005,Drowning,332705,01/01/2005,2005,2005
2005,Drug_use_disorders,84990,01/01/2005,2005,2005
2005,Environmental_heat_and_cold_exposure,68382,01/01/2005,2005,2005
2005,Exposure_to_forces_of_nature,88718,01/01/2005,2005,2005
2005,Fire__heat__and_hot_substances,124166,01/01/2005,2005,2005
2005,HIV_AIDS,1832074,01/01/2005,2005,2005
2005,Interpersonal_violence,435946,01/01/2005,2005,2005
2005,Lower_respiratory_infections,2677818,01/01/2005,2005,2005
2005,Malaria,940540,01/01/2005,2005,2005
2005,Maternal_disorders,264407,01/01/2005,2005,2005
2005,Meningitis,361809,01/01/2005,2005,2005
2005,Neonatal_disorders,2620556,01/01/2005,2005,2005
2005,Neoplasms,7653588,01/01/2005,2005,2005
2005,Nutritional_deficiencies,376740,01/01/2005,2005,2005
2005,Parkinson_s_disease,236498,01/01/2005,2005,2005
2005,Poisonings,92064,01/01/2005,2005,2005
2005,Protein_energy_malnutrition,329849,01/01/2005,2005,2005
2005,Road_injuries_,1269243,01/01/2005,2005,2005
2005,Self_harm,826133,01/01/2005,2005,2005
2005,Tuberculosis,1532479,01/01/2005,2005,2005
2006,Acute_hepatitis,124737,01/01/2006,2006,2006
2006,Alcohol_use_disorders,177747,01/01/2006,2006,2006
2006,Alzheimer_s_disease_and_other_dementias,982308,01/01/2006,2006,2006
2006,Cardiovascular_diseases,14991661,01/01/2006,2006,2006
2006,Chronic_kidney_disease,981743,01/01/2006,2006,2006
2006,Chronic_respiratory_diseases,3461443,01/01/2006,2006,2006
2006,Cirrhosis_and_other_chronic_liver_diseases,1300281,01/01/2006,2006,2006
2006,Conflict_and_terrorism,74555,01/01/2006,2006,2006
2006,Diabetes_mellitus,1071057,01/01/2006,2006,2006
2006,Diarrheal_diseases,2109339,01/01/2006,2006,2006
2006,Digestive_diseases,2235326,01/01/2006,2006,2006
2006,Drowning,319875,01/01/2006,2006,2006
2006,Drug_use_disorders,85421,01/01/2006,2006,2006
2006,Environmental_heat_and_cold_exposure,64630,01/01/2006,2006,2006
2006,Exposure_to_forces_of_nature,19918,01/01/2006,2006,2006
2006,Fire__heat__and_hot_substances,121265,01/01/2006,2006,2006
2006,HIV_AIDS,1767868,01/01/2006,2006,2006
2006,Interpersonal_violence,427355,01/01/2006,2006,2006
2006,Lower_respiratory_infections,2645926,01/01/2006,2006,2006
2006,Malaria,941746,01/01/2006,2006,2006
2006,Maternal_disorders,259261,01/01/2006,2006,2006
2006,Meningitis,358973,01/01/2006,2006,2006
2006,Neonatal_disorders,2587061,01/01/2006,2006,2006
2006,Neoplasms,7722732,01/01/2006,2006,2006
2006,Nutritional_deficiencies,362476,01/01/2006,2006,2006
2006,Parkinson_s_disease,242749,01/01/2006,2006,2006
2006,Poisonings,89859,01/01/2006,2006,2006
2006,Protein_energy_malnutrition,316210,01/01/2006,2006,2006
2006,Road_injuries_,1267492,01/01/2006,2006,2006
2006,Self_harm,814138,01/01/2006,2006,2006
2006,Tuberculosis,1499369,01/01/2006,2006,2006
2007,Acute_hepatitis,120512,01/01/2007,2007,2007
2007,Alcohol_use_disorders,174006,01/01/2007,2007,2007
2007,Alzheimer_s_disease_and_other_dementias,1022057,01/01/2007,2007,2007
2007,Cardiovascular_diseases,15117363,01/01/2007,2007,2007
2007,Chronic_kidney_disease,1010311,01/01/2007,2007,2007
2007,Chronic_respiratory_diseases,3467408,01/01/2007,2007,2007
2007,Cirrhosis_and_other_chronic_liver_diseases,1311974,01/01/2007,2007,2007
2007,Conflict_and_terrorism,71286,01/01/2007,2007,2007
2007,Diabetes_mellitus,1092777,01/01/2007,2007,2007
2007,Diarrheal_diseases,2076357,01/01/2007,2007,2007
2007,Digestive_diseases,2251390,01/01/2007,2007,2007
2007,Drowning,311889,01/01/2007,2007,2007
2007,Drug_use_disorders,85962,01/01/2007,2007,2007
2007,Environmental_heat_and_cold_exposure,59791,01/01/2007,2007,2007
2007,Exposure_to_forces_of_nature,16200,01/01/2007,2007,2007
2007,Fire__heat__and_hot_substances,119600,01/01/2007,2007,2007
2007,HIV_AIDS,1669306,01/01/2007,2007,2007
2007,Interpersonal_violence,420025,01/01/2007,2007,2007
2007,Lower_respiratory_infections,2617221,01/01/2007,2007,2007
2007,Malaria,940193,01/01/2007,2007,2007
2007,Maternal_disorders,252551,01/01/2007,2007,2007
2007,Meningitis,352747,01/01/2007,2007,2007
2007,Neonatal_disorders,2549184,01/01/2007,2007,2007
2007,Neoplasms,7850705,01/01/2007,2007,2007
2007,Nutritional_deficiencies,347407,01/01/2007,2007,2007
2007,Parkinson_s_disease,250475,01/01/2007,2007,2007
2007,Poisonings,88475,01/01/2007,2007,2007
2007,Protein_energy_malnutrition,302088,01/01/2007,2007,2007
2007,Road_injuries_,1273318,01/01/2007,2007,2007
2007,Self_harm,802521,01/01/2007,2007,2007
2007,Tuberculosis,1470117,01/01/2007,2007,2007
2008,Acute_hepatitis,117273,01/01/2008,2008,2008
2008,Alcohol_use_disorders,171613,01/01/2008,2008,2008
2008,Alzheimer_s_disease_and_other_dementias,1065297,01/01/2008,2008,2008
2008,Cardiovascular_diseases,15402070,01/01/2008,2008,2008
2008,Chronic_kidney_disease,1045743,01/01/2008,2008,2008
2008,Chronic_respiratory_diseases,3510195,01/01/2008,2008,2008
2008,Cirrhosis_and_other_chronic_liver_diseases,1330568,01/01/2008,2008,2008
2008,Conflict_and_terrorism,64695,01/01/2008,2008,2008
2008,Diabetes_mellitus,1122287,01/01/2008,2008,2008
2008,Diarrheal_diseases,2044769,01/01/2008,2008,2008
2008,Digestive_diseases,2280070,01/01/2008,2008,2008
2008,Drowning,304870,01/01/2008,2008,2008
2008,Drug_use_disorders,87077,01/01/2008,2008,2008
2008,Environmental_heat_and_cold_exposure,57763,01/01/2008,2008,2008
2008,Exposure_to_forces_of_nature,235751,01/01/2008,2008,2008
2008,Fire__heat__and_hot_substances,118269,01/01/2008,2008,2008
2008,HIV_AIDS,1559499,01/01/2008,2008,2008
2008,Interpersonal_violence,422800,01/01/2008,2008,2008
2008,Lower_respiratory_infections,2603124,01/01/2008,2008,2008
2008,Malaria,932910,01/01/2008,2008,2008
2008,Maternal_disorders,247899,01/01/2008,2008,2008
2008,Meningitis,343452,01/01/2008,2008,2008
2008,Neonatal_disorders,2515772,01/01/2008,2008,2008
2008,Neoplasms,8027173,01/01/2008,2008,2008
2008,Nutritional_deficiencies,335623,01/01/2008,2008,2008
2008,Parkinson_s_disease,260382,01/01/2008,2008,2008
2008,Poisonings,88687,01/01/2008,2008,2008
2008,Protein_energy_malnutrition,290690,01/01/2008,2008,2008
2008,Road_injuries_,1284333,01/01/2008,2008,2008
2008,Self_harm,797570,01/01/2008,2008,2008
2008,Tuberculosis,1447516,01/01/2008,2008,2008
2009,Acute_hepatitis,112643,01/01/2009,2009,2009
2009,Alcohol_use_disorders,166736,01/01/2009,2009,2009
2009,Alzheimer_s_disease_and_other_dementias,1109405,01/01/2009,2009,2009
2009,Cardiovascular_diseases,15552545,01/01/2009,2009,2009
2009,Chronic_kidney_disease,1074048,01/01/2009,2009,2009
2009,Chronic_respiratory_diseases,3498126,01/01/2009,2009,2009
2009,Cirrhosis_and_other_chronic_liver_diseases,1330408,01/01/2009,2009,2009
2009,Conflict_and_terrorism,71582,01/01/2009,2009,2009
2009,Diabetes_mellitus,1142391,01/01/2009,2009,2009
2009,Diarrheal_diseases,1977248,01/01/2009,2009,2009
2009,Digestive_diseases,2279806,01/01/2009,2009,2009
2009,Drowning,296871,01/01/2009,2009,2009
2009,Drug_use_disorders,87025,01/01/2009,2009,2009
2009,Environmental_heat_and_cold_exposure,54835,01/01/2009,2009,2009
2009,Exposure_to_forces_of_nature,10975,01/01/2009,2009,2009
2009,Fire__heat__and_hot_substances,116177,01/01/2009,2009,2009
2009,HIV_AIDS,1453258,01/01/2009,2009,2009
2009,Interpersonal_violence,422750,01/01/2009,2009,2009
2009,Lower_respiratory_infections,2571405,01/01/2009,2009,2009
2009,Malaria,917796,01/01/2009,2009,2009
2009,Maternal_disorders,244175,01/01/2009,2009,2009
2009,Meningitis,336868,01/01/2009,2009,2009
2009,Neonatal_disorders,2475066,01/01/2009,2009,2009
2009,Neoplasms,8167640,01/01/2009,2009,2009
2009,Nutritional_deficiencies,322879,01/01/2009,2009,2009
2009,Parkinson_s_disease,267738,01/01/2009,2009,2009
2009,Poisonings,87902,01/01/2009,2009,2009
2009,Protein_energy_malnutrition,279325,01/01/2009,2009,2009
2009,Road_injuries_,1281669,01/01/2009,2009,2009
2009,Self_harm,785883,01/01/2009,2009,2009
2009,Tuberculosis,1405491,01/01/2009,2009,2009
2010,Acute_hepatitis,109556,01/01/2010,2010,2010
2010,Alcohol_use_disorders,164313,01/01/2010,2010,2010
2010,Alzheimer_s_disease_and_other_dementias,1155944,01/01/2010,2010,2010
2010,Cardiovascular_diseases,15838151,01/01/2010,2010,2010
2010,Chronic_kidney_disease,1107473,01/01/2010,2010,2010
2010,Chronic_respiratory_diseases,3509920,01/01/2010,2010,2010
2010,Cirrhosis_and_other_chronic_liver_diseases,1340704,01/01/2010,2010,2010
2010,Conflict_and_terrorism,54467,01/01/2010,2010,2010
2010,Diabetes_mellitus,1165663,01/01/2010,2010,2010
2010,Diarrheal_diseases,1928704,01/01/2010,2010,2010
2010,Digestive_diseases,2298319,01/01/2010,2010,2010
2010,Drowning,290831,01/01/2010,2010,2010
2010,Drug_use_disorders,88079,01/01/2010,2010,2010
2010,Environmental_heat_and_cold_exposure,58674,01/01/2010,2010,2010
2010,Exposure_to_forces_of_nature,241002,01/01/2010,2010,2010
2010,Fire__heat__and_hot_substances,115329,01/01/2010,2010,2010
2010,HIV_AIDS,1364619,01/01/2010,2010,2010
2010,Interpersonal_violence,417449,01/01/2010,2010,2010
2010,Lower_respiratory_infections,2545622,01/01/2010,2010,2010
2010,Malaria,909814,01/01/2010,2010,2010
2010,Maternal_disorders,239749,01/01/2010,2010,2010
2010,Meningitis,326778,01/01/2010,2010,2010
2010,Neonatal_disorders,2428939,01/01/2010,2010,2010
2010,Neoplasms,8329288,01/01/2010,2010,2010
2010,Nutritional_deficiencies,322187,01/01/2010,2010,2010
2010,Parkinson_s_disease,276188,01/01/2010,2010,2010
2010,Poisonings,87632,01/01/2010,2010,2010
2010,Protein_energy_malnutrition,279144,01/01/2010,2010,2010
2010,Road_injuries_,1278839,01/01/2010,2010,2010
2010,Self_harm,784456,01/01/2010,2010,2010
2010,Tuberculosis,1364942,01/01/2010,2010,2010
2011,Acute_hepatitis,106549,01/01/2011,2011,2011
2011,Alcohol_use_disorders,161372,01/01/2011,2011,2011
2011,Alzheimer_s_disease_and_other_dementias,1201138,01/01/2011,2011,2011
2011,Cardiovascular_diseases,16038263,01/01/2011,2011,2011
2011,Chronic_kidney_disease,1143219,01/01/2011,2011,2011
2011,Chronic_respiratory_diseases,3539167,01/01/2011,2011,2011
2011,Cirrhosis_and_other_chronic_liver_diseases,1348880,01/01/2011,2011,2011
2011,Conflict_and_terrorism,62900,01/01/2011,2011,2011
2011,Diabetes_mellitus,1197995,01/01/2011,2011,2011
2011,Diarrheal_diseases,1902762,01/01/2011,2011,2011
2011,Digestive_diseases,2316484,01/01/2011,2011,2011
2011,Drowning,281106,01/01/2011,2011,2011
2011,Drug_use_disorders,89322,01/01/2011,2011,2011
2011,Environmental_heat_and_cold_exposure,51638,01/01/2011,2011,2011
2011,Exposure_to_forces_of_nature,31850,01/01/2011,2011,2011
2011,Fire__heat__and_hot_substances,113655,01/01/2011,2011,2011
2011,HIV_AIDS,1283719,01/01/2011,2011,2011
2011,Interpersonal_violence,413880,01/01/2011,2011,2011
2011,Lower_respiratory_infections,2527899,01/01/2011,2011,2011
2011,Malaria,868564,01/01/2011,2011,2011
2011,Maternal_disorders,234669,01/01/2011,2011,2011
2011,Meningitis,312733,01/01/2011,2011,2011
2011,Neonatal_disorders,2383664,01/01/2011,2011,2011
2011,Neoplasms,8468793,01/01/2011,2011,2011
2011,Nutritional_deficiencies,314327,01/01/2011,2011,2011
2011,Parkinson_s_disease,284488,01/01/2011,2011,2011
2011,Poisonings,86099,01/01/2011,2011,2011
2011,Protein_energy_malnutrition,271516,01/01/2011,2011,2011
2011,Road_injuries_,1267737,01/01/2011,2011,2011
2011,Self_harm,777218,01/01/2011,2011,2011
2011,Tuberculosis,1331697,01/01/2011,2011,2011
2012,Acute_hepatitis,104589,01/01/2012,2012,2012
2012,Alcohol_use_disorders,159381,01/01/2012,2012,2012
2012,Alzheimer_s_disease_and_other_dementias,1247515,01/01/2012,2012,2012
2012,Cardiovascular_diseases,16245243,01/01/2012,2012,2012
2012,Chronic_kidney_disease,1176295,01/01/2012,2012,2012
2012,Chronic_respiratory_diseases,3558276,01/01/2012,2012,2012
2012,Cirrhosis_and_other_chronic_liver_diseases,1354358,01/01/2012,2012,2012
2012,Conflict_and_terrorism,112295,01/01/2012,2012,2012
2012,Diabetes_mellitus,1236606,01/01/2012,2012,2012
2012,Diarrheal_diseases,1834769,01/01/2012,2012,2012
2012,Digestive_diseases,2329472,01/01/2012,2012,2012
2012,Drowning,275585,01/01/2012,2012,2012
2012,Drug_use_disorders,90934,01/01/2012,2012,2012
2012,Environmental_heat_and_cold_exposure,51418,01/01/2012,2012,2012
2012,Exposure_to_forces_of_nature,8959,01/01/2012,2012,2012
2012,Fire__heat__and_hot_substances,112090,01/01/2012,2012,2012
2012,HIV_AIDS,1198698,01/01/2012,2012,2012
2012,Interpersonal_violence,417694,01/01/2012,2012,2012
2012,Lower_respiratory_infections,2526051,01/01/2012,2012,2012
2012,Malaria,806183,01/01/2012,2012,2012
2012,Maternal_disorders,227177,01/01/2012,2012,2012
2012,Meningitis,300091,01/01/2012,2012,2012
2012,Neonatal_disorders,2339979,01/01/2012,2012,2012
2012,Neoplasms,8611952,01/01/2012,2012,2012
2012,Nutritional_deficiencies,298117,01/01/2012,2012,2012
2012,Parkinson_s_disease,293123,01/01/2012,2012,2012
2012,Poisonings,84595,01/01/2012,2012,2012
2012,Protein_energy_malnutrition,255541,01/01/2012,2012,2012
2012,Road_injuries_,1255450,01/01/2012,2012,2012
2012,Self_harm,767020,01/01/2012,2012,2012
2012,Tuberculosis,1318198,01/01/2012,2012,2012
2013,Acute_hepatitis,98898,01/01/2013,2013,2013
2013,Alcohol_use_disorders,158848,01/01/2013,2013,2013
2013,Alzheimer_s_disease_and_other_dementias,1294701,01/01/2013,2013,2013
2013,Cardiovascular_diseases,16490053,01/01/2013,2013,2013
2013,Chronic_kidney_disease,1214187,01/01/2013,2013,2013
2013,Chronic_respiratory_diseases,3610804,01/01/2013,2013,2013
2013,Cirrhosis_and_other_chronic_liver_diseases,1359145,01/01/2013,2013,2013
2013,Conflict_and_terrorism,117364,01/01/2013,2013,2013
2013,Diabetes_mellitus,1277414,01/01/2013,2013,2013
2013,Diarrheal_diseases,1788081,01/01/2013,2013,2013
2013,Digestive_diseases,2348963,01/01/2013,2013,2013
2013,Drowning,266827,01/01/2013,2013,2013
2013,Drug_use_disorders,94562,01/01/2013,2013,2013
2013,Environmental_heat_and_cold_exposure,49503,01/01/2013,2013,2013
2013,Exposure_to_forces_of_nature,26906,01/01/2013,2013,2013
2013,Fire__heat__and_hot_substances,111818,01/01/2013,2013,2013
2013,HIV_AIDS,1126196,01/01/2013,2013,2013
2013,Interpersonal_violence,415620,01/01/2013,2013,2013
2013,Lower_respiratory_infections,2537037,01/01/2013,2013,2013
2013,Malaria,751776,01/01/2013,2013,2013
2013,Maternal_disorders,223473,01/01/2013,2013,2013
2013,Meningitis,289502,01/01/2013,2013,2013
2013,Neonatal_disorders,2299343,01/01/2013,2013,2013
2013,Neoplasms,8757263,01/01/2013,2013,2013
2013,Nutritional_deficiencies,291451,01/01/2013,2013,2013
2013,Parkinson_s_disease,303488,01/01/2013,2013,2013
2013,Poisonings,83618,01/01/2013,2013,2013
2013,Protein_energy_malnutrition,249435,01/01/2013,2013,2013
2013,Road_injuries_,1232221,01/01/2013,2013,2013
2013,Self_harm,755568,01/01/2013,2013,2013
2013,Tuberculosis,1307485,01/01/2013,2013,2013
2014,Acute_hepatitis,92845,01/01/2014,2014,2014
2014,Alcohol_use_disorders,159291,01/01/2014,2014,2014
2014,Alzheimer_s_disease_and_other_dementias,1343756,01/01/2014,2014,2014
2014,Cardiovascular_diseases,16715810,01/01/2014,2014,2014
2014,Chronic_kidney_disease,1247378,01/01/2014,2014,2014
2014,Chronic_respiratory_diseases,3651653,01/01/2014,2014,2014
2014,Cirrhosis_and_other_chronic_liver_diseases,1363403,01/01/2014,2014,2014
2014,Conflict_and_terrorism,187939,01/01/2014,2014,2014
2014,Diabetes_mellitus,1320608,01/01/2014,2014,2014
2014,Diarrheal_diseases,1725693,01/01/2014,2014,2014
2014,Digestive_diseases,2364063,01/01/2014,2014,2014
2014,Drowning,258489,01/01/2014,2014,2014
2014,Drug_use_disorders,99295,01/01/2014,2014,2014
2014,Environmental_heat_and_cold_exposure,48775,01/01/2014,2014,2014
2014,Exposure_to_forces_of_nature,7412,01/01/2014,2014,2014
2014,Fire__heat__and_hot_substances,110102,01/01/2014,2014,2014
2014,HIV_AIDS,1072970,01/01/2014,2014,2014
2014,Interpersonal_violence,413371,01/01/2014,2014,2014
2014,Lower_respiratory_infections,2532104,01/01/2014,2014,2014
2014,Malaria,724324,01/01/2014,2014,2014
2014,Maternal_disorders,214881,01/01/2014,2014,2014
2014,Meningitis,280438,01/01/2014,2014,2014
2014,Neonatal_disorders,2237472,01/01/2014,2014,2014
2014,Neoplasms,8920309,01/01/2014,2014,2014
2014,Nutritional_deficiencies,284578,01/01/2014,2014,2014
2014,Parkinson_s_disease,312928,01/01/2014,2014,2014
2014,Poisonings,81976,01/01/2014,2014,2014
2014,Protein_energy_malnutrition,242956,01/01/2014,2014,2014
2014,Road_injuries_,1213989,01/01/2014,2014,2014
2014,Self_harm,744751,01/01/2014,2014,2014
2014,Tuberculosis,1294816,01/01/2014,2014,2014
2015,Acute_hepatitis,88750,01/01/2015,2015,2015
2015,Alcohol_use_disorders,160713,01/01/2015,2015,2015
2015,Alzheimer_s_disease_and_other_dementias,1394942,01/01/2015,2015,2015
2015,Cardiovascular_diseases,17089707,01/01/2015,2015,2015
2015,Chronic_kidney_disease,1286935,01/01/2015,2015,2015
2015,Chronic_respiratory_diseases,3690907,01/01/2015,2015,2015
2015,Cirrhosis_and_other_chronic_liver_diseases,1384947,01/01/2015,2015,2015
2015,Conflict_and_terrorism,167030,01/01/2015,2015,2015
2015,Diabetes_mellitus,1366100,01/01/2015,2015,2015
2015,Diarrheal_diseases,1679043,01/01/2015,2015,2015
2015,Digestive_diseases,2404387,01/01/2015,2015,2015
2015,Drowning,254237,01/01/2015,2015,2015
2015,Drug_use_disorders,105401,01/01/2015,2015,2015
2015,Environmental_heat_and_cold_exposure,51665,01/01/2015,2015,2015
2015,Exposure_to_forces_of_nature,15583,01/01/2015,2015,2015
2015,Fire__heat__and_hot_substances,110167,01/01/2015,2015,2015
2015,HIV_AIDS,1029667,01/01/2015,2015,2015
2015,Interpersonal_violence,416362,01/01/2015,2015,2015
2015,Lower_respiratory_infections,2533068,01/01/2015,2015,2015
2015,Malaria,702890,01/01/2015,2015,2015
2015,Maternal_disorders,208450,01/01/2015,2015,2015
2015,Meningitis,267789,01/01/2015,2015,2015
2015,Neonatal_disorders,2183143,01/01/2015,2015,2015
2015,Neoplasms,9133616,01/01/2015,2015,2015
2015,Nutritional_deficiencies,278793,01/01/2015,2015,2015
2015,Parkinson_s_disease,321782,01/01/2015,2015,2015
2015,Poisonings,80974,01/01/2015,2015,2015
2015,Protein_energy_malnutrition,237723,01/01/2015,2015,2015
2015,Road_injuries_,1201418,01/01/2015,2015,2015
2015,Self_harm,742648,01/01/2015,2015,2015
2015,Tuberculosis,1267556,01/01/2015,2015,2015
2016,Acute_hepatitis,84726,01/01/2016,2016,2016
2016,Alcohol_use_disorders,162047,01/01/2016,2016,2016
2016,Alzheimer_s_disease_and_other_dementias,1451840,01/01/2016,2016,2016
2016,Cardiovascular_diseases,17398709,01/01/2016,2016,2016
2016,Chronic_kidney_disease,1325004,01/01/2016,2016,2016
2016,Chronic_respiratory_diseases,3740794,01/01/2016,2016,2016
2016,Cirrhosis_and_other_chronic_liver_diseases,1404134,01/01/2016,2016,2016
2016,Conflict_and_terrorism,161637,01/01/2016,2016,2016
2016,Diabetes_mellitus,1412896,01/01/2016,2016,2016
2016,Diarrheal_diseases,1639826,01/01/2016,2016,2016
2016,Digestive_diseases,2439649,01/01/2016,2016,2016
2016,Drowning,248811,01/01/2016,2016,2016
2016,Drug_use_disorders,112875,01/01/2016,2016,2016
2016,Environmental_heat_and_cold_exposure,47495,01/01/2016,2016,2016
2016,Exposure_to_forces_of_nature,8672,01/01/2016,2016,2016
2016,Fire__heat__and_hot_substances,109840,01/01/2016,2016,2016
2016,HIV_AIDS,996098,01/01/2016,2016,2016
2016,Interpersonal_violence,412500,01/01/2016,2016,2016
2016,Lower_respiratory_infections,2516135,01/01/2016,2016,2016
2016,Malaria,660364,01/01/2016,2016,2016
2016,Maternal_disorders,203737,01/01/2016,2016,2016
2016,Meningitis,261246,01/01/2016,2016,2016
2016,Neonatal_disorders,2099079,01/01/2016,2016,2016
2016,Neoplasms,9336894,01/01/2016,2016,2016
2016,Nutritional_deficiencies,273191,01/01/2016,2016,2016
2016,Parkinson_s_disease,330736,01/01/2016,2016,2016
2016,Poisonings,79951,01/01/2016,2016,2016
2016,Protein_energy_malnutrition,232544,01/01/2016,2016,2016
2016,Road_injuries_,1193556,01/01/2016,2016,2016
2016,Self_harm,742925,01/01/2016,2016,2016
2016,Tuberculosis,1249524,01/01/2016,2016,2016
2017,Acute_hepatitis,82472,01/01/2017,2017,2017
2017,Alcohol_use_disorders,162599,01/01/2017,2017,2017
2017,Alzheimer_s_disease_and_other_dementias,1509646,01/01/2017,2017,2017
2017,Cardiovascular_diseases,17685890,01/01/2017,2017,2017
2017,Chronic_kidney_disease,1351349,01/01/2017,2017,2017
2017,Chronic_respiratory_diseases,3795946,01/01/2017,2017,2017
2017,Cirrhosis_and_other_chronic_liver_diseases,1425956,01/01/2017,2017,2017
2017,Conflict_and_terrorism,130737,01/01/2017,2017,2017
2017,Diabetes_mellitus,1454681,01/01/2017,2017,2017
2017,Diarrheal_diseases,1632183,01/01/2017,2017,2017
2017,Digestive_diseases,2478029,01/01/2017,2017,2017
2017,Drowning,241842,01/01/2017,2017,2017
2017,Drug_use_disorders,118324,01/01/2017,2017,2017
2017,Environmental_heat_and_cold_exposure,46276,01/01/2017,2017,2017
2017,Exposure_to_forces_of_nature,13309,01/01/2017,2017,2017
2017,Fire__heat__and_hot_substances,109165,01/01/2017,2017,2017
2017,HIV_AIDS,947006,01/01/2017,2017,2017
2017,Interpersonal_violence,417143,01/01/2017,2017,2017
2017,Lower_respiratory_infections,2487918,01/01/2017,2017,2017
2017,Malaria,629653,01/01/2017,2017,2017
2017,Maternal_disorders,199197,01/01/2017,2017,2017
2017,Meningitis,250132,01/01/2017,2017,2017
2017,Neonatal_disorders,2014896,01/01/2017,2017,2017
2017,Neoplasms,9529491,01/01/2017,2017,2017
2017,Nutritional_deficiencies,267463,01/01/2017,2017,2017
2017,Parkinson_s_disease,339343,01/01/2017,2017,2017
2017,Poisonings,78484,01/01/2017,2017,2017
2017,Protein_energy_malnutrition,227038,01/01/2017,2017,2017
2017,Road_injuries_,1188281,01/01/2017,2017,2017
2017,Self_harm,743620,01/01/2017,2017,2017
2017,Tuberculosis,1231689,01/01/2017,2017,2017
2018,Acute_hepatitis,80894,01/01/2018,2018,2018
2018,Alcohol_use_disorders,165462,01/01/2018,2018,2018
2018,Alzheimer_s_disease_and_other_dementias,1568617,01/01/2018,2018,2018
2018,Cardiovascular_diseases,18113910,01/01/2018,2018,2018
2018,Chronic_kidney_disease,1387668,01/01/2018,2018,2018
2018,Chronic_respiratory_diseases,3886637,01/01/2018,2018,2018
2018,Cirrhosis_and_other_chronic_liver_diseases,1447651,01/01/2018,2018,2018
2018,Conflict_and_terrorism,103407,01/01/2018,2018,2018
2018,Diabetes_mellitus,1501633,01/01/2018,2018,2018
2018,Diarrheal_diseases,1577953,01/01/2018,2018,2018
2018,Digestive_diseases,2515213,01/01/2018,2018,2018
2018,Drowning,240266,01/01/2018,2018,2018
2018,Drug_use_disorders,123095,01/01/2018,2018,2018
2018,Environmental_heat_and_cold_exposure,46272,01/01/2018,2018,2018
2018,Exposure_to_forces_of_nature,11082,01/01/2018,2018,2018
2018,Fire__heat__and_hot_substances,110642,01/01/2018,2018,2018
2018,HIV_AIDS,892341,01/01/2018,2018,2018
2018,Interpersonal_violence,419249,01/01/2018,2018,2018
2018,Lower_respiratory_infections,2486438,01/01/2018,2018,2018
2018,Malaria,631568,01/01/2018,2018,2018
2018,Maternal_disorders,198069,01/01/2018,2018,2018
2018,Meningitis,241666,01/01/2018,2018,2018
2018,Neonatal_disorders,1942350,01/01/2018,2018,2018
2018,Neoplasms,9791758,01/01/2018,2018,2018
2018,Nutritional_deficiencies,258094,01/01/2018,2018,2018
2018,Parkinson_s_disease,351322,01/01/2018,2018,2018
2018,Poisonings,77805,01/01/2018,2018,2018
2018,Protein_energy_malnutrition,218222,01/01/2018,2018,2018
2018,Road_injuries_,1195919,01/01/2018,2018,2018
2018,Self_harm,755125,01/01/2018,2018,2018
2018,Tuberculosis,1204916,01/01/2018,2018,2018
2019,Acute_hepatitis,79099,01/01/2019,2019,2019
2019,Alcohol_use_disorders,167781,01/01/2019,2019,2019
2019,Alzheimer_s_disease_and_other_dementias,1620797,01/01/2019,2019,2019
2019,Cardiovascular_diseases,18525078,01/01/2019,2019,2019
2019,Chronic_kidney_disease,1424000,01/01/2019,2019,2019
2019,Chronic_respiratory_diseases,3970744,01/01/2019,2019,2019
2019,Cirrhosis_and_other_chronic_liver_diseases,1468203,01/01/2019,2019,2019
2019,Conflict_and_terrorism,62932,01/01/2019,2019,2019
2019,Diabetes_mellitus,1546628,01/01/2019,2019,2019
2019,Diarrheal_diseases,1533219,01/01/2019,2019,2019
2019,Digestive_diseases,2552294,01/01/2019,2019,2019
2019,Drowning,236750,01/01/2019,2019,2019
2019,Drug_use_disorders,127995,01/01/2019,2019,2019
2019,Environmental_heat_and_cold_exposure,47432,01/01/2019,2019,2019
2019,Exposure_to_forces_of_nature,6072,01/01/2019,2019,2019
2019,Fire__heat__and_hot_substances,111055,01/01/2019,2019,2019
2019,HIV_AIDS,861694,01/01/2019,2019,2019
2019,Interpersonal_violence,412164,01/01/2019,2019,2019
2019,Lower_respiratory_infections,2489462,01/01/2019,2019,2019
2019,Malaria,643196,01/01/2019,2019,2019
2019,Maternal_disorders,196075,01/01/2019,2019,2019
2019,Meningitis,235867,01/01/2019,2019,2019
2019,Neonatal_disorders,1878065,01/01/2019,2019,2019
2019,Neoplasms,10063467,01/01/2019,2019,2019
2019,Nutritional_deficiencies,250947,01/01/2019,2019,2019
2019,Parkinson_s_disease,362256,01/01/2019,2019,2019
2019,Poisonings,77081,01/01/2019,2019,2019
2019,Protein_energy_malnutrition,211654,01/01/2019,2019,2019
2019,Road_injuries_,1194907,01/01/2019,2019,2019
2019,Self_harm,758026,01/01/2019,2019,2019
2019,Tuberculosis,1178483,01/01/2019,2019,2019