vector,word,Pos,wordCount,percent_of_total
1,break,NOUN,1,0.2
1,bus,NOUN,1,0.2
1,meditation,NOUN,1,0.2
1,study,NOUN,1,0.2
1,wearable,NOUN,1,0.2
2,affective,ADJ,1,0.3333333333333333
2,computing,NOUN,1,0.3333333333333333
2,stress,NOUN,1,0.3333333333333333
3,bot,NOUN,1,0.2
3,emotional,ADJ,1,0.2
3,format,NOUN,1,0.2
3,support,NOUN,1,0.2
3,tangible,ADJ,1,0.2
4,different,ADJ,1,0.2
4,friend,NOUN,1,0.2
4,people,NOUN,1,0.2
4,personality,NOUN,1,0.2
4,vibe,NOUN,1,0.2
5,collaborate,ADJ,1,0.2
5,light,NOUN,1,0.2
5,meeting,NOUN,1,0.2
5,realistic,ADJ,1,0.2
5,tangible,ADJ,1,0.2
6,melatonin,NOUN,1,0.25
6,people,NOUN,1,0.25
6,sleep,NOUN,1,0.25
6,tangible,ADJ,1,0.25
7,amount,NOUN,1,0.1
7,coffee,NOUN,2,0.2
7,cup,NOUN,2,0.2
7,outside,NOUN,1,0.1
7,progress,NOUN,1,0.1
7,screen,NOUN,1,0.1
7,tangent,NOUN,1,0.1
7,track,NOUN,1,0.1
8,audio,ADJ,1,0.125
8,device,NOUN,1,0.125
8,document,NOUN,1,0.125
8,file,NOUN,1,0.125
8,paper,NOUN,1,0.125
8,reading,NOUN,1,0.125
8,transit,NOUN,1,0.125
8,user,NOUN,1,0.125
9,call,NOUN,1,0.16666666666666666
9,earring,NOUN,1,0.16666666666666666
9,hard,ADJ,1,0.16666666666666666
9,headset,NOUN,1,0.16666666666666666
9,smart,ADJ,1,0.16666666666666666
9,unobtrusive,ADJ,1,0.16666666666666666
10,breathing,NOUN,1,0.125
10,flight,NOUN,1,0.125
10,long,ADJ,1,0.125
10,mechanic,NOUN,1,0.125
10,neck,NOUN,1,0.125
10,pattern,NOUN,1,0.125
10,pillow,NOUN,1,0.125
10,sleep,NOUN,1,0.125
11,favorite,ADJ,1,0.1111111111111111
11,hotel,NOUN,1,0.1111111111111111
11,interface,NOUN,1,0.1111111111111111
11,local,ADJ,1,0.1111111111111111
11,most,ADJ,1,0.1111111111111111
11,spot,NOUN,1,0.1111111111111111
11,trip,NOUN,1,0.1111111111111111
11,work,NOUN,1,0.1111111111111111
11,worker,NOUN,1,0.1111111111111111
12,case,NOUN,1,0.2
12,interactive,ADJ,1,0.2
12,laptop,NOUN,2,0.4
12,stand,NOUN,1,0.2
13,good,ADJ,1,0.16666666666666666
13,interface,NOUN,1,0.16666666666666666
13,practice,NOUN,1,0.16666666666666666
13,productivity,NOUN,1,0.16666666666666666
13,time,NOUN,1,0.16666666666666666
13,track,NOUN,1,0.16666666666666666
14,break,NOUN,1,0.1111111111111111
14,drink,NOUN,1,0.1111111111111111
14,interface,NOUN,1,0.1111111111111111
14,practice,NOUN,1,0.1111111111111111
14,reminder,NOUN,1,0.1111111111111111
14,screen,NOUN,1,0.1111111111111111
14,such,ADJ,1,0.1111111111111111
14,walk,NOUN,1,0.1111111111111111
14,water,NOUN,1,0.1111111111111111
15,able,ADJ,1,0.1111111111111111
15,conversation,NOUN,1,0.1111111111111111
15,exchange,NOUN,1,0.1111111111111111
15,idea,NOUN,1,0.1111111111111111
15,new,ADJ,1,0.1111111111111111
15,people,NOUN,2,0.2222222222222222
15,place,NOUN,1,0.1111111111111111
15,proximity,NOUN,1,0.1111111111111111
16,connection,NOUN,1,0.09090909090909091
16,facilitation,NOUN,1,0.09090909090909091
16,people,NOUN,1,0.09090909090909091
16,picture,NOUN,1,0.09090909090909091
16,platform,NOUN,1,0.09090909090909091
16,public,ADJ,1,0.09090909090909091
16,review,NOUN,1,0.09090909090909091
16,space,NOUN,2,0.18181818181818182
16,work,NOUN,1,0.09090909090909091
16,worker,NOUN,1,0.09090909090909091
17,able,ADJ,2,0.18181818181818182
17,accountabilitybuddy,NOUN,1,0.09090909090909091
17,common,ADJ,1,0.09090909090909091
17,goal,NOUN,1,0.09090909090909091
17,people,NOUN,1,0.09090909090909091
17,place,NOUN,1,0.09090909090909091
17,platform,NOUN,1,0.09090909090909091
17,preference,NOUN,1,0.09090909090909091
17,productivity,NOUN,1,0.09090909090909091
17,work,NOUN,1,0.09090909090909091
18,checklist,NOUN,1,0.125
18,fun,NOUN,1,0.125
18,interactive,ADJ,1,0.125
18,list,NOUN,1,0.125
18,people,NOUN,1,0.125
18,task,NOUN,1,0.125
18,todo,ADJ,1,0.125
18,way,NOUN,1,0.125
19,exam,NOUN,1,0.2
19,measure,NOUN,1,0.2
19,online,ADJ,1,0.2
19,pulse,NOUN,1,0.2
19,tui,NOUN,1,0.2
20,move,NOUN,1,0.2
20,people,NOUN,1,0.2
20,portable,ADJ,1,0.2
20,printer,NOUN,1,0.2
20,screen,NOUN,1,0.2
21,awake,ADJ,1,0.16666666666666666
21,deadline,NOUN,1,0.16666666666666666
21,pen,NOUN,1,0.16666666666666666
21,pulse,NOUN,1,0.16666666666666666
21,reminder,NOUN,1,0.16666666666666666
21,sensory,ADJ,1,0.16666666666666666
22,adjustment,NOUN,1,0.125
22,ambiance,NOUN,1,0.125
22,color,NOUN,1,0.125
22,different,ADJ,1,0.125
22,environmental,ADJ,1,0.125
22,light,NOUN,1,0.125
22,lightdarkness,ADJ,1,0.125
22,reader,NOUN,1,0.125
23,darklight,ADJ,1,0.3333333333333333
23,mode,NOUN,1,0.3333333333333333
23,whiteboard,NOUN,1,0.3333333333333333
24,approachable,ADJ,1,0.2
24,list,NOUN,1,0.2
24,overwhelming,ADJ,1,0.2
24,task,NOUN,1,0.2
24,tui,NOUN,1,0.2
26,design,NOUN,1,0.1111111111111111
26,lamp,NOUN,1,0.1111111111111111
26,light,NOUN,1,0.1111111111111111
26,meditation,NOUN,1,0.1111111111111111
26,natural,ADJ,1,0.1111111111111111
26,people,NOUN,1,0.1111111111111111
26,sleep,NOUN,1,0.1111111111111111
26,sound,NOUN,1,0.1111111111111111
26,therapy,NOUN,1,0.1111111111111111
27,brainstorming,NOUN,1,0.1
27,collaborative,ADJ,1,0.1
27,facial,ADJ,1,0.1
27,gesture,NOUN,1,0.1
27,interactive,ADJ,1,0.1
27,multitouch,ADJ,1,0.1
27,recognition,NOUN,1,0.1
27,session,NOUN,1,0.1
27,wallmounted,ADJ,1,0.1
27,whiteboard,NOUN,1,0.1
28,ability,NOUN,1,0.058823529411764705
28,different,ADJ,1,0.058823529411764705
28,digital,ADJ,1,0.058823529411764705
28,metal,NOUN,1,0.058823529411764705
28,other,ADJ,1,0.058823529411764705
28,paper,NOUN,1,0.058823529411764705
28,pen,NOUN,2,0.11764705882352941
28,plastic,NOUN,1,0.058823529411764705
28,surface,NOUN,4,0.23529411764705882
28,type,NOUN,1,0.058823529411764705
28,user,NOUN,2,0.11764705882352941
28,wood,NOUN,1,0.058823529411764705
29,machine,NOUN,1,0.16666666666666666
29,rain,NOUN,1,0.16666666666666666
29,sound,NOUN,2,0.3333333333333333
29,wave,NOUN,1,0.16666666666666666
29,wind,NOUN,1,0.16666666666666666
30,display,NOUN,1,0.09090909090909091
30,interactive,ADJ,1,0.09090909090909091
30,location,NOUN,1,0.09090909090909091
30,public,ADJ,1,0.09090909090909091
30,review,NOUN,1,0.09090909090909091
30,space,NOUN,1,0.09090909090909091
30,tablet,NOUN,1,0.09090909090909091
30,unit,NOUN,1,0.09090909090909091
30,user,NOUN,1,0.09090909090909091
30,wallmounted,ADJ,1,0.09090909090909091
30,work,NOUN,1,0.09090909090909091
50,headphone,NOUN,1,0.3333333333333333
50,level,NOUN,1,0.3333333333333333
50,sound,NOUN,1,0.3333333333333333
51,glass,NOUN,1,0.5
51,space,NOUN,1,0.5
52,band,NOUN,1,0.3333333333333333
52,schedule,NOUN,1,0.3333333333333333
52,wrist,NOUN,1,0.3333333333333333
53,much,ADJ,1,0.3333333333333333
53,pencil,NOUN,1,0.3333333333333333
53,track,NOUN,1,0.3333333333333333
54,glass,NOUN,1,0.5
54,screen,NOUN,1,0.5
55,progress,NOUN,1,0.25
55,table,NOUN,1,0.25
55,task,NOUN,1,0.25
55,track,NOUN,1,0.25
56,break,NOUN,1,0.5
56,device,NOUN,1,0.5
57,idea,NOUN,1,0.3333333333333333
57,speaker,NOUN,1,0.3333333333333333
57,user,NOUN,1,0.3333333333333333
58,alarm,NOUN,1,0.2
58,bottle,NOUN,1,0.2
58,hydrated,ADJ,1,0.2
58,user,NOUN,1,0.2
58,water,NOUN,1,0.2
59,hand,NOUN,1,0.3333333333333333
59,temperature,NOUN,1,0.3333333333333333
59,warm,NOUN,1,0.3333333333333333
60,able,ADJ,1,0.25
60,day,NOUN,1,0.25
60,glass,NOUN,1,0.25
60,time,NOUN,1,0.25
61,back,NOUN,1,0.3333333333333333
61,cushion,NOUN,1,0.3333333333333333
61,vibrate,NOUN,1,0.3333333333333333
62,clipboard,NOUN,1,0.1
62,device,NOUN,1,0.1
62,ez,NOUN,1,0.1
62,info,NOUN,2,0.2
62,multiple,ADJ,1,0.1
62,note,NOUN,1,0.1
62,piece,NOUN,1,0.1
62,sort,NOUN,1,0.1
62,sticky,ADJ,1,0.1
63,device,NOUN,1,0.5
63,need,NOUN,1,0.5
64,ambience,NOUN,1,0.14285714285714285
64,atmosphere,NOUN,1,0.14285714285714285
64,kind,NOUN,1,0.14285714285714285
64,light,NOUN,1,0.14285714285714285
64,replicate,ADJ,1,0.14285714285714285
64,sort,NOUN,1,0.14285714285714285
64,sunlightcoffeeshopcheerful,ADJ,1,0.14285714285714285
65,hand,NOUN,1,0.2
65,mousekeyboard,NOUN,1,0.2
65,smth,NOUN,1,0.2
65,strain,NOUN,1,0.2
65,wristsfinger,NOUN,1,0.2
66,ambience,NOUN,1,0.2
66,atmosphere,NOUN,1,0.2
66,headphone,NOUN,1,0.2
66,librarycoffeeshop,NOUN,1,0.2
66,pleasing,ADJ,1,0.2
67,schedule,NOUN,1,0.25
67,task,NOUN,1,0.25
67,visual,ADJ,1,0.25
67,wayalway,NOUN,1,0.25
75,adjustment,NOUN,1,0.02564102564102564
75,ambience,NOUN,3,0.07692307692307693
75,atmosphere,NOUN,1,0.02564102564102564
75,background,NOUN,1,0.02564102564102564
75,cafe,NOUN,1,0.02564102564102564
75,calming,ADJ,1,0.02564102564102564
75,changing,NOUN,1,0.02564102564102564
75,coffeeshop,NOUN,1,0.02564102564102564
75,color,NOUN,2,0.05128205128205128
75,cool,ADJ,1,0.02564102564102564
75,cozy,ADJ,1,0.02564102564102564
75,cycle,NOUN,1,0.02564102564102564
75,daylight,NOUN,1,0.02564102564102564
75,device,NOUN,2,0.05128205128205128
75,environment,NOUN,1,0.02564102564102564
75,feeling,NOUN,1,0.02564102564102564
75,intensity,NOUN,1,0.02564102564102564
75,jazz,NOUN,1,0.02564102564102564
75,level,NOUN,1,0.02564102564102564
75,light,NOUN,5,0.1282051282051282
75,low,ADJ,1,0.02564102564102564
75,music,NOUN,1,0.02564102564102564
75,natural,ADJ,1,0.02564102564102564
75,noise,NOUN,1,0.02564102564102564
75,perfect,ADJ,1,0.02564102564102564
75,relaxing,ADJ,1,0.02564102564102564
75,simple,ADJ,1,0.02564102564102564
75,subtle,ADJ,1,0.02564102564102564
75,warm,ADJ,2,0.05128205128205128
75,yelloworange,NOUN,1,0.02564102564102564
76,background,NOUN,1,0.02631578947368421
76,base,NOUN,1,0.02631578947368421
76,bright,ADJ,1,0.02631578947368421
76,button,NOUN,1,0.02631578947368421
76,cm,NOUN,2,0.05263157894736842
76,color,NOUN,1,0.02631578947368421
76,current,ADJ,1,0.02631578947368421
76,cylindrical,ADJ,1,0.02631578947368421
76,device,NOUN,3,0.07894736842105263
76,diameter,NOUN,1,0.02631578947368421
76,display,NOUN,1,0.02631578947368421
76,flat,ADJ,1,0.02631578947368421
76,front,ADJ,1,0.02631578947368421
76,height,NOUN,1,0.02631578947368421
76,intensity,NOUN,1,0.02631578947368421
76,knob,NOUN,1,0.02631578947368421
76,led,NOUN,1,0.02631578947368421
76,level,NOUN,1,0.02631578947368421
76,light,ADJ,3,0.07894736842105263
76,material,NOUN,1,0.02631578947368421
76,noise,NOUN,1,0.02631578947368421
76,panel,NOUN,1,0.02631578947368421
76,plastic,NOUN,1,0.02631578947368421
76,portable,ADJ,1,0.02631578947368421
76,round,ADJ,1,0.02631578947368421
76,setting,NOUN,2,0.05263157894736842
76,several,ADJ,1,0.02631578947368421
76,small,ADJ,1,0.02631578947368421
76,sound,ADJ,1,0.02631578947368421
76,surface,NOUN,1,0.02631578947368421
76,user,NOUN,1,0.02631578947368421
76,white,ADJ,1,0.02631578947368421
77,name,NOUN,1,1.0
78,cushion,NOUN,1,0.3333333333333333
78,posture,NOUN,1,0.3333333333333333
78,proper,ADJ,1,0.3333333333333333
79,name,NOUN,1,1.0
80,name,NOUN,1,1.0
81,name,NOUN,1,1.0
82,name,NOUN,1,1.0
83,box,NOUN,1,0.021739130434782608
83,button,NOUN,1,0.021739130434782608
83,computer,NOUN,1,0.021739130434782608
83,control,NOUN,2,0.043478260869565216
83,day,NOUN,1,0.021739130434782608
83,deep,ADJ,1,0.021739130434782608
83,device,NOUN,2,0.043478260869565216
83,dial,NOUN,1,0.021739130434782608
83,digital,ADJ,1,0.021739130434782608
83,display,NOUN,1,0.021739130434782608
83,duration,NOUN,1,0.021739130434782608
83,ergonomic,ADJ,1,0.021739130434782608
83,forearm,ADJ,1,0.021739130434782608
83,gentle,ADJ,1,0.021739130434782608
83,hand,NOUN,1,0.021739130434782608
83,help,NOUN,1,0.021739130434782608
83,intensity,NOUN,1,0.021739130434782608
83,interface,NOUN,1,0.021739130434782608
83,long,ADJ,1,0.021739130434782608
83,massage,NOUN,4,0.08695652173913043
83,mode,NOUN,1,0.021739130434782608
83,muscle,NOUN,1,0.021739130434782608
83,rest,NOUN,2,0.043478260869565216
83,several,ADJ,1,0.021739130434782608
83,shape,NOUN,1,0.021739130434782608
83,slider,NOUN,1,0.021739130434782608
83,soft,ADJ,1,0.021739130434782608
83,strain,NOUN,2,0.043478260869565216
83,such,ADJ,1,0.021739130434782608
83,tangible,ADJ,1,0.021739130434782608
83,tissue,NOUN,1,0.021739130434782608
83,user,NOUN,1,0.021739130434782608
83,variety,NOUN,1,0.021739130434782608
83,wrist,NOUN,6,0.13043478260869565
84,cm,NOUN,2,0.05
84,computer,NOUN,1,0.025
84,current,ADJ,1,0.025
84,day,NOUN,1,0.025
84,daytoday,NOUN,1,0.025
84,device,NOUN,3,0.075
84,digital,ADJ,1,0.025
84,display,NOUN,1,0.025
84,durable,ADJ,1,0.025
84,finish,NOUN,1,0.025
84,glossy,ADJ,1,0.025
84,length,NOUN,1,0.025
84,list,NOUN,1,0.025
84,material,NOUN,1,0.025
84,one,NOUN,1,0.025
84,plastic,NOUN,1,0.025
84,progress,NOUN,1,0.025
84,rectangular,ADJ,1,0.025
84,reminder,NOUN,1,0.025
84,schedule,NOUN,3,0.075
84,smartphone,NOUN,1,0.025
84,smooth,ADJ,1,0.025
84,surface,NOUN,2,0.05
84,tangible,ADJ,1,0.025
84,task,NOUN,4,0.1
84,todo,ADJ,1,0.025
84,top,NOUN,1,0.025
84,track,NOUN,1,0.025
84,user,NOUN,2,0.05
84,width,NOUN,1,0.025
85,bad,ADJ,1,0.03571428571428571
85,breathable,ADJ,1,0.03571428571428571
85,comfort,NOUN,1,0.03571428571428571
85,fabric,NOUN,1,0.03571428571428571
85,foam,NOUN,1,0.03571428571428571
85,goal,NOUN,1,0.03571428571428571
85,pillow,NOUN,5,0.17857142857142858
85,posture,NOUN,5,0.17857142857142858
85,sensor,NOUN,1,0.03571428571428571
85,smart,ADJ,2,0.07142857142857142
85,smartphone,NOUN,1,0.03571428571428571
85,soft,ADJ,1,0.03571428571428571
85,supportive,ADJ,1,0.03571428571428571
85,time,NOUN,1,0.03571428571428571
85,user,NOUN,4,0.14285714285714285
85,well,ADJ,1,0.03571428571428571
99,computer,NOUN,1,0.25
99,portable,ADJ,1,0.25
99,screen,NOUN,2,0.5
100,bumpy,ADJ,1,0.2
100,desk,NOUN,1,0.2
100,portable,ADJ,1,0.2
100,ride,NOUN,1,0.2
100,stable,ADJ,1,0.2
101,portable,ADJ,1,0.2
101,unreliablenonexistent,ADJ,1,0.2
101,way,NOUN,1,0.2
101,wifi,NOUN,2,0.4
102,background,NOUN,1,0.16666666666666666
102,call,NOUN,1,0.16666666666666666
102,noise,NOUN,1,0.16666666666666666
102,people,NOUN,1,0.16666666666666666
102,video,NOUN,1,0.16666666666666666
102,way,NOUN,1,0.16666666666666666
103,app,NOUN,1,0.25
103,area,NOUN,1,0.25
103,question,NOUN,1,0.25
103,trivia,ADJ,1,0.25
104,area,NOUN,1,0.16666666666666666
104,competition,NOUN,1,0.16666666666666666
104,game,NOUN,2,0.3333333333333333
104,other,ADJ,1,0.16666666666666666
104,people,NOUN,1,0.16666666666666666
105,people,NOUN,1,0.2
105,public,ADJ,1,0.2
105,room,NOUN,1,0.2
105,transportation,NOUN,1,0.2
105,vehicle,NOUN,1,0.2
106,audio,ADJ,1,0.3333333333333333
106,flashcard,NOUN,1,0.3333333333333333
106,question,NOUN,1,0.3333333333333333
107,buddy,NOUN,1,0.08333333333333333
107,collaborative,ADJ,1,0.08333333333333333
107,commuting,NOUN,1,0.08333333333333333
107,environment,NOUN,1,0.08333333333333333
107,material,NOUN,1,0.08333333333333333
107,route,NOUN,1,0.08333333333333333
107,same,ADJ,2,0.16666666666666666
107,study,NOUN,1,0.08333333333333333
107,travel,NOUN,1,0.08333333333333333
107,type,NOUN,1,0.08333333333333333
107,working,NOUN,1,0.08333333333333333
108,activist,NOUN,1,0.1111111111111111
108,device,NOUN,2,0.2222222222222222
108,fact,NOUN,1,0.1111111111111111
108,field,NOUN,1,0.1111111111111111
108,fun,NOUN,1,0.1111111111111111
108,specific,ADJ,1,0.1111111111111111
108,stoplike,NOUN,1,0.1111111111111111
108,thing,NOUN,1,0.1111111111111111
109,class,NOUN,1,0.07142857142857142
109,collaboration,NOUN,1,0.07142857142857142
109,crack,NOUN,1,0.07142857142857142
109,gym,NOUN,1,0.07142857142857142
109,material,NOUN,1,0.07142857142857142
109,people,NOUN,1,0.07142857142857142
109,random,ADJ,1,0.07142857142857142
109,same,ADJ,1,0.07142857142857142
109,similar,ADJ,1,0.07142857142857142
109,specialized,ADJ,1,0.07142857142857142
109,specific,ADJ,1,0.07142857142857142
109,thing,NOUN,1,0.07142857142857142
109,topic,NOUN,1,0.07142857142857142
109,trivia,ADJ,1,0.07142857142857142
110,app,NOUN,1,0.16666666666666666
110,feature,NOUN,1,0.16666666666666666
110,machine,NOUN,1,0.16666666666666666
110,notification,NOUN,1,0.16666666666666666
110,people,NOUN,1,0.16666666666666666
110,phone,NOUN,1,0.16666666666666666
111,noise,NOUN,1,0.14285714285714285
111,outside,ADJ,1,0.14285714285714285
111,public,ADJ,1,0.14285714285714285
111,silencer,NOUN,1,0.14285714285714285
111,sound,NOUN,1,0.14285714285714285
111,space,NOUN,1,0.14285714285714285
111,worker,NOUN,1,0.14285714285714285
112,content,NOUN,2,0.2222222222222222
112,eye,NOUN,1,0.1111111111111111
112,flat,NOUN,1,0.1111111111111111
112,outside,ADJ,1,0.1111111111111111
112,person,NOUN,1,0.1111111111111111
112,sensitiveconfidential,ADJ,1,0.1111111111111111
112,side,NOUN,1,0.1111111111111111
112,upper,ADJ,1,0.1111111111111111
113,break,NOUN,1,0.2
113,technology,NOUN,1,0.2
113,user,NOUN,1,0.2
113,wearable,ADJ,1,0.2
113,work,NOUN,1,0.2
114,computer,NOUN,1,0.1111111111111111
114,day,NOUN,1,0.1111111111111111
114,everytime,NOUN,1,0.1111111111111111
114,experience,NOUN,1,0.1111111111111111
114,machine,NOUN,1,0.1111111111111111
114,massage,NOUN,2,0.2222222222222222
114,neckshoulder,NOUN,1,0.1111111111111111
114,user,NOUN,1,0.1111111111111111
115,breakseat,NOUN,1,0.05555555555555555
115,control,NOUN,1,0.05555555555555555
115,day,NOUN,2,0.1111111111111111
115,hour,NOUN,2,0.1111111111111111
115,light,NOUN,2,0.1111111111111111
115,lighting,NOUN,1,0.05555555555555555
115,machine,NOUN,1,0.05555555555555555
115,natural,ADJ,1,0.05555555555555555
115,people,NOUN,1,0.05555555555555555
115,person,NOUN,1,0.05555555555555555
115,room,NOUN,1,0.05555555555555555
115,setup,NOUN,1,0.05555555555555555
115,sunlight,NOUN,1,0.05555555555555555
115,time,NOUN,1,0.05555555555555555
115,user,NOUN,1,0.05555555555555555
124,desk,NOUN,1,0.5
124,use,NOUN,1,0.5
125,access,NOUN,1,0.16666666666666666
125,desk,NOUN,1,0.16666666666666666
125,point,NOUN,1,0.16666666666666666
125,portable,ADJ,1,0.16666666666666666
125,router,NOUN,1,0.16666666666666666
125,wireless,ADJ,1,0.16666666666666666
148,audio,ADJ,1,0.1111111111111111
148,device,NOUN,1,0.1111111111111111
148,habit,NOUN,1,0.1111111111111111
148,interval,NOUN,1,0.1111111111111111
148,min,NOUN,1,0.1111111111111111
148,notification,NOUN,1,0.1111111111111111
148,phone,NOUN,1,0.1111111111111111
148,regular,ADJ,1,0.1111111111111111
148,user,NOUN,1,0.1111111111111111
149,aware,ADJ,1,0.1
149,danger,NOUN,1,0.1
149,environment,NOUN,1,0.1
149,glassesheadset,NOUN,1,0.1
149,mobile,ADJ,1,0.1
149,peripheral,NOUN,1,0.1
149,signal,NOUN,1,0.1
149,surrounding,NOUN,1,0.1
149,user,NOUN,1,0.1
149,work,NOUN,1,0.1
150,interface,NOUN,1,0.14285714285714285
150,microtask,NOUN,1,0.14285714285714285
150,piece,NOUN,1,0.14285714285714285
150,planner,NOUN,1,0.14285714285714285
150,tangible,ADJ,1,0.14285714285714285
150,task,NOUN,1,0.14285714285714285
150,user,NOUN,1,0.14285714285714285
151,collapsible,ADJ,1,0.1111111111111111
151,commuter,NOUN,1,0.1111111111111111
151,desk,NOUN,1,0.1111111111111111
151,lap,NOUN,1,0.1111111111111111
151,mobile,ADJ,1,0.1111111111111111
151,organization,NOUN,1,0.1111111111111111
151,planning,NOUN,1,0.1111111111111111
151,techfunctionality,NOUN,1,0.1111111111111111
151,trainsubway,NOUN,1,0.1111111111111111
152,change,NOUN,1,0.2
152,indooroutdoor,NOUN,1,0.2
152,jacketsweater,NOUN,1,0.2
152,temperature,NOUN,1,0.2
152,type,NOUN,1,0.2
153,anxiety,NOUN,1,0.2
153,heart,NOUN,1,0.2
153,monitor,NOUN,1,0.2
153,rate,NOUN,1,0.2
153,relief,NOUN,1,0.2
154,app,NOUN,2,0.13333333333333333
154,check,NOUN,1,0.06666666666666667
154,exercise,NOUN,1,0.06666666666666667
154,heart,NOUN,2,0.13333333333333333
154,high,ADJ,1,0.06666666666666667
154,interface,NOUN,1,0.06666666666666667
154,level,NOUN,1,0.06666666666666667
154,rate,NOUN,2,0.13333333333333333
154,routine,ADJ,1,0.06666666666666667
154,set,ADJ,1,0.06666666666666667
154,vital,NOUN,1,0.06666666666666667
154,wearable,ADJ,1,0.06666666666666667
155,day,NOUN,1,0.125
155,interface,NOUN,1,0.125
155,locket,NOUN,1,0.125
155,photo,NOUN,2,0.25
155,user,NOUN,2,0.25
155,wearable,ADJ,1,0.125
156,app,NOUN,1,0.1111111111111111
156,convenient,ADJ,1,0.1111111111111111
156,easy,ADJ,1,0.1111111111111111
156,habit,NOUN,1,0.1111111111111111
156,interface,NOUN,1,0.1111111111111111
156,mood,NOUN,1,0.1111111111111111
156,reminder,NOUN,1,0.1111111111111111
156,tracking,NOUN,1,0.1111111111111111
156,wearable,ADJ,1,0.1111111111111111
157,form,NOUN,1,0.125
157,input,NOUN,1,0.125
157,multiple,ADJ,1,0.125
157,response,NOUN,1,0.125
157,sensor,NOUN,1,0.125
157,toy,NOUN,1,0.125
157,visible,ADJ,1,0.125
157,weight,NOUN,1,0.125
158,app,NOUN,1,0.08333333333333333
158,art,NOUN,1,0.08333333333333333
158,board,NOUN,1,0.08333333333333333
158,contact,NOUN,1,0.08333333333333333
158,entry,NOUN,1,0.08333333333333333
158,interactive,ADJ,1,0.08333333333333333
158,journal,NOUN,1,0.08333333333333333
158,mood,NOUN,1,0.08333333333333333
158,parent,NOUN,1,0.08333333333333333
158,people,NOUN,1,0.08333333333333333
158,therapist,NOUN,1,0.08333333333333333
158,therapy,NOUN,1,0.08333333333333333
159,alert,NOUN,1,0.125
159,nonverbal,ADJ,2,0.25
159,notification,NOUN,1,0.125
159,people,NOUN,1,0.125
159,user,NOUN,1,0.125
159,visible,ADJ,1,0.125
159,wearable,ADJ,1,0.125
160,bracelet,NOUN,1,0.1111111111111111
160,call,NOUN,1,0.1111111111111111
160,day,NOUN,1,0.1111111111111111
160,feeling,NOUN,1,0.1111111111111111
160,random,ADJ,1,0.1111111111111111
160,time,NOUN,1,0.1111111111111111
160,togetherness,NOUN,1,0.1111111111111111
160,user,NOUN,1,0.1111111111111111
160,videoaudio,ADJ,1,0.1111111111111111
161,bottle,NOUN,1,0.14285714285714285
161,certain,ADJ,1,0.14285714285714285
161,day,NOUN,1,0.14285714285714285
161,point,NOUN,1,0.14285714285714285
161,user,NOUN,1,0.14285714285714285
161,water,NOUN,2,0.2857142857142857
162,jacketvest,NOUN,1,0.2
162,massage,NOUN,1,0.2
162,sensation,NOUN,1,0.2
162,vibrate,NOUN,1,0.2
162,wearable,ADJ,1,0.2
163,bracelet,NOUN,1,0.25
163,day,NOUN,1,0.25
163,emotion,NOUN,1,0.25
163,one,NOUN,1,0.25
164,device,NOUN,1,0.3333333333333333
164,heartbeat,NOUN,1,0.3333333333333333
164,scent,NOUN,1,0.3333333333333333
165,bus,NOUN,1,0.14285714285714285
165,capacity,NOUN,1,0.14285714285714285
165,interactive,ADJ,1,0.14285714285714285
165,occupant,NOUN,1,0.14285714285714285
165,real,ADJ,1,0.14285714285714285
165,screen,NOUN,1,0.14285714285714285
165,time,NOUN,1,0.14285714285714285
166,nausea,NOUN,1,0.3333333333333333
166,scent,NOUN,1,0.3333333333333333
166,spray,NOUN,1,0.3333333333333333
167,chair,NOUN,1,0.3333333333333333
167,stabilization,NOUN,1,0.3333333333333333
167,table,NOUN,1,0.3333333333333333
168,assistant,NOUN,1,0.25
168,collaborative,ADJ,1,0.25
168,communication,NOUN,1,0.25
168,voice,NOUN,1,0.25
169,bathroom,NOUN,1,1.0
170,arvr,NOUN,1,0.3333333333333333
170,nausea,NOUN,1,0.3333333333333333
170,workspace,NOUN,1,0.3333333333333333
171,haptic,NOUN,1,0.25
171,nausea,NOUN,1,0.25
171,reduction,NOUN,1,0.25
171,wearable,ADJ,1,0.25
173,advice,NOUN,1,0.09090909090909091
173,augmented,ADJ,1,0.09090909090909091
173,glass,NOUN,1,0.09090909090909091
173,motion,NOUN,1,0.09090909090909091
173,nausea,NOUN,1,0.09090909090909091
173,pair,NOUN,1,0.09090909090909091
173,reality,NOUN,1,0.09090909090909091
173,realtime,ADJ,1,0.09090909090909091
173,sickness,NOUN,1,0.09090909090909091
173,sign,NOUN,1,0.09090909090909091
173,symptom,NOUN,1,0.09090909090909091
174,heart,NOUN,1,0.09090909090909091
174,necklace,NOUN,1,0.09090909090909091
174,other,ADJ,1,0.09090909090909091
174,pendant,NOUN,2,0.18181818181818182
174,people,NOUN,1,0.09090909090909091
174,pulse,NOUN,1,0.09090909090909091
174,rate,NOUN,1,0.09090909090909091
174,sync,NOUN,1,0.09090909090909091
174,technology,NOUN,1,0.09090909090909091
174,wireless,ADJ,1,0.09090909090909091
175,bracelet,NOUN,2,0.18181818181818182
175,haptic,ADJ,1,0.09090909090909091
175,heartbeat,NOUN,1,0.09090909090909091
175,other,NOUN,2,0.18181818181818182
175,people,NOUN,1,0.09090909090909091
175,person,NOUN,1,0.09090909090909091
175,sensor,NOUN,1,0.09090909090909091
175,technology,NOUN,1,0.09090909090909091
175,vibration,NOUN,1,0.09090909090909091
176,device,NOUN,3,0.25
176,heartbeat,NOUN,1,0.08333333333333333
176,other,ADJ,1,0.08333333333333333
176,people,NOUN,1,0.08333333333333333
176,person,NOUN,2,0.16666666666666666
176,sound,ADJ,1,0.08333333333333333
176,speaker,NOUN,1,0.08333333333333333
176,sync,NOUN,1,0.08333333333333333
176,wave,NOUN,1,0.08333333333333333
177,body,NOUN,1,0.1111111111111111
177,combination,NOUN,1,0.1111111111111111
177,light,NOUN,1,0.1111111111111111
177,motion,NOUN,1,0.1111111111111111
177,nausea,NOUN,1,0.1111111111111111
177,necklace,NOUN,1,0.1111111111111111
177,sickness,NOUN,1,0.1111111111111111
177,sound,NOUN,1,0.1111111111111111
177,vapor,NOUN,1,0.1111111111111111
178,bracelet,NOUN,1,0.1
178,certain,ADJ,1,0.1
178,conductance,NOUN,1,0.1
178,level,NOUN,2,0.2
178,scent,NOUN,1,0.1
178,skin,NOUN,1,0.1
178,stress,NOUN,2,0.2
178,threshold,NOUN,1,0.1
197,direction,NOUN,1,0.25
197,map,NOUN,1,0.25
197,necklace,NOUN,1,0.25
197,vibrate,NOUN,1,0.25
198,bracelet,NOUN,1,0.5
198,time,NOUN,1,0.5
199,child,NOUN,1,0.16666666666666666
199,own,ADJ,1,0.16666666666666666
199,pet,NOUN,1,0.16666666666666666
199,pomodoro,ADJ,1,0.16666666666666666
199,system,NOUN,1,0.16666666666666666
199,tamogatchilike,ADJ,1,0.16666666666666666
200,buttonsmotion,NOUN,1,0.14285714285714285
200,dining,NOUN,1,0.14285714285714285
200,hall,NOUN,1,0.14285714285714285
200,many,ADJ,1,0.14285714285714285
200,sensor,NOUN,1,0.14285714285714285
200,table,NOUN,2,0.2857142857142857
201,bag,NOUN,1,0.125
201,block,NOUN,1,0.125
201,leisure,NOUN,1,0.125
201,space,NOUN,2,0.25
201,website,NOUN,2,0.25
201,work,NOUN,1,0.125
202,face,NOUN,1,0.16666666666666666
202,guard,NOUN,1,0.16666666666666666
202,jaw,NOUN,1,0.16666666666666666
202,mask,NOUN,1,0.16666666666666666
202,people,NOUN,1,0.16666666666666666
202,vibrate,NOUN,1,0.16666666666666666
203,alert,NOUN,1,0.1111111111111111
203,belonging,NOUN,1,0.1111111111111111
203,bustrain,ADJ,1,0.1111111111111111
203,datum,NOUN,1,0.1111111111111111
203,min,NOUN,1,0.1111111111111111
203,route,NOUN,1,0.1111111111111111
203,stop,NOUN,1,0.1111111111111111
203,wearable,ADJ,1,0.1111111111111111
203,wearer,NOUN,1,0.1111111111111111
204,earpieceearbud,NOUN,1,0.3333333333333333
204,motion,NOUN,1,0.3333333333333333
204,sickness,NOUN,1,0.3333333333333333
205,charger,NOUN,1,0.25
205,phonelaptop,NOUN,1,0.25
205,use,NOUN,1,0.25
205,wireless,ADJ,1,0.25
206,bagjacket,NOUN,1,0.14285714285714285
206,dnd,NOUN,1,0.14285714285714285
206,phone,NOUN,2,0.2857142857142857
206,pocket,NOUN,1,0.14285714285714285
206,uniterrupted,ADJ,1,0.14285714285714285
206,work,NOUN,1,0.14285714285714285
207,brightness,NOUN,1,0.1
207,color,NOUN,1,0.1
207,disruption,NOUN,1,0.1
207,eyestrain,NOUN,1,0.1
207,laptop,NOUN,1,0.1
207,level,NOUN,1,0.1
207,light,ADJ,1,0.1
207,screen,NOUN,1,0.1
207,setting,NOUN,1,0.1
207,space,NOUN,1,0.1
208,loss,NOUN,1,0.5
208,sensor,NOUN,1,0.5
209,bracelet,NOUN,1,0.25
209,light,NOUN,1,0.25
209,strength,NOUN,1,0.25
209,wifi,NOUN,1,0.25
210,desk,NOUN,1,0.2
210,measure,NOUN,1,0.2
210,physical,ADJ,1,0.2
210,time,NOUN,1,0.2
210,track,NOUN,1,0.2
211,bag,NOUN,1,0.2
211,laptop,NOUN,1,0.2
211,signal,NOUN,1,0.2
211,smart,ADJ,1,0.2
211,wifi,NOUN,1,0.2
212,alone,ADJ,1,0.14285714285714285
212,focus,NOUN,1,0.14285714285714285
212,headphone,NOUN,1,0.14285714285714285
212,level,NOUN,1,0.14285714285714285
212,light,NOUN,1,0.14285714285714285
212,noise,NOUN,1,0.14285714285714285
212,red,NOUN,1,0.14285714285714285
213,bag,NOUN,1,0.14285714285714285
213,balance,NOUN,1,0.14285714285714285
213,hour,NOUN,1,0.14285714285714285
213,life,NOUN,1,0.14285714285714285
213,many,ADJ,1,0.14285714285714285
213,open,ADJ,1,0.14285714285714285
213,work,NOUN,1,0.14285714285714285
214,disruption,NOUN,1,0.14285714285714285
214,lap,NOUN,1,0.14285714285714285
214,pad,NOUN,1,0.14285714285714285
214,shakey,ADJ,1,0.14285714285714285
214,stabilizer,NOUN,1,0.14285714285714285
214,table,NOUN,1,0.14285714285714285
214,tray,NOUN,1,0.14285714285714285
222,pillow,NOUN,1,0.5
222,travel,NOUN,1,0.5
223,display,NOUN,1,0.25
223,laptop,NOUN,1,0.25
223,monitor,NOUN,1,0.25
223,portable,ADJ,1,0.25
224,stay,NOUN,1,0.3333333333333333
224,sure,ADJ,1,0.3333333333333333
224,user,NOUN,1,0.3333333333333333
225,mask,NOUN,1,1.0
226,app,NOUN,1,0.125
226,device,NOUN,1,0.125
226,mobile,ADJ,1,0.125
226,notification,NOUN,1,0.125
226,software,NOUN,1,0.125
226,solution,NOUN,1,0.125
226,unnecessary,ADJ,1,0.125
226,user,NOUN,1,0.125
227,ambient,ADJ,1,0.1
227,amount,NOUN,1,0.1
227,commute,NOUN,1,0.1
227,device,NOUN,1,0.1
227,environment,NOUN,1,0.1
227,focused,ADJ,1,0.1
227,light,NOUN,1,0.1
227,relaxed,ADJ,1,0.1
227,smartphone,NOUN,1,0.1
227,user,NOUN,1,0.1
