vector,word,wordCount_x,dt,doc_id,doc,percent_of_total,wordCount_y,wordavg
1990,Acute_hepatitis,166343,01/01/1990,1990,1990,0.00382235,3784748,0.0026176526333333
1990,Alcohol_use_disorders,116390,01/01/1990,1990,1990,0.002674494,4818867,0.0032809171
1990,Alzheimer_s_disease_and_other_dementias,560616,01/01/1990,1990,1990,0.012882241,29767210,0.0199930084666666
1990,Cardiovascular_diseases,12062179,01/01/1990,1990,1990,0.277173491,447714842,0.3039135356333333
1990,Chronic_kidney_disease,600925,01/01/1990,1990,1990,0.01380849,28909412,0.0194712654666666
1990,Chronic_respiratory_diseases,3092759,01/01/1990,1990,1990,0.071067658,104603397,0.0712593995333333
1990,Cirrhosis_and_other_chronic_liver_diseases,1012423,01/01/1990,1990,1990,0.023264189,37476376,0.0254569589333333
1990,Conflict_and_terrorism,116286,01/01/1990,1990,1990,0.002672104,3294053,0.0022595191
1990,Diabetes_mellitus,661085,01/01/1990,1990,1990,0.01519089,31445907,0.0211992707333333
1990,Diarrheal_diseases,2894957,01/01/1990,1990,1990,0.06652242,66234950,0.0457486245666666
1990,Digestive_diseases,1854392,01/01/1990,1990,1990,0.042611563,65634720,0.0446275642333333
1990,Drowning,460460,01/01/1990,1990,1990,0.010580784,10301680,0.0071236388333333
1990,Drug_use_disorders,56133,01/01/1990,1990,1990,0.001289865,2656068,0.0017981281999999
1990,Environmental_heat_and_cold_exposure,55072,01/01/1990,1990,1990,0.001265484,1788841,0.0012280231333333
1990,Exposure_to_forces_of_nature,50216,01/01/1990,1990,1990,0.0011539,1490132,0.001022777
1990,Fire__heat__and_hot_substances,123123,01/01/1990,1990,1990,0.00282921,3602770,0.0024682614333333
1990,HIV_AIDS,336059,01/01/1990,1990,1990,0.007722207,36363057,0.0246658895666666
1990,Interpersonal_violence,372497,01/01/1990,1990,1990,0.008559506,12750846,0.0087111634666666
1990,Lower_respiratory_infections,3318264,01/01/1990,1990,1990,0.076249475,83768028,0.0575575027666666
1990,Malaria,840297,01/01/1990,1990,1990,0.019308953,25342671,0.0173775603333333
1990,Maternal_disorders,302419,01/01/1990,1990,1990,0.006949203,7726815,0.0053175714333333
1990,Meningitis,432253,01/01/1990,1990,1990,0.009932623,10524355,0.0072578576333333
1990,Neonatal_disorders,3004581,01/01/1990,1990,1990,0.06904144,76857422,0.0528678873
1990,Neoplasms,5752596,01/01/1990,1990,1990,0.13218732,229747730,0.1556181686999999
1990,Nutritional_deficiencies,756808,01/01/1990,1990,1990,0.017390483,13791568,0.0096164945999999
1990,Parkinson_s_disease,147156,01/01/1990,1990,1990,0.003381457,7179349,0.0048331239
1990,Poisonings,87951,01/01/1990,1990,1990,0.002021002,2601033,0.0017805711666666
1990,Protein_energy_malnutrition,655975,01/01/1990,1990,1990,0.015073469,12031459,0.0083915299
1990,Road_injuries_,1112770,01/01/1990,1990,1990,0.025570036,36293801,0.0247633793333333
1990,Self_harm,738804,01/01/1990,1990,1990,0.016976774,23713260,0.0162162425333333
1990,Tuberculosis,1776727,01/01/1990,1990,1990,0.040826921,45849852,0.0315565127333333
1991,Acute_hepatitis,165276,01/01/1991,1991,1991,0.003751181,3784748,0.0026176526333333
1991,Alcohol_use_disorders,122478,01/01/1991,1991,1991,0.002779817,4818867,0.0032809171
1991,Alzheimer_s_disease_and_other_dementias,583166,01/01/1991,1991,1991,0.013235805,29767210,0.0199930084666666
1991,Cardiovascular_diseases,12220282,01/01/1991,1991,1991,0.277357176,447714842,0.3039135356333333
1991,Chronic_kidney_disease,613589,01/01/1991,1991,1991,0.0139263,28909412,0.0194712654666666
1991,Chronic_respiratory_diseases,3148288,01/01/1991,1991,1991,0.071455001,104603397,0.0712593995333333
1991,Cirrhosis_and_other_chronic_liver_diseases,1026870,01/01/1991,1991,1991,0.023306317,37476376,0.0254569589333333
1991,Conflict_and_terrorism,85017,01/01/1991,1991,1991,0.001929585,3294053,0.0022595191
1991,Diabetes_mellitus,679630,01/01/1991,1991,1991,0.015425197,31445907,0.0211992707333333
1991,Diarrheal_diseases,2903085,01/01/1991,1991,1991,0.065889761,66234950,0.0457486245666666
1991,Digestive_diseases,1877515,01/01/1991,1991,1991,0.042612949,65634720,0.0446275642333333
1991,Drowning,454375,01/01/1991,1991,1991,0.010312705,10301680,0.0071236388333333
1991,Drug_use_disorders,61890,01/01/1991,1991,1991,0.001404684,2656068,0.0017981281999999
1991,Environmental_heat_and_cold_exposure,56658,01/01/1991,1991,1991,0.001285936,1788841,0.0012280231333333
1991,Exposure_to_forces_of_nature,156552,01/01/1991,1991,1991,0.003553177,1490132,0.001022777
1991,Fire__heat__and_hot_substances,123941,01/01/1991,1991,1991,0.002813022,3602770,0.0024682614333333
1991,HIV_AIDS,430725,01/01/1991,1991,1991,0.009775934,36363057,0.0246658895666666
1991,Interpersonal_violence,383689,01/01/1991,1991,1991,0.008708383,12750846,0.0087111634666666
1991,Lower_respiratory_infections,3282941,01/01/1991,1991,1991,0.074511148,83768028,0.0575575027666666
1991,Malaria,858984,01/01/1991,1991,1991,0.019495898,25342671,0.0173775603333333
1991,Maternal_disorders,298271,01/01/1991,1991,1991,0.006769697,7726815,0.0053175714333333
1991,Meningitis,428621,01/01/1991,1991,1991,0.009728181,10524355,0.0072578576333333
1991,Neonatal_disorders,2975087,01/01/1991,1991,1991,0.067523951,76857422,0.0528678873
1991,Neoplasms,5867965,01/01/1991,1991,1991,0.133182049,229747730,0.1556181686999999
1991,Nutritional_deficiencies,729145,01/01/1991,1991,1991,0.016549012,13791568,0.0096164945999999
1991,Parkinson_s_disease,150875,01/01/1991,1991,1991,0.003424329,7179349,0.0048331239
1991,Poisonings,87813,01/01/1991,1991,1991,0.001993044,2601033,0.0017805711666666
1991,Protein_energy_malnutrition,631013,01/01/1991,1991,1991,0.014321763,12031459,0.0083915299
1991,Road_injuries_,1117024,01/01/1991,1991,1991,0.025352494,36293801,0.0247633793333333
1991,Self_harm,752575,01/01/1991,1991,1991,0.01708079,23713260,0.0162162425333333
1991,Tuberculosis,1786389,01/01/1991,1991,1991,0.040544711,45849852,0.0315565127333333
1992,Acute_hepatitis,163687,01/01/1992,1992,1992,0.003681741,3784748,0.0026176526333333
1992,Alcohol_use_disorders,131665,01/01/1992,1992,1992,0.002961484,4818867,0.0032809171
1992,Alzheimer_s_disease_and_other_dementias,605894,01/01/1992,1992,1992,0.013628112,29767210,0.0199930084666666
1992,Cardiovascular_diseases,12437979,01/01/1992,1992,1992,0.279762087,447714842,0.3039135356333333
1992,Chronic_kidney_disease,630160,01/01/1992,1992,1992,0.014173917,28909412,0.0194712654666666
1992,Chronic_respiratory_diseases,3207816,01/01/1992,1992,1992,0.072152019,104603397,0.0712593995333333
1992,Cirrhosis_and_other_chronic_liver_diseases,1042953,01/01/1992,1992,1992,0.023458691,37476376,0.0254569589333333
1992,Conflict_and_terrorism,62063,01/01/1992,1992,1992,0.001395956,3294053,0.0022595191
1992,Diabetes_mellitus,702253,01/01/1992,1992,1992,0.015795473,31445907,0.0211992707333333
1992,Diarrheal_diseases,2871809,01/01/1992,1992,1992,0.064594359,66234950,0.0457486245666666
1992,Digestive_diseases,1903759,01/01/1992,1992,1992,0.042820429,65634720,0.0446275642333333
1992,Drowning,447056,01/01/1992,1992,1992,0.010055437,10301680,0.0071236388333333
1992,Drug_use_disorders,66826,01/01/1992,1992,1992,0.001503088,2656068,0.0017981281999999
1992,Environmental_heat_and_cold_exposure,59926,01/01/1992,1992,1992,0.00134789,1788841,0.0012280231333333
1992,Exposure_to_forces_of_nature,12030,01/01/1992,1992,1992,0.000270586,1490132,0.001022777
1992,Fire__heat__and_hot_substances,124995,01/01/1992,1992,1992,0.002811459,3602770,0.0024682614333333
1992,HIV_AIDS,540070,01/01/1992,1992,1992,0.012147561,36363057,0.0246658895666666
1992,Interpersonal_violence,407176,01/01/1992,1992,1992,0.009158434,12750846,0.0087111634666666
1992,Lower_respiratory_infections,3258792,01/01/1992,1992,1992,0.0732986,83768028,0.0575575027666666
1992,Malaria,856415,01/01/1992,1992,1992,0.019262973,25342671,0.0173775603333333
1992,Maternal_disorders,299300,01/01/1992,1992,1992,0.006732026,7726815,0.0053175714333333
1992,Meningitis,426440,01/01/1992,1992,1992,0.009591731,10524355,0.0072578576333333
1992,Neonatal_disorders,2950376,01/01/1992,1992,1992,0.066361532,76857422,0.0528678873
1992,Neoplasms,5996098,01/01/1992,1992,1992,0.134867641,229747730,0.1556181686999999
1992,Nutritional_deficiencies,700664,01/01/1992,1992,1992,0.015759733,13791568,0.0096164945999999
1992,Parkinson_s_disease,154886,01/01/1992,1992,1992,0.003483784,7179349,0.0048331239
1992,Poisonings,88435,01/01/1992,1992,1992,0.00198913,2601033,0.0017805711666666
1992,Protein_energy_malnutrition,606015,01/01/1992,1992,1992,0.013630834,12031459,0.0083915299
1992,Road_injuries_,1125566,01/01/1992,1992,1992,0.02531687,36293801,0.0247633793333333
1992,Self_harm,770286,01/01/1992,1992,1992,0.01732571,23713260,0.0162162425333333
1992,Tuberculosis,1807740,01/01/1992,1992,1992,0.040660715,45849852,0.0315565127333333
1993,Acute_hepatitis,161899,01/01/1993,1993,1993,0.003582969,3784748,0.0026176526333333
1993,Alcohol_use_disorders,143901,01/01/1993,1993,1993,0.003184657,4818867,0.0032809171
1993,Alzheimer_s_disease_and_other_dementias,629571,01/01/1993,1993,1993,0.013932966,29767210,0.0199930084666666
1993,Cardiovascular_diseases,12802108,01/01/1993,1993,1993,0.283322031,447714842,0.3039135356333333
1993,Chronic_kidney_disease,647255,01/01/1993,1993,1993,0.014324329,28909412,0.0194712654666666
1993,Chronic_respiratory_diseases,3266612,01/01/1993,1993,1993,0.072293028,104603397,0.0712593995333333
1993,Cirrhosis_and_other_chronic_liver_diseases,1067730,01/01/1993,1993,1993,0.023629814,37476376,0.0254569589333333
1993,Conflict_and_terrorism,62733,01/01/1993,1993,1993,0.001388337,3294053,0.0022595191
1993,Diabetes_mellitus,728077,01/01/1993,1993,1993,0.016112991,31445907,0.0211992707333333
1993,Diarrheal_diseases,2798615,01/01/1993,1993,1993,0.061935838,66234950,0.0457486245666666
1993,Digestive_diseases,1939556,01/01/1993,1993,1993,0.042924099,65634720,0.0446275642333333
1993,Drowning,445434,01/01/1993,1993,1993,0.00985785,10301680,0.0071236388333333
1993,Drug_use_disorders,71603,01/01/1993,1993,1993,0.001584638,2656068,0.0017981281999999
1993,Environmental_heat_and_cold_exposure,66812,01/01/1993,1993,1993,0.001478609,1788841,0.0012280231333333
1993,Exposure_to_forces_of_nature,21369,01/01/1993,1993,1993,0.000472915,1490132,0.001022777
1993,Fire__heat__and_hot_substances,127493,01/01/1993,1993,1993,0.002821533,3602770,0.0024682614333333
1993,HIV_AIDS,664463,01/01/1993,1993,1993,0.014705157,36363057,0.0246658895666666
1993,Interpersonal_violence,432858,01/01/1993,1993,1993,0.009579532,12750846,0.0087111634666666
1993,Lower_respiratory_infections,3226972,01/01/1993,1993,1993,0.071415759,83768028,0.0575575027666666
1993,Malaria,862216,01/01/1993,1993,1993,0.019081607,25342671,0.0173775603333333
1993,Maternal_disorders,293564,01/01/1993,1993,1993,0.006496832,7726815,0.0053175714333333
1993,Meningitis,420836,01/01/1993,1993,1993,0.009313475,10524355,0.0072578576333333
1993,Neonatal_disorders,2924485,01/01/1993,1993,1993,0.064721453,76857422,0.0528678873
1993,Neoplasms,6167069,01/01/1993,1993,1993,0.13648272,229747730,0.1556181686999999
1993,Nutritional_deficiencies,674219,01/01/1993,1993,1993,0.014921066,13791568,0.0096164945999999
1993,Parkinson_s_disease,160249,01/01/1993,1993,1993,0.003546453,7179349,0.0048331239
1993,Poisonings,90036,01/01/1993,1993,1993,0.001992577,2601033,0.0017805711666666
1993,Protein_energy_malnutrition,583919,01/01/1993,1993,1993,0.012922647,12031459,0.0083915299
1993,Road_injuries_,1137444,01/01/1993,1993,1993,0.025172647,36293801,0.0247633793333333
1993,Self_harm,791904,01/01/1993,1993,1993,0.01752554,23713260,0.0162162425333333
1993,Tuberculosis,1774711,01/01/1993,1993,1993,0.039275932,45849852,0.0315565127333333
1994,Acute_hepatitis,159423,01/01/1994,1994,1994,0.003452013,3784748,0.0026176526333333
1994,Alcohol_use_disorders,153859,01/01/1994,1994,1994,0.003331535,4818867,0.0032809171
1994,Alzheimer_s_disease_and_other_dementias,652176,01/01/1994,1994,1994,0.014121678,29767210,0.0199930084666666
1994,Cardiovascular_diseases,13026289,01/01/1994,1994,1994,0.282060459,447714842,0.3039135356333333
1994,Chronic_kidney_disease,665365,01/01/1994,1994,1994,0.014407262,28909412,0.0194712654666666
1994,Chronic_respiratory_diseases,3297292,01/01/1994,1994,1994,0.071396826,104603397,0.0712593995333333
1994,Cirrhosis_and_other_chronic_liver_diseases,1089331,01/01/1994,1994,1994,0.02358747,37476376,0.0254569589333333
1994,Conflict_and_terrorism,566082,01/01/1994,1994,1994,0.01225747,3294053,0.0022595191
1994,Diabetes_mellitus,751254,01/01/1994,1994,1994,0.016267031,31445907,0.0211992707333333
1994,Diarrheal_diseases,2740299,01/01/1994,1994,1994,0.059336162,66234950,0.0457486245666666
1994,Digestive_diseases,1967669,01/01/1994,1994,1994,0.042606273,65634720,0.0446275642333333
1994,Drowning,443350,01/01/1994,1994,1994,0.009599933,10301680,0.0071236388333333
1994,Drug_use_disorders,76717,01/01/1994,1994,1994,0.001661166,2656068,0.0017981281999999
1994,Environmental_heat_and_cold_exposure,72305,01/01/1994,1994,1994,0.001565633,1788841,0.0012280231333333
1994,Exposure_to_forces_of_nature,12717,01/01/1994,1994,1994,0.000275363,1490132,0.001022777
1994,Fire__heat__and_hot_substances,129611,01/01/1994,1994,1994,0.002806489,3602770,0.0024682614333333
1994,HIV_AIDS,800169,01/01/1994,1994,1994,0.017326196,36363057,0.0246658895666666
1994,Interpersonal_violence,441971,01/01/1994,1994,1994,0.009570073,12750846,0.0087111634666666
1994,Lower_respiratory_infections,3187285,01/01/1994,1994,1994,0.069014826,83768028,0.0575575027666666
1994,Malaria,855671,01/01/1994,1994,1994,0.01852799,25342671,0.0173775603333333
1994,Maternal_disorders,293148,01/01/1994,1994,1994,0.006347584,7726815,0.0053175714333333
1994,Meningitis,413799,01/01/1994,1994,1994,0.00896006,10524355,0.0072578576333333
1994,Neonatal_disorders,2896505,01/01/1994,1994,1994,0.062718517,76857422,0.0528678873
1994,Neoplasms,6296066,01/01/1994,1994,1994,0.136329791,229747730,0.1556181686999999
1994,Nutritional_deficiencies,649801,01/01/1994,1994,1994,0.014070252,13791568,0.0096164945999999
1994,Parkinson_s_disease,164381,01/01/1994,1994,1994,0.00355937,7179349,0.0048331239
1994,Poisonings,90897,01/01/1994,1994,1994,0.001968208,2601033,0.0017805711666666
1994,Protein_energy_malnutrition,564046,01/01/1994,1994,1994,0.012213384,12031459,0.0083915299
1994,Road_injuries_,1153642,01/01/1994,1994,1994,0.024980007,36293801,0.0247633793333333
1994,Self_harm,817682,01/01/1994,1994,1994,0.017705408,23713260,0.0162162425333333
1994,Tuberculosis,1753811,01/01/1994,1994,1994,0.037975569,45849852,0.0315565127333333
1995,Acute_hepatitis,157173,01/01/1995,1995,1995,0.003403706,3784748,0.0026176526333333
1995,Alcohol_use_disorders,156714,01/01/1995,1995,1995,0.003393766,4818867,0.0032809171
1995,Alzheimer_s_disease_and_other_dementias,674815,01/01/1995,1995,1995,0.014613655,29767210,0.0199930084666666
1995,Cardiovascular_diseases,13129252,01/01/1995,1995,1995,0.28432438,447714842,0.3039135356333333
1995,Chronic_kidney_disease,683701,01/01/1995,1995,1995,0.014806088,28909412,0.0194712654666666
1995,Chronic_respiratory_diseases,3313295,01/01/1995,1995,1995,0.071752035,104603397,0.0712593995333333
1995,Cirrhosis_and_other_chronic_liver_diseases,1104380,01/01/1995,1995,1995,0.023916226,37476376,0.0254569589333333
1995,Conflict_and_terrorism,67210,01/01/1995,1995,1995,0.001455486,3294053,0.0022595191
1995,Diabetes_mellitus,773490,01/01/1995,1995,1995,0.01675054,31445907,0.0211992707333333
1995,Diarrheal_diseases,2673263,01/01/1995,1995,1995,0.057891633,66234950,0.0457486245666666
1995,Digestive_diseases,1984263,01/01/1995,1995,1995,0.042970791,65634720,0.0446275642333333
1995,Drowning,437303,01/01/1995,1995,1995,0.009470144,10301680,0.0071236388333333
1995,Drug_use_disorders,79985,01/01/1995,1995,1995,0.001732139,2656068,0.0017981281999999
1995,Environmental_heat_and_cold_exposure,72635,01/01/1995,1995,1995,0.001572969,1788841,0.0012280231333333
1995,Exposure_to_forces_of_nature,19169,01/01/1995,1995,1995,0.00041512,1490132,0.001022777
1995,Fire__heat__and_hot_substances,128523,01/01/1995,1995,1995,0.002783268,3602770,0.0024682614333333
1995,HIV_AIDS,938440,01/01/1995,1995,1995,0.020322664,36363057,0.0246658895666666
1995,Interpersonal_violence,444246,01/01/1995,1995,1995,0.0096205,12750846,0.0087111634666666
1995,Lower_respiratory_infections,3148775,01/01/1995,1995,1995,0.068189223,83768028,0.0575575027666666
1995,Malaria,862626,01/01/1995,1995,1995,0.018680851,25342671,0.0173775603333333
1995,Maternal_disorders,290551,01/01/1995,1995,1995,0.006292113,7726815,0.0053175714333333
1995,Meningitis,409826,01/01/1995,1995,1995,0.008875108,10524355,0.0072578576333333
1995,Neonatal_disorders,2873608,01/01/1995,1995,1995,0.062230264,76857422,0.0528678873
1995,Neoplasms,6402881,01/01/1995,1995,1995,0.138659473,229747730,0.1556181686999999
1995,Nutritional_deficiencies,723095,01/01/1995,1995,1995,0.015659197,13791568,0.0096164945999999
1995,Parkinson_s_disease,168882,01/01/1995,1995,1995,0.003657274,7179349,0.0048331239
1995,Poisonings,90353,01/01/1995,1995,1995,0.001956666,2601033,0.0017805711666666
1995,Protein_energy_malnutrition,641084,01/01/1995,1995,1995,0.013883183,12031459,0.0083915299
1995,Road_injuries_,1162799,01/01/1995,1995,1995,0.025181336,36293801,0.0247633793333333
1995,Self_harm,825922,01/01/1995,1995,1995,0.017885997,23713260,0.0162162425333333
1995,Tuberculosis,1738759,01/01/1995,1995,1995,0.037654207,45849852,0.0315565127333333
1996,Acute_hepatitis,153406,01/01/1996,1996,1996,0.003311815,3784748,0.0026176526333333
1996,Alcohol_use_disorders,156352,01/01/1996,1996,1996,0.003375415,4818867,0.0032809171
1996,Alzheimer_s_disease_and_other_dementias,696665,01/01/1996,1996,1996,0.015039995,29767210,0.0199930084666666
1996,Cardiovascular_diseases,13213565,01/01/1996,1996,1996,0.285261854,447714842,0.3039135356333333
1996,Chronic_kidney_disease,704624,01/01/1996,1996,1996,0.015211818,28909412,0.0194712654666666
1996,Chronic_respiratory_diseases,3342591,01/01/1996,1996,1996,0.07216173,104603397,0.0712593995333333
1996,Cirrhosis_and_other_chronic_liver_diseases,1115241,01/01/1996,1996,1996,0.024076448,37476376,0.0254569589333333
1996,Conflict_and_terrorism,87324,01/01/1996,1996,1996,0.0018852,3294053,0.0022595191
1996,Diabetes_mellitus,799023,01/01/1996,1996,1996,0.017249757,31445907,0.0211992707333333
1996,Diarrheal_diseases,2615313,01/01/1996,1996,1996,0.056460844,66234950,0.0457486245666666
1996,Digestive_diseases,1995513,01/01/1996,1996,1996,0.043080254,65634720,0.0446275642333333
1996,Drowning,423296,01/01/1996,1996,1996,0.009138352,10301680,0.0071236388333333
1996,Drug_use_disorders,81704,01/01/1996,1996,1996,0.001763872,2656068,0.0017981281999999
1996,Environmental_heat_and_cold_exposure,67602,01/01/1996,1996,1996,0.00145943,1788841,0.0012280231333333
1996,Exposure_to_forces_of_nature,14866,01/01/1996,1996,1996,0.000320936,1490132,0.001022777
1996,Fire__heat__and_hot_substances,126804,01/01/1996,1996,1996,0.002737516,3602770,0.0024682614333333
1996,HIV_AIDS,1061580,01/01/1996,1996,1996,0.022917985,36363057,0.0246658895666666
1996,Interpersonal_violence,432673,01/01/1996,1996,1996,0.009340787,12750846,0.0087111634666666
1996,Lower_respiratory_infections,3091233,01/01/1996,1996,1996,0.066735272,83768028,0.0575575027666666
1996,Malaria,872476,01/01/1996,1996,1996,0.018835501,25342671,0.0173775603333333
1996,Maternal_disorders,287746,01/01/1996,1996,1996,0.006212022,7726815,0.0053175714333333
1996,Meningitis,417259,01/01/1996,1996,1996,0.009008021,10524355,0.0072578576333333
1996,Neonatal_disorders,2841042,01/01/1996,1996,1996,0.061334009,76857422,0.0528678873
1996,Neoplasms,6490603,01/01/1996,1996,1996,0.140122779,229747730,0.1556181686999999
1996,Nutritional_deficiencies,671977,01/01/1996,1996,1996,0.014507016,13791568,0.0096164945999999
1996,Parkinson_s_disease,173822,01/01/1996,1996,1996,0.003752567,7179349,0.0048331239
1996,Poisonings,88861,01/01/1996,1996,1996,0.001918381,2601033,0.0017805711666666
1996,Protein_energy_malnutrition,593826,01/01/1996,1996,1996,0.012819849,12031459,0.0083915299
1996,Road_injuries_,1162809,01/01/1996,1996,1996,0.025103373,36293801,0.0247633793333333
1996,Self_harm,820128,01/01/1996,1996,1996,0.017705383,23713260,0.0162162425333333
1996,Tuberculosis,1720903,01/01/1996,1996,1996,0.037151819,45849852,0.0315565127333333
1997,Acute_hepatitis,151902,01/01/1997,1997,1997,0.003254645,3784748,0.0026176526333333
1997,Alcohol_use_disorders,155429,01/01/1997,1997,1997,0.003330214,4818867,0.0032809171
1997,Alzheimer_s_disease_and_other_dementias,717342,01/01/1997,1997,1997,0.015369736,29767210,0.0199930084666666
1997,Cardiovascular_diseases,13339902,01/01/1997,1997,1997,0.285820112,447714842,0.3039135356333333
1997,Chronic_kidney_disease,731048,01/01/1997,1997,1997,0.0156634,28909412,0.0194712654666666
1997,Chronic_respiratory_diseases,3381872,01/01/1997,1997,1997,0.07245983,104603397,0.0712593995333333
1997,Cirrhosis_and_other_chronic_liver_diseases,1128962,01/01/1997,1997,1997,0.024189087,37476376,0.0254569589333333
1997,Conflict_and_terrorism,99263,01/01/1997,1997,1997,0.002126804,3294053,0.0022595191
1997,Diabetes_mellitus,827734,01/01/1997,1997,1997,0.01773499,31445907,0.0211992707333333
1997,Diarrheal_diseases,2579027,01/01/1997,1997,1997,0.055258111,66234950,0.0457486245666666
1997,Digestive_diseases,2014659,01/01/1997,1997,1997,0.043165989,65634720,0.0446275642333333
1997,Drowning,413405,01/01/1997,1997,1997,0.008857596,10301680,0.0071236388333333
1997,Drug_use_disorders,82572,01/01/1997,1997,1997,0.001769184,2656068,0.0017981281999999
1997,Environmental_heat_and_cold_exposure,63823,01/01/1997,1997,1997,0.001367469,1788841,0.0012280231333333
1997,Exposure_to_forces_of_nature,17852,01/01/1997,1997,1997,0.000382496,1490132,0.001022777
1997,Fire__heat__and_hot_substances,126274,01/01/1997,1997,1997,0.002705541,3602770,0.0024682614333333
1997,HIV_AIDS,1174154,01/01/1997,1997,1997,0.025157368,36363057,0.0246658895666666
1997,Interpersonal_violence,427316,01/01/1997,1997,1997,0.009155652,12750846,0.0087111634666666
1997,Lower_respiratory_infections,3047670,01/01/1997,1997,1997,0.065299234,83768028,0.0575575027666666
1997,Malaria,892946,01/01/1997,1997,1997,0.019132219,25342671,0.0173775603333333
1997,Maternal_disorders,289467,01/01/1997,1997,1997,0.006202106,7726815,0.0053175714333333
1997,Meningitis,400893,01/01/1997,1997,1997,0.008589515,10524355,0.0072578576333333
1997,Neonatal_disorders,2817527,01/01/1997,1997,1997,0.060368201,76857422,0.0528678873
1997,Neoplasms,6586074,01/01/1997,1997,1997,0.141112911,229747730,0.1556181686999999
1997,Nutritional_deficiencies,647682,01/01/1997,1997,1997,0.013877204,13791568,0.0096164945999999
1997,Parkinson_s_disease,179347,01/01/1997,1997,1997,0.00384268,7179349,0.0048331239
1997,Poisonings,87371,01/01/1997,1997,1997,0.001872007,2601033,0.0017805711666666
1997,Protein_energy_malnutrition,572372,01/01/1997,1997,1997,0.012263615,12031459,0.0083915299
1997,Road_injuries_,1169798,01/01/1997,1997,1997,0.025064037,36293801,0.0247633793333333
1997,Self_harm,822649,01/01/1997,1997,1997,0.017626039,23713260,0.0162162425333333
1997,Tuberculosis,1726038,01/01/1997,1997,1997,0.036982009,45849852,0.0315565127333333
1998,Acute_hepatitis,149563,01/01/1998,1998,1998,0.003177723,3784748,0.0026176526333333
1998,Alcohol_use_disorders,156282,01/01/1998,1998,1998,0.00332048,4818867,0.0032809171
1998,Alzheimer_s_disease_and_other_dementias,738768,01/01/1998,1998,1998,0.015696397,29767210,0.0199930084666666
1998,Cardiovascular_diseases,13461489,01/01/1998,1998,1998,0.28601249,447714842,0.3039135356333333
1998,Chronic_kidney_disease,758681,01/01/1998,1998,1998,0.016119483,28909412,0.0194712654666666
1998,Chronic_respiratory_diseases,3401426,01/01/1998,1998,1998,0.072269146,104603397,0.0712593995333333
1998,Cirrhosis_and_other_chronic_liver_diseases,1141509,01/01/1998,1998,1998,0.024253322,37476376,0.0254569589333333
1998,Conflict_and_terrorism,108842,01/01/1998,1998,1998,0.002312536,3294053,0.0022595191
1998,Diabetes_mellitus,854415,01/01/1998,1998,1998,0.018153516,31445907,0.0211992707333333
1998,Diarrheal_diseases,2544585,01/01/1998,1998,1998,0.054064085,66234950,0.0457486245666666
1998,Digestive_diseases,2030600,01/01/1998,1998,1998,0.04314359,65634720,0.0446275642333333
1998,Drowning,407205,01/01/1998,1998,1998,0.008651771,10301680,0.0071236388333333
1998,Drug_use_disorders,85087,01/01/1998,1998,1998,0.00180782,2656068,0.0017981281999999
1998,Environmental_heat_and_cold_exposure,64858,01/01/1998,1998,1998,0.00137802,1788841,0.0012280231333333
1998,Exposure_to_forces_of_nature,48134,01/01/1998,1998,1998,0.00102269,1490132,0.001022777
1998,Fire__heat__and_hot_substances,124746,01/01/1998,1998,1998,0.002650443,3602770,0.0024682614333333
1998,HIV_AIDS,1303651,01/01/1998,1998,1998,0.027698308,36363057,0.0246658895666666
1998,Interpersonal_violence,431984,01/01/1998,1998,1998,0.009178243,12750846,0.0087111634666666
1998,Lower_respiratory_infections,2999755,01/01/1998,1998,1998,0.063734955,83768028,0.0575575027666666
1998,Malaria,901338,01/01/1998,1998,1998,0.019150476,25342671,0.0173775603333333
1998,Maternal_disorders,289304,01/01/1998,1998,1998,0.006146761,7726815,0.0053175714333333
1998,Meningitis,393364,01/01/1998,1998,1998,0.008357695,10524355,0.0072578576333333
1998,Neonatal_disorders,2793540,01/01/1998,1998,1998,0.059353563,76857422,0.0528678873
1998,Neoplasms,6703169,01/01/1998,1998,1998,0.142420356,229747730,0.1556181686999999
1998,Nutritional_deficiencies,620498,01/01/1998,1998,1998,0.013183547,13791568,0.0096164945999999
1998,Parkinson_s_disease,185097,01/01/1998,1998,1998,0.003932704,7179349,0.0048331239
1998,Poisonings,86679,01/01/1998,1998,1998,0.001841644,2601033,0.0017805711666666
1998,Protein_energy_malnutrition,549543,01/01/1998,1998,1998,0.011675986,12031459,0.0083915299
1998,Road_injuries_,1177827,01/01/1998,1998,1998,0.025024961,36293801,0.0247633793333333
1998,Self_harm,829842,01/01/1998,1998,1998,0.017631421,23713260,0.0162162425333333
1998,Tuberculosis,1724307,01/01/1998,1998,1998,0.036635868,45849852,0.0315565127333333
1999,Acute_hepatitis,147017,01/01/1999,1999,1999,0.003085216,3784748,0.0026176526333333
1999,Alcohol_use_disorders,160606,01/01/1999,1999,1999,0.003370387,4818867,0.0032809171
1999,Alzheimer_s_disease_and_other_dementias,761620,01/01/1999,1999,1999,0.01598293,29767210,0.0199930084666666
1999,Cardiovascular_diseases,13720763,01/01/1999,1999,1999,0.287936227,447714842,0.3039135356333333
1999,Chronic_kidney_disease,785380,01/01/1999,1999,1999,0.016481544,28909412,0.0194712654666666
1999,Chronic_respiratory_diseases,3419612,01/01/1999,1999,1999,0.071762057,104603397,0.0712593995333333
1999,Cirrhosis_and_other_chronic_liver_diseases,1158552,01/01/1999,1999,1999,0.024312722,37476376,0.0254569589333333
1999,Conflict_and_terrorism,141860,01/01/1999,1999,1999,0.002976994,3294053,0.0022595191
1999,Diabetes_mellitus,879521,01/01/1999,1999,1999,0.018457134,31445907,0.0211992707333333
1999,Diarrheal_diseases,2496957,01/01/1999,1999,1999,0.052399737,66234950,0.0457486245666666
1999,Digestive_diseases,2054201,01/01/1999,1999,1999,0.043108309,65634720,0.0446275642333333
1999,Drowning,397169,01/01/1999,1999,1999,0.008334766,10301680,0.0071236388333333
1999,Drug_use_disorders,87336,01/01/1999,1999,1999,0.001832784,2656068,0.0017981281999999
1999,Environmental_heat_and_cold_exposure,63375,01/01/1999,1999,1999,0.001329952,1788841,0.0012280231333333
1999,Exposure_to_forces_of_nature,69591,01/01/1999,1999,1999,0.001460398,1490132,0.001022777
1999,Fire__heat__and_hot_substances,125921,01/01/1999,1999,1999,0.002642507,3602770,0.0024682614333333
1999,HIV_AIDS,1439777,01/01/1999,1999,1999,0.030214352,36363057,0.0246658895666666
1999,Interpersonal_violence,440642,01/01/1999,1999,1999,0.009247066,12750846,0.0087111634666666
1999,Lower_respiratory_infections,2950639,01/01/1999,1999,1999,0.061920453,83768028,0.0575575027666666
1999,Malaria,893788,01/01/1999,1999,1999,0.018756533,25342671,0.0173775603333333
1999,Maternal_disorders,288836,01/01/1999,1999,1999,0.00606135,7726815,0.0053175714333333
1999,Meningitis,390136,01/01/1999,1999,1999,0.008187175,10524355,0.0072578576333333
1999,Neonatal_disorders,2766241,01/01/1999,1999,1999,0.05805078,76857422,0.0528678873
1999,Neoplasms,6857548,01/01/1999,1999,1999,0.143908651,229747730,0.1556181686999999
1999,Nutritional_deficiencies,593417,01/01/1999,1999,1999,0.012453116,13791568,0.0096164945999999
1999,Parkinson_s_disease,191538,01/01/1999,1999,1999,0.004019509,7179349,0.0048331239
1999,Poisonings,87333,01/01/1999,1999,1999,0.001832721,2601033,0.0017805711666666
1999,Protein_energy_malnutrition,527431,01/01/1999,1999,1999,0.011068371,12031459,0.0083915299
1999,Road_injuries_,1195303,01/01/1999,1999,1999,0.025083957,36293801,0.0247633793333333
1999,Self_harm,840850,01/01/1999,1999,1999,0.017645606,23713260,0.0162162425333333
1999,Tuberculosis,1719130,01/01/1999,1999,1999,0.036076697,45849852,0.0315565127333333
2000,Acute_hepatitis,144124,01/01/2000,2000,2000,0.002999439,3784748,0.0026176526333333
2000,Alcohol_use_disorders,166094,01/01/2000,2000,2000,0.003456668,4818867,0.0032809171
2000,Alzheimer_s_disease_and_other_dementias,786615,01/01/2000,2000,2000,0.016370652,29767210,0.0199930084666666
2000,Cardiovascular_diseases,13957078,01/01/2000,2000,2000,0.290467969,447714842,0.3039135356333333
2000,Chronic_kidney_disease,814854,01/01/2000,2000,2000,0.016958348,28909412,0.0194712654666666
2000,Chronic_respiratory_diseases,3450006,01/01/2000,2000,2000,0.071799859,104603397,0.0712593995333333
2000,Cirrhosis_and_other_chronic_liver_diseases,1177628,01/01/2000,2000,2000,0.024508225,37476376,0.0254569589333333
2000,Conflict_and_terrorism,120011,01/01/2000,2000,2000,0.002497611,3294053,0.0022595191
2000,Diabetes_mellitus,905965,01/01/2000,2000,2000,0.018854506,31445907,0.0211992707333333
2000,Diarrheal_diseases,2440570,01/01/2000,2000,2000,0.050791965,66234950,0.0457486245666666
2000,Digestive_diseases,2079551,01/01/2000,2000,2000,0.043278611,65634720,0.0446275642333333
2000,Drowning,387627,01/01/2000,2000,2000,0.008067106,10301680,0.0071236388333333
2000,Drug_use_disorders,89690,01/01/2000,2000,2000,0.001866585,2656068,0.0017981281999999
2000,Environmental_heat_and_cold_exposure,65450,01/01/2000,2000,2000,0.001362114,1788841,0.0012280231333333
2000,Exposure_to_forces_of_nature,8918,01/01/2000,2000,2000,0.000185597,1490132,0.001022777
2000,Fire__heat__and_hot_substances,126659,01/01/2000,2000,2000,0.002635966,3602770,0.0024682614333333
2000,HIV_AIDS,1559389,01/01/2000,2000,2000,0.032453251,36363057,0.0246658895666666
2000,Interpersonal_violence,450393,01/01/2000,2000,2000,0.009373362,12750846,0.0087111634666666
2000,Lower_respiratory_infections,2895698,01/01/2000,2000,2000,0.060263869,83768028,0.0575575027666666
2000,Malaria,882055,01/01/2000,2000,2000,0.018356903,25342671,0.0173775603333333
2000,Maternal_disorders,287027,01/01/2000,2000,2000,0.005973467,7726815,0.0053175714333333
2000,Meningitis,385994,01/01/2000,2000,2000,0.008033121,10524355,0.0072578576333333
2000,Neonatal_disorders,2739290,01/01/2000,2000,2000,0.057008781,76857422,0.0528678873
2000,Neoplasms,7001927,01/01/2000,2000,2000,0.145720724,229747730,0.1556181686999999
2000,Nutritional_deficiencies,568454,01/01/2000,2000,2000,0.01183039,13791568,0.0096164945999999
2000,Parkinson_s_disease,198545,01/01/2000,2000,2000,0.004132023,7179349,0.0048331239
2000,Poisonings,88799,01/01/2000,2000,2000,0.001848042,2601033,0.0017805711666666
2000,Protein_energy_malnutrition,505874,01/01/2000,2000,2000,0.010528005,12031459,0.0083915299
2000,Road_injuries_,1212355,01/01/2000,2000,2000,0.025230947,36293801,0.0247633793333333
2000,Self_harm,839249,01/01/2000,2000,2000,0.017466045,23713260,0.0162162425333333
2000,Tuberculosis,1714428,01/01/2000,2000,2000,0.035679848,45849852,0.0315565127333333
2001,Acute_hepatitis,140143,01/01/2001,2001,2001,0.002896373,3784748,0.0026176526333333
2001,Alcohol_use_disorders,170787,01/01/2001,2001,2001,0.0035297,4818867,0.0032809171
2001,Alzheimer_s_disease_and_other_dementias,814526,01/01/2001,2001,2001,0.016834026,29767210,0.0199930084666666
2001,Cardiovascular_diseases,14185571,01/01/2001,2001,2001,0.293176979,447714842,0.3039135356333333
2001,Chronic_kidney_disease,842790,01/01/2001,2001,2001,0.017418166,28909412,0.0194712654666666
2001,Chronic_respiratory_diseases,3465831,01/01/2001,2001,2001,0.071629254,104603397,0.0712593995333333
2001,Cirrhosis_and_other_chronic_liver_diseases,1200250,01/01/2001,2001,2001,0.024805887,37476376,0.0254569589333333
2001,Conflict_and_terrorism,67069,01/01/2001,2001,2001,0.001386133,3294053,0.0022595191
2001,Diabetes_mellitus,934841,01/01/2001,2001,2001,0.019320608,31445907,0.0211992707333333
2001,Diarrheal_diseases,2378465,01/01/2001,2001,2001,0.04915637,66234950,0.0457486245666666
2001,Digestive_diseases,2107791,01/01/2001,2001,2001,0.043562279,65634720,0.0446275642333333
2001,Drowning,375917,01/01/2001,2001,2001,0.007769177,10301680,0.0071236388333333
2001,Drug_use_disorders,87325,01/01/2001,2001,2001,0.001804769,2656068,0.0017981281999999
2001,Environmental_heat_and_cold_exposure,66743,01/01/2001,2001,2001,0.001379395,1788841,0.0012280231333333
2001,Exposure_to_forces_of_nature,29497,01/01/2001,2001,2001,0.000609622,1490132,0.001022777
2001,Fire__heat__and_hot_substances,126427,01/01/2001,2001,2001,0.002612901,3602770,0.0024682614333333
2001,HIV_AIDS,1662064,01/01/2001,2001,2001,0.03435032,36363057,0.0246658895666666
2001,Interpersonal_violence,451206,01/01/2001,2001,2001,0.009325195,12750846,0.0087111634666666
2001,Lower_respiratory_infections,2830457,01/01/2001,2001,2001,0.05849781,83768028,0.0575575027666666
2001,Malaria,912709,01/01/2001,2001,2001,0.0188632,25342671,0.0173775603333333
2001,Maternal_disorders,282455,01/01/2001,2001,2001,0.005837573,7726815,0.0053175714333333
2001,Meningitis,379912,01/01/2001,2001,2001,0.007851743,10524355,0.0072578576333333
2001,Neonatal_disorders,2710195,01/01/2001,2001,2001,0.056012323,76857422,0.0528678873
2001,Neoplasms,7114269,01/01/2001,2001,2001,0.147032495,229747730,0.1556181686999999
2001,Nutritional_deficiencies,542565,01/01/2001,2001,2001,0.011213336,13791568,0.0096164945999999
2001,Parkinson_s_disease,206194,01/01/2001,2001,2001,0.004261466,7179349,0.0048331239
2001,Poisonings,89294,01/01/2001,2001,2001,0.001845463,2601033,0.0017805711666666
2001,Protein_energy_malnutrition,483074,01/01/2001,2001,2001,0.009983819,12031459,0.0083915299
2001,Road_injuries_,1224220,01/01/2001,2001,2001,0.025301281,36293801,0.0247633793333333
2001,Self_harm,820745,01/01/2001,2001,2001,0.016962556,23713260,0.0162162425333333
2001,Tuberculosis,1682360,01/01/2001,2001,2001,0.034769783,45849852,0.0315565127333333
2002,Acute_hepatitis,134941,01/01/2002,2002,2002,0.002759697,3784748,0.0026176526333333
2002,Alcohol_use_disorders,175317,01/01/2002,2002,2002,0.003585432,4818867,0.0032809171
2002,Alzheimer_s_disease_and_other_dementias,845695,01/01/2002,2002,2002,0.017295426,29767210,0.0199930084666666
2002,Cardiovascular_diseases,14501696,01/01/2002,2002,2002,0.296576207,447714842,0.3039135356333333
2002,Chronic_kidney_disease,874109,01/01/2002,2002,2002,0.017876525,28909412,0.0194712654666666
2002,Chronic_respiratory_diseases,3490310,01/01/2002,2002,2002,0.071380817,104603397,0.0712593995333333
2002,Cirrhosis_and_other_chronic_liver_diseases,1227607,01/01/2002,2002,2002,0.025105962,37476376,0.0254569589333333
2002,Conflict_and_terrorism,66414,01/01/2002,2002,2002,0.001358242,3294053,0.0022595191
2002,Diabetes_mellitus,970544,01/01/2002,2002,2002,0.019848731,31445907,0.0211992707333333
2002,Diarrheal_diseases,2312641,01/01/2002,2002,2002,0.047296144,66234950,0.0457486245666666
2002,Digestive_diseases,2143976,01/01/2002,2002,2002,0.043846752,65634720,0.0446275642333333
2002,Drowning,361967,01/01/2002,2002,2002,0.007402638,10301680,0.0071236388333333
2002,Drug_use_disorders,84750,01/01/2002,2002,2002,0.001733234,2656068,0.0017981281999999
2002,Environmental_heat_and_cold_exposure,69939,01/01/2002,2002,2002,0.001430332,1788841,0.0012280231333333
2002,Exposure_to_forces_of_nature,8908,01/01/2002,2002,2002,0.000182179,1490132,0.001022777
2002,Fire__heat__and_hot_substances,125532,01/01/2002,2002,2002,0.002567272,3602770,0.0024682614333333
2002,HIV_AIDS,1746104,01/01/2002,2002,2002,0.035709816,36363057,0.0246658895666666
2002,Interpersonal_violence,462331,01/01/2002,2002,2002,0.009455196,12750846,0.0087111634666666
2002,Lower_respiratory_infections,2788706,01/01/2002,2002,2002,0.057032215,83768028,0.0575575027666666
2002,Malaria,929195,01/01/2002,2002,2002,0.019003097,25342671,0.0173775603333333
2002,Maternal_disorders,276253,01/01/2002,2002,2002,0.005649689,7726815,0.0053175714333333
2002,Meningitis,372298,01/01/2002,2002,2002,0.007613918,10524355,0.0072578576333333
2002,Neonatal_disorders,2691320,01/01/2002,2002,2002,0.055040561,76857422,0.0528678873
2002,Neoplasms,7253993,01/01/2002,2002,2002,0.148352422,229747730,0.1556181686999999
2002,Nutritional_deficiencies,517754,01/01/2002,2002,2002,0.010588659,13791568,0.0096164945999999
2002,Parkinson_s_disease,214930,01/01/2002,2002,2002,0.004395563,7179349,0.0048331239
2002,Poisonings,89920,01/01/2002,2002,2002,0.001838966,2601033,0.0017805711666666
2002,Protein_energy_malnutrition,462083,01/01/2002,2002,2002,0.009450124,12031459,0.0083915299
2002,Road_injuries_,1237109,01/01/2002,2002,2002,0.025300289,36293801,0.0247633793333333
2002,Self_harm,811199,01/01/2002,2002,2002,0.016589944,23713260,0.0162162425333333
2002,Tuberculosis,1649490,01/01/2002,2002,2002,0.03373395,45849852,0.0315565127333333
2003,Acute_hepatitis,130158,01/01/2003,2003,2003,0.002649583,3784748,0.0026176526333333
2003,Alcohol_use_disorders,178889,01/01/2003,2003,2003,0.003641584,4818867,0.0032809171
2003,Alzheimer_s_disease_and_other_dementias,877011,01/01/2003,2003,2003,0.017853022,29767210,0.0199930084666666
2003,Cardiovascular_diseases,14710723,01/01/2003,2003,2003,0.29946131,447714842,0.3039135356333333
2003,Chronic_kidney_disease,902200,01/01/2003,2003,2003,0.018365786,28909412,0.0194712654666666
2003,Chronic_respiratory_diseases,3491643,01/01/2003,2003,2003,0.071078219,104603397,0.0712593995333333
2003,Cirrhosis_and_other_chronic_liver_diseases,1251776,01/01/2003,2003,2003,0.025481989,37476376,0.0254569589333333
2003,Conflict_and_terrorism,71044,01/01/2003,2003,2003,0.001446219,3294053,0.0022595191
2003,Diabetes_mellitus,1000276,01/01/2003,2003,2003,0.020362287,31445907,0.0211992707333333
2003,Diarrheal_diseases,2242961,01/01/2003,2003,2003,0.045659213,66234950,0.0457486245666666
2003,Digestive_diseases,2173729,01/01/2003,2003,2003,0.04424988,65634720,0.0446275642333333
2003,Drowning,347745,01/01/2003,2003,2003,0.00707893,10301680,0.0071236388333333
2003,Drug_use_disorders,82250,01/01/2003,2003,2003,0.001674336,2656068,0.0017981281999999
2003,Environmental_heat_and_cold_exposure,71950,01/01/2003,2003,2003,0.001464662,1788841,0.0012280231333333
2003,Exposure_to_forces_of_nature,35474,01/01/2003,2003,2003,0.000722132,1490132,0.001022777
2003,Fire__heat__and_hot_substances,125730,01/01/2003,2003,2003,0.002559444,3602770,0.0024682614333333
2003,HIV_AIDS,1808445,01/01/2003,2003,2003,0.036813915,36363057,0.0246658895666666
2003,Interpersonal_violence,446701,01/01/2003,2003,2003,0.009093344,12750846,0.0087111634666666
2003,Lower_respiratory_infections,2746549,01/01/2003,2003,2003,0.055910587,83768028,0.0575575027666666
2003,Malaria,959654,01/01/2003,2003,2003,0.019535358,25342671,0.0173775603333333
2003,Maternal_disorders,269425,01/01/2003,2003,2003,0.005484595,7726815,0.0053175714333333
2003,Meningitis,369171,01/01/2003,2003,2003,0.007515092,10524355,0.0072578576333333
2003,Neonatal_disorders,2671242,01/01/2003,2003,2003,0.054377588,76857422,0.0528678873
2003,Neoplasms,7388299,01/01/2003,2003,2003,0.150401153,229747730,0.1556181686999999
2003,Nutritional_deficiencies,417264,01/01/2003,2003,2003,0.008494105,13791568,0.0096164945999999
2003,Parkinson_s_disease,222256,01/01/2003,2003,2003,0.004524392,7179349,0.0048331239
2003,Poisonings,90634,01/01/2003,2003,2003,0.001845006,2601033,0.0017805711666666
2003,Protein_energy_malnutrition,365742,01/01/2003,2003,2003,0.007445289,12031459,0.0083915299
2003,Road_injuries_,1248216,01/01/2003,2003,2003,0.025409519,36293801,0.0247633793333333
2003,Self_harm,814533,01/01/2003,2003,2003,0.016581178,23713260,0.0162162425333333
2003,Tuberculosis,1612262,01/01/2003,2003,2003,0.032820283,45849852,0.0315565127333333
2004,Acute_hepatitis,127953,01/01/2004,2004,2004,0.002593808,3784748,0.0026176526333333
2004,Alcohol_use_disorders,180491,01/01/2004,2004,2004,0.003658836,4818867,0.0032809171
2004,Alzheimer_s_disease_and_other_dementias,909148,01/01/2004,2004,2004,0.018429857,29767210,0.0199930084666666
2004,Cardiovascular_diseases,14745985,01/01/2004,2004,2004,0.298924263,447714842,0.3039135356333333
2004,Chronic_kidney_disease,922921,01/01/2004,2004,2004,0.018709057,28909412,0.0194712654666666
2004,Chronic_respiratory_diseases,3462850,01/01/2004,2004,2004,0.070197405,104603397,0.0712593995333333
2004,Cirrhosis_and_other_chronic_liver_diseases,1266574,01/01/2004,2004,2004,0.025675443,37476376,0.0254569589333333
2004,Conflict_and_terrorism,70502,01/01/2004,2004,2004,0.001429186,3294053,0.0022595191
2004,Diabetes_mellitus,1018138,01/01/2004,2004,2004,0.020639255,31445907,0.0211992707333333
2004,Diarrheal_diseases,2166496,01/01/2004,2004,2004,0.043918275,66234950,0.0457486245666666
2004,Digestive_diseases,2187927,01/01/2004,2004,2004,0.044352715,65634720,0.0446275642333333
2004,Drowning,338417,01/01/2004,2004,2004,0.006860244,10301680,0.0071236388333333
2004,Drug_use_disorders,81843,01/01/2004,2004,2004,0.001659086,2656068,0.0017981281999999
2004,Environmental_heat_and_cold_exposure,67144,01/01/2004,2004,2004,0.001361114,1788841,0.0012280231333333
2004,Exposure_to_forces_of_nature,242430,01/01/2004,2004,2004,0.004914437,1490132,0.001022777
2004,Fire__heat__and_hot_substances,123651,01/01/2004,2004,2004,0.0025066,3602770,0.0024682614333333
2004,HIV_AIDS,1842954,01/01/2004,2004,2004,0.03735957,36363057,0.0246658895666666
2004,Interpersonal_violence,440855,01/01/2004,2004,2004,0.008936823,12750846,0.0087111634666666
2004,Lower_respiratory_infections,2697064,01/01/2004,2004,2004,0.054673721,83768028,0.0575575027666666
2004,Malaria,960784,01/01/2004,2004,2004,0.0194766,25342671,0.0173775603333333
2004,Maternal_disorders,265279,01/01/2004,2004,2004,0.005377622,7726815,0.0053175714333333
2004,Meningitis,363462,01/01/2004,2004,2004,0.007367945,10524355,0.0072578576333333
2004,Neonatal_disorders,2647814,01/01/2004,2004,2004,0.053675346,76857422,0.0528678873
2004,Neoplasms,7504504,01/01/2004,2004,2004,0.152128076,229747730,0.1556181686999999
2004,Nutritional_deficiencies,393952,01/01/2004,2004,2004,0.007986025,13791568,0.0096164945999999
2004,Parkinson_s_disease,227695,01/01/2004,2004,2004,0.004615735,7179349,0.0048331239
2004,Poisonings,91455,01/01/2004,2004,2004,0.001853936,2601033,0.0017805711666666
2004,Protein_energy_malnutrition,345527,01/01/2004,2004,2004,0.007004375,12031459,0.0083915299
2004,Road_injuries_,1258547,01/01/2004,2004,2004,0.025512723,36293801,0.0247633793333333
2004,Self_harm,819290,01/01/2004,2004,2004,0.016608294,23713260,0.0162162425333333
2004,Tuberculosis,1558519,01/01/2004,2004,2004,0.031593627,45849852,0.0315565127333333
2005,Acute_hepatitis,128197,01/01/2005,2005,2005,0.002585039,3784748,0.0026176526333333
2005,Alcohol_use_disorders,181704,01/01/2005,2005,2005,0.003663985,4818867,0.0032809171
2005,Alzheimer_s_disease_and_other_dementias,945619,01/01/2005,2005,2005,0.01906801,29767210,0.0199930084666666
2005,Cardiovascular_diseases,14995528,01/01/2005,2005,2005,0.302378519,447714842,0.3039135356333333
2005,Chronic_kidney_disease,956457,01/01/2005,2005,2005,0.019286553,28909412,0.0194712654666666
2005,Chronic_respiratory_diseases,3479174,01/01/2005,2005,2005,0.070156081,104603397,0.0712593995333333
2005,Cirrhosis_and_other_chronic_liver_diseases,1293978,01/01/2005,2005,2005,0.026092522,37476376,0.0254569589333333
2005,Conflict_and_terrorism,59507,01/01/2005,2005,2005,0.001199934,3294053,0.0022595191
2005,Diabetes_mellitus,1050925,01/01/2005,2005,2005,0.021191461,31445907,0.0211992707333333
2005,Diarrheal_diseases,2125961,01/01/2005,2005,2005,0.04286911,66234950,0.0457486245666666
2005,Digestive_diseases,2226154,01/01/2005,2005,2005,0.04488946,65634720,0.0446275642333333
2005,Drowning,332705,01/01/2005,2005,2005,0.006708856,10301680,0.0071236388333333
2005,Drug_use_disorders,84990,01/01/2005,2005,2005,0.001713788,2656068,0.0017981281999999
2005,Environmental_heat_and_cold_exposure,68382,01/01/2005,2005,2005,0.001378894,1788841,0.0012280231333333
2005,Exposure_to_forces_of_nature,88718,01/01/2005,2005,2005,0.001788961,1490132,0.001022777
2005,Fire__heat__and_hot_substances,124166,01/01/2005,2005,2005,0.002503755,3602770,0.0024682614333333
2005,HIV_AIDS,1832074,01/01/2005,2005,2005,0.036943002,36363057,0.0246658895666666
2005,Interpersonal_violence,435946,01/01/2005,2005,2005,0.008790668,12750846,0.0087111634666666
2005,Lower_respiratory_infections,2677818,01/01/2005,2005,2005,0.053997074,83768028,0.0575575027666666
2005,Malaria,940540,01/01/2005,2005,2005,0.018965594,25342671,0.0173775603333333
2005,Maternal_disorders,264407,01/01/2005,2005,2005,0.005331656,7726815,0.0053175714333333
2005,Meningitis,361809,01/01/2005,2005,2005,0.007295726,10524355,0.0072578576333333
2005,Neonatal_disorders,2620556,01/01/2005,2005,2005,0.05284241,76857422,0.0528678873
2005,Neoplasms,7653588,01/01/2005,2005,2005,0.154331385,229747730,0.1556181686999999
2005,Nutritional_deficiencies,376740,01/01/2005,2005,2005,0.007596804,13791568,0.0096164945999999
2005,Parkinson_s_disease,236498,01/01/2005,2005,2005,0.004768883,7179349,0.0048331239
2005,Poisonings,92064,01/01/2005,2005,2005,0.001856432,2601033,0.0017805711666666
2005,Protein_energy_malnutrition,329849,01/01/2005,2005,2005,0.006651266,12031459,0.0083915299
2005,Road_injuries_,1269243,01/01/2005,2005,2005,0.025593752,36293801,0.0247633793333333
2005,Self_harm,826133,01/01/2005,2005,2005,0.016658625,23713260,0.0162162425333333
2005,Tuberculosis,1532479,01/01/2005,2005,2005,0.030901795,45849852,0.0315565127333333
2006,Acute_hepatitis,124737,01/01/2006,2006,2006,0.002523788,3784748,0.0026176526333333
2006,Alcohol_use_disorders,177747,01/01/2006,2006,2006,0.003596332,4818867,0.0032809171
2006,Alzheimer_s_disease_and_other_dementias,982308,01/01/2006,2006,2006,0.019874912,29767210,0.0199930084666666
2006,Cardiovascular_diseases,14991661,01/01/2006,2006,2006,0.303324356,447714842,0.3039135356333333
2006,Chronic_kidney_disease,981743,01/01/2006,2006,2006,0.01986348,28909412,0.0194712654666666
2006,Chronic_respiratory_diseases,3461443,01/01/2006,2006,2006,0.070034933,104603397,0.0712593995333333
2006,Cirrhosis_and_other_chronic_liver_diseases,1300281,01/01/2006,2006,2006,0.026308419,37476376,0.0254569589333333
2006,Conflict_and_terrorism,74555,01/01/2006,2006,2006,0.001508462,3294053,0.0022595191
2006,Diabetes_mellitus,1071057,01/01/2006,2006,2006,0.021670559,31445907,0.0211992707333333
2006,Diarrheal_diseases,2109339,01/01/2006,2006,2006,0.042677986,66234950,0.0457486245666666
2006,Digestive_diseases,2235326,01/01/2006,2006,2006,0.045227065,65634720,0.0446275642333333
2006,Drowning,319875,01/01/2006,2006,2006,0.00647199,10301680,0.0071236388333333
2006,Drug_use_disorders,85421,01/01/2006,2006,2006,0.001728312,2656068,0.0017981281999999
2006,Environmental_heat_and_cold_exposure,64630,01/01/2006,2006,2006,0.001307651,1788841,0.0012280231333333
2006,Exposure_to_forces_of_nature,19918,01/01/2006,2006,2006,0.000402998,1490132,0.001022777
2006,Fire__heat__and_hot_substances,121265,01/01/2006,2006,2006,0.002453539,3602770,0.0024682614333333
2006,HIV_AIDS,1767868,01/01/2006,2006,2006,0.035769047,36363057,0.0246658895666666
2006,Interpersonal_violence,427355,01/01/2006,2006,2006,0.008646619,12750846,0.0087111634666666
2006,Lower_respiratory_infections,2645926,01/01/2006,2006,2006,0.053534682,83768028,0.0575575027666666
2006,Malaria,941746,01/01/2006,2006,2006,0.019054226,25342671,0.0173775603333333
2006,Maternal_disorders,259261,01/01/2006,2006,2006,0.005245595,7726815,0.0053175714333333
2006,Meningitis,358973,01/01/2006,2006,2006,0.007263055,10524355,0.0072578576333333
2006,Neonatal_disorders,2587061,01/01/2006,2006,2006,0.052343674,76857422,0.0528678873
2006,Neoplasms,7722732,01/01/2006,2006,2006,0.156253047,229747730,0.1556181686999999
2006,Nutritional_deficiencies,362476,01/01/2006,2006,2006,0.00733393,13791568,0.0096164945999999
2006,Parkinson_s_disease,242749,01/01/2006,2006,2006,0.004911509,7179349,0.0048331239
2006,Poisonings,89859,01/01/2006,2006,2006,0.001818106,2601033,0.0017805711666666
2006,Protein_energy_malnutrition,316210,01/01/2006,2006,2006,0.006397836,12031459,0.0083915299
2006,Road_injuries_,1267492,01/01/2006,2006,2006,0.025645003,36293801,0.0247633793333333
2006,Self_harm,814138,01/01/2006,2006,2006,0.01647235,23713260,0.0162162425333333
2006,Tuberculosis,1499369,01/01/2006,2006,2006,0.030336541,45849852,0.0315565127333333
2007,Acute_hepatitis,120512,01/01/2007,2007,2007,0.002434821,3784748,0.0026176526333333
2007,Alcohol_use_disorders,174006,01/01/2007,2007,2007,0.003515612,4818867,0.0032809171
2007,Alzheimer_s_disease_and_other_dementias,1022057,01/01/2007,2007,2007,0.020649612,29767210,0.0199930084666666
2007,Cardiovascular_diseases,15117363,01/01/2007,2007,2007,0.305430792,447714842,0.3039135356333333
2007,Chronic_kidney_disease,1010311,01/01/2007,2007,2007,0.020412296,28909412,0.0194712654666666
2007,Chronic_respiratory_diseases,3467408,01/01/2007,2007,2007,0.070055417,104603397,0.0712593995333333
2007,Cirrhosis_and_other_chronic_liver_diseases,1311974,01/01/2007,2007,2007,0.026507087,37476376,0.0254569589333333
2007,Conflict_and_terrorism,71286,01/01/2007,2007,2007,0.00144026,3294053,0.0022595191
2007,Diabetes_mellitus,1092777,01/01/2007,2007,2007,0.022078437,31445907,0.0211992707333333
2007,Diarrheal_diseases,2076357,01/01/2007,2007,2007,0.04195066,66234950,0.0457486245666666
2007,Digestive_diseases,2251390,01/01/2007,2007,2007,0.045487022,65634720,0.0446275642333333
2007,Drowning,311889,01/01/2007,2007,2007,0.006301397,10301680,0.0071236388333333
2007,Drug_use_disorders,85962,01/01/2007,2007,2007,0.001736774,2656068,0.0017981281999999
2007,Environmental_heat_and_cold_exposure,59791,01/01/2007,2007,2007,0.001208016,1788841,0.0012280231333333
2007,Exposure_to_forces_of_nature,16200,01/01/2007,2007,2007,0.000327304,1490132,0.001022777
2007,Fire__heat__and_hot_substances,119600,01/01/2007,2007,2007,0.002416395,3602770,0.0024682614333333
2007,HIV_AIDS,1669306,01/01/2007,2007,2007,0.033726613,36363057,0.0246658895666666
2007,Interpersonal_violence,420025,01/01/2007,2007,2007,0.008486174,12750846,0.0087111634666666
2007,Lower_respiratory_infections,2617221,01/01/2007,2007,2007,0.052878262,83768028,0.0575575027666666
2007,Malaria,940193,01/01/2007,2007,2007,0.018995634,25342671,0.0173775603333333
2007,Maternal_disorders,252551,01/01/2007,2007,2007,0.005102534,7726815,0.0053175714333333
2007,Meningitis,352747,01/01/2007,2007,2007,0.007126891,10524355,0.0072578576333333
2007,Neonatal_disorders,2549184,01/01/2007,2007,2007,0.051503644,76857422,0.0528678873
2007,Neoplasms,7850705,01/01/2007,2007,2007,0.158615431,229747730,0.1556181686999999
2007,Nutritional_deficiencies,347407,01/01/2007,2007,2007,0.007019002,13791568,0.0096164945999999
2007,Parkinson_s_disease,250475,01/01/2007,2007,2007,0.00506059,7179349,0.0048331239
2007,Poisonings,88475,01/01/2007,2007,2007,0.001787546,2601033,0.0017805711666666
2007,Protein_energy_malnutrition,302088,01/01/2007,2007,2007,0.006103378,12031459,0.0083915299
2007,Road_injuries_,1273318,01/01/2007,2007,2007,0.025726082,36293801,0.0247633793333333
2007,Self_harm,802521,01/01/2007,2007,2007,0.016214112,23713260,0.0162162425333333
2007,Tuberculosis,1470117,01/01/2007,2007,2007,0.029702204,45849852,0.0315565127333333
2008,Acute_hepatitis,117273,01/01/2008,2008,2008,0.002340043,3784748,0.0026176526333333
2008,Alcohol_use_disorders,171613,01/01/2008,2008,2008,0.003424333,4818867,0.0032809171
2008,Alzheimer_s_disease_and_other_dementias,1065297,01/01/2008,2008,2008,0.021256735,29767210,0.0199930084666666
2008,Cardiovascular_diseases,15402070,01/01/2008,2008,2008,0.307329993,447714842,0.3039135356333333
2008,Chronic_kidney_disease,1045743,01/01/2008,2008,2008,0.020866558,28909412,0.0194712654666666
2008,Chronic_respiratory_diseases,3510195,01/01/2008,2008,2008,0.070041767,104603397,0.0712593995333333
2008,Cirrhosis_and_other_chronic_liver_diseases,1330568,01/01/2008,2008,2008,0.026549902,37476376,0.0254569589333333
2008,Conflict_and_terrorism,64695,01/01/2008,2008,2008,0.001290912,3294053,0.0022595191
2008,Diabetes_mellitus,1122287,01/01/2008,2008,2008,0.022393903,31445907,0.0211992707333333
2008,Diarrheal_diseases,2044769,01/01/2008,2008,2008,0.040800934,66234950,0.0457486245666666
2008,Digestive_diseases,2280070,01/01/2008,2008,2008,0.045496086,65634720,0.0446275642333333
2008,Drowning,304870,01/01/2008,2008,2008,0.006083318,10301680,0.0071236388333333
2008,Drug_use_disorders,87077,01/01/2008,2008,2008,0.001737518,2656068,0.0017981281999999
2008,Environmental_heat_and_cold_exposure,57763,01/01/2008,2008,2008,0.001152592,1788841,0.0012280231333333
2008,Exposure_to_forces_of_nature,235751,01/01/2008,2008,2008,0.004704131,1490132,0.001022777
2008,Fire__heat__and_hot_substances,118269,01/01/2008,2008,2008,0.002359917,3602770,0.0024682614333333
2008,HIV_AIDS,1559499,01/01/2008,2008,2008,0.031117948,36363057,0.0246658895666666
2008,Interpersonal_violence,422800,01/01/2008,2008,2008,0.008436471,12750846,0.0087111634666666
2008,Lower_respiratory_infections,2603124,01/01/2008,2008,2008,0.051942244,83768028,0.0575575027666666
2008,Malaria,932910,01/01/2008,2008,2008,0.01861511,25342671,0.0173775603333333
2008,Maternal_disorders,247899,01/01/2008,2008,2008,0.00494653,7726815,0.0053175714333333
2008,Meningitis,343452,01/01/2008,2008,2008,0.006853176,10524355,0.0072578576333333
2008,Neonatal_disorders,2515772,01/01/2008,2008,2008,0.050199239,76857422,0.0528678873
2008,Neoplasms,8027173,01/01/2008,2008,2008,0.160172692,229747730,0.1556181686999999
2008,Nutritional_deficiencies,335623,01/01/2008,2008,2008,0.006696958,13791568,0.0096164945999999
2008,Parkinson_s_disease,260382,01/01/2008,2008,2008,0.005195613,7179349,0.0048331239
2008,Poisonings,88687,01/01/2008,2008,2008,0.001769644,2601033,0.0017805711666666
2008,Protein_energy_malnutrition,290690,01/01/2008,2008,2008,0.005800373,12031459,0.0083915299
2008,Road_injuries_,1284333,01/01/2008,2008,2008,0.025627338,36293801,0.0247633793333333
2008,Self_harm,797570,01/01/2008,2008,2008,0.015914561,23713260,0.0162162425333333
2008,Tuberculosis,1447516,01/01/2008,2008,2008,0.028883461,45849852,0.0315565127333333
2009,Acute_hepatitis,112643,01/01/2009,2009,2009,0.002257345,3784748,0.0026176526333333
2009,Alcohol_use_disorders,166736,01/01/2009,2009,2009,0.003341358,4818867,0.0032809171
2009,Alzheimer_s_disease_and_other_dementias,1109405,01/01/2009,2009,2009,0.022232268,29767210,0.0199930084666666
2009,Cardiovascular_diseases,15552545,01/01/2009,2009,2009,0.311670089,447714842,0.3039135356333333
2009,Chronic_kidney_disease,1074048,01/01/2009,2009,2009,0.021523721,28909412,0.0194712654666666
2009,Chronic_respiratory_diseases,3498126,01/01/2009,2009,2009,0.07010179,104603397,0.0712593995333333
2009,Cirrhosis_and_other_chronic_liver_diseases,1330408,01/01/2009,2009,2009,0.026661127,37476376,0.0254569589333333
2009,Conflict_and_terrorism,71582,01/01/2009,2009,2009,0.00143449,3294053,0.0022595191
2009,Diabetes_mellitus,1142391,01/01/2009,2009,2009,0.022893302,31445907,0.0211992707333333
2009,Diarrheal_diseases,1977248,01/01/2009,2009,2009,0.03962368,66234950,0.0457486245666666
2009,Digestive_diseases,2279806,01/01/2009,2009,2009,0.045686885,65634720,0.0446275642333333
2009,Drowning,296871,01/01/2009,2009,2009,0.005949239,10301680,0.0071236388333333
2009,Drug_use_disorders,87025,01/01/2009,2009,2009,0.001743965,2656068,0.0017981281999999
2009,Environmental_heat_and_cold_exposure,54835,01/01/2009,2009,2009,0.001098883,1788841,0.0012280231333333
2009,Exposure_to_forces_of_nature,10975,01/01/2009,2009,2009,0.000219937,1490132,0.001022777
2009,Fire__heat__and_hot_substances,116177,01/01/2009,2009,2009,0.002328165,3602770,0.0024682614333333
2009,HIV_AIDS,1453258,01/01/2009,2009,2009,0.029123018,36363057,0.0246658895666666
2009,Interpersonal_violence,422750,01/01/2009,2009,2009,0.008471831,12750846,0.0087111634666666
2009,Lower_respiratory_infections,2571405,01/01/2009,2009,2009,0.051530475,83768028,0.0575575027666666
2009,Malaria,917796,01/01/2009,2009,2009,0.01839246,25342671,0.0173775603333333
2009,Maternal_disorders,244175,01/01/2009,2009,2009,0.004893221,7726815,0.0053175714333333
2009,Meningitis,336868,01/01/2009,2009,2009,0.006750772,10524355,0.0072578576333333
2009,Neonatal_disorders,2475066,01/01/2009,2009,2009,0.049599859,76857422,0.0528678873
2009,Neoplasms,8167640,01/01/2009,2009,2009,0.163677976,229747730,0.1556181686999999
2009,Nutritional_deficiencies,322879,01/01/2009,2009,2009,0.006470435,13791568,0.0096164945999999
2009,Parkinson_s_disease,267738,01/01/2009,2009,2009,0.005365419,7179349,0.0048331239
2009,Poisonings,87902,01/01/2009,2009,2009,0.00176154,2601033,0.0017805711666666
2009,Protein_energy_malnutrition,279325,01/01/2009,2009,2009,0.005597621,12031459,0.0083915299
2009,Road_injuries_,1281669,01/01/2009,2009,2009,0.025684407,36293801,0.0247633793333333
2009,Self_harm,785883,01/01/2009,2009,2009,0.015748948,23713260,0.0162162425333333
2009,Tuberculosis,1405491,01/01/2009,2009,2009,0.028165776,45849852,0.0315565127333333
2010,Acute_hepatitis,109556,01/01/2010,2010,2010,0.002172748,3784748,0.0026176526333333
2010,Alcohol_use_disorders,164313,01/01/2010,2010,2010,0.003258706,4818867,0.0032809171
2010,Alzheimer_s_disease_and_other_dementias,1155944,01/01/2010,2010,2010,0.022925037,29767210,0.0199930084666666
2010,Cardiovascular_diseases,15838151,01/01/2010,2010,2010,0.314107088,447714842,0.3039135356333333
2010,Chronic_kidney_disease,1107473,01/01/2010,2010,2010,0.021963746,28909412,0.0194712654666666
2010,Chronic_respiratory_diseases,3509920,01/01/2010,2010,2010,0.069609814,104603397,0.0712593995333333
2010,Cirrhosis_and_other_chronic_liver_diseases,1340704,01/01/2010,2010,2010,0.026589255,37476376,0.0254569589333333
2010,Conflict_and_terrorism,54467,01/01/2010,2010,2010,0.001080206,3294053,0.0022595191
2010,Diabetes_mellitus,1165663,01/01/2010,2010,2010,0.023117788,31445907,0.0211992707333333
2010,Diarrheal_diseases,1928704,01/01/2010,2010,2010,0.038250652,66234950,0.0457486245666666
2010,Digestive_diseases,2298319,01/01/2010,2010,2010,0.04558097,65634720,0.0446275642333333
2010,Drowning,290831,01/01/2010,2010,2010,0.00576785,10301680,0.0071236388333333
2010,Drug_use_disorders,88079,01/01/2010,2010,2010,0.00174681,2656068,0.0017981281999999
2010,Environmental_heat_and_cold_exposure,58674,01/01/2010,2010,2010,0.001163641,1788841,0.0012280231333333
2010,Exposure_to_forces_of_nature,241002,01/01/2010,2010,2010,0.004779626,1490132,0.001022777
2010,Fire__heat__and_hot_substances,115329,01/01/2010,2010,2010,0.00228724,3602770,0.0024682614333333
2010,HIV_AIDS,1364619,01/01/2010,2010,2010,0.027063544,36363057,0.0246658895666666
2010,Interpersonal_violence,417449,01/01/2010,2010,2010,0.008278977,12750846,0.0087111634666666
2010,Lower_respiratory_infections,2545622,01/01/2010,2010,2010,0.050485559,83768028,0.0575575027666666
2010,Malaria,909814,01/01/2010,2010,2010,0.018043711,25342671,0.0173775603333333
2010,Maternal_disorders,239749,01/01/2010,2010,2010,0.004754776,7726815,0.0053175714333333
2010,Meningitis,326778,01/01/2010,2010,2010,0.006480762,10524355,0.0072578576333333
2010,Neonatal_disorders,2428939,01/01/2010,2010,2010,0.048171466,76857422,0.0528678873
2010,Neoplasms,8329288,01/01/2010,2010,2010,0.165189004,229747730,0.1556181686999999
2010,Nutritional_deficiencies,322187,01/01/2010,2010,2010,0.006389712,13791568,0.0096164945999999
2010,Parkinson_s_disease,276188,01/01/2010,2010,2010,0.005477445,7179349,0.0048331239
2010,Poisonings,87632,01/01/2010,2010,2010,0.001737945,2601033,0.0017805711666666
2010,Protein_energy_malnutrition,279144,01/01/2010,2010,2010,0.00553607,12031459,0.0083915299
2010,Road_injuries_,1278839,01/01/2010,2010,2010,0.025362329,36293801,0.0247633793333333
2010,Self_harm,784456,01/01/2010,2010,2010,0.015557573,23713260,0.0162162425333333
2010,Tuberculosis,1364942,01/01/2010,2010,2010,0.02706995,45849852,0.0315565127333333
2011,Acute_hepatitis,106549,01/01/2011,2011,2011,0.00211351,3784748,0.0026176526333333
2011,Alcohol_use_disorders,161372,01/01/2011,2011,2011,0.003200981,4818867,0.0032809171
2011,Alzheimer_s_disease_and_other_dementias,1201138,01/01/2011,2011,2011,0.023825814,29767210,0.0199930084666666
2011,Cardiovascular_diseases,16038263,01/01/2011,2011,2011,0.318135533,447714842,0.3039135356333333
2011,Chronic_kidney_disease,1143219,01/01/2011,2011,2011,0.022676931,28909412,0.0194712654666666
2011,Chronic_respiratory_diseases,3539167,01/01/2011,2011,2011,0.070203037,104603397,0.0712593995333333
2011,Cirrhosis_and_other_chronic_liver_diseases,1348880,01/01/2011,2011,2011,0.02675643,37476376,0.0254569589333333
2011,Conflict_and_terrorism,62900,01/01/2011,2011,2011,0.001247687,3294053,0.0022595191
2011,Diabetes_mellitus,1197995,01/01/2011,2011,2011,0.02376347,31445907,0.0211992707333333
2011,Diarrheal_diseases,1902762,01/01/2011,2011,2011,0.037743252,66234950,0.0457486245666666
2011,Digestive_diseases,2316484,01/01/2011,2011,2011,0.045949856,65634720,0.0446275642333333
2011,Drowning,281106,01/01/2011,2011,2011,0.005576028,10301680,0.0071236388333333
2011,Drug_use_disorders,89322,01/01/2011,2011,2011,0.001771794,2656068,0.0017981281999999
2011,Environmental_heat_and_cold_exposure,51638,01/01/2011,2011,2011,0.001024293,1788841,0.0012280231333333
2011,Exposure_to_forces_of_nature,31850,01/01/2011,2011,2011,0.000631778,1490132,0.001022777
2011,Fire__heat__and_hot_substances,113655,01/01/2011,2011,2011,0.002254464,3602770,0.0024682614333333
2011,HIV_AIDS,1283719,01/01/2011,2011,2011,0.025463894,36363057,0.0246658895666666
2011,Interpersonal_violence,413880,01/01/2011,2011,2011,0.008209738,12750846,0.0087111634666666
2011,Lower_respiratory_infections,2527899,01/01/2011,2011,2011,0.050143491,83768028,0.0575575027666666
2011,Malaria,868564,01/01/2011,2011,2011,0.017228865,25342671,0.0173775603333333
2011,Maternal_disorders,234669,01/01/2011,2011,2011,0.004654902,7726815,0.0053175714333333
2011,Meningitis,312733,01/01/2011,2011,2011,0.006203382,10524355,0.0072578576333333
2011,Neonatal_disorders,2383664,01/01/2011,2011,2011,0.047282441,76857422,0.0528678873
2011,Neoplasms,8468793,01/01/2011,2011,2011,0.167987267,229747730,0.1556181686999999
2011,Nutritional_deficiencies,314327,01/01/2011,2011,2011,0.006235001,13791568,0.0096164945999999
2011,Parkinson_s_disease,284488,01/01/2011,2011,2011,0.005643114,7179349,0.0048331239
2011,Poisonings,86099,01/01/2011,2011,2011,0.001707863,2601033,0.0017805711666666
2011,Protein_energy_malnutrition,271516,01/01/2011,2011,2011,0.005385801,12031459,0.0083915299
2011,Road_injuries_,1267737,01/01/2011,2011,2011,0.025146874,36293801,0.0247633793333333
2011,Self_harm,777218,01/01/2011,2011,2011,0.015416923,23713260,0.0162162425333333
2011,Tuberculosis,1331697,01/01/2011,2011,2011,0.026415587,45849852,0.0315565127333333
2012,Acute_hepatitis,104589,01/01/2012,2012,2012,0.002067072,3784748,0.0026176526333333
2012,Alcohol_use_disorders,159381,01/01/2012,2012,2012,0.003149968,4818867,0.0032809171
2012,Alzheimer_s_disease_and_other_dementias,1247515,01/01/2012,2012,2012,0.02465559,29767210,0.0199930084666666
2012,Cardiovascular_diseases,16245243,01/01/2012,2012,2012,0.321067119,447714842,0.3039135356333333
2012,Chronic_kidney_disease,1176295,01/01/2012,2012,2012,0.023248015,28909412,0.0194712654666666
2012,Chronic_respiratory_diseases,3558276,01/01/2012,2012,2012,0.070324921,104603397,0.0712593995333333
2012,Cirrhosis_and_other_chronic_liver_diseases,1354358,01/01/2012,2012,2012,0.026767209,37476376,0.0254569589333333
2012,Conflict_and_terrorism,112295,01/01/2012,2012,2012,0.002219372,3294053,0.0022595191
2012,Diabetes_mellitus,1236606,01/01/2012,2012,2012,0.024439987,31445907,0.0211992707333333
2012,Diarrheal_diseases,1834769,01/01/2012,2012,2012,0.036261938,66234950,0.0457486245666666
2012,Digestive_diseases,2329472,01/01/2012,2012,2012,0.046039131,65634720,0.0446275642333333
2012,Drowning,275585,01/01/2012,2012,2012,0.005446596,10301680,0.0071236388333333
2012,Drug_use_disorders,90934,01/01/2012,2012,2012,0.001797198,2656068,0.0017981281999999
2012,Environmental_heat_and_cold_exposure,51418,01/01/2012,2012,2012,0.001016213,1788841,0.0012280231333333
2012,Exposure_to_forces_of_nature,8959,01/01/2012,2012,2012,0.000177064,1490132,0.001022777
2012,Fire__heat__and_hot_substances,112090,01/01/2012,2012,2012,0.00221532,3602770,0.0024682614333333
2012,HIV_AIDS,1198698,01/01/2012,2012,2012,0.023690782,36363057,0.0246658895666666
2012,Interpersonal_violence,417694,01/01/2012,2012,2012,0.008255205,12750846,0.0087111634666666
2012,Lower_respiratory_infections,2526051,01/01/2012,2012,2012,0.049924271,83768028,0.0575575027666666
2012,Malaria,806183,01/01/2012,2012,2012,0.015933209,25342671,0.0173775603333333
2012,Maternal_disorders,227177,01/01/2012,2012,2012,0.004489872,7726815,0.0053175714333333
2012,Meningitis,300091,01/01/2012,2012,2012,0.005930927,10524355,0.0072578576333333
2012,Neonatal_disorders,2339979,01/01/2012,2012,2012,0.046246788,76857422,0.0528678873
2012,Neoplasms,8611952,01/01/2012,2012,2012,0.170204571,229747730,0.1556181686999999
2012,Nutritional_deficiencies,298117,01/01/2012,2012,2012,0.005891913,13791568,0.0096164945999999
2012,Parkinson_s_disease,293123,01/01/2012,2012,2012,0.005793213,7179349,0.0048331239
2012,Poisonings,84595,01/01/2012,2012,2012,0.001671915,2601033,0.0017805711666666
2012,Protein_energy_malnutrition,255541,01/01/2012,2012,2012,0.005050452,12031459,0.0083915299
2012,Road_injuries_,1255450,01/01/2012,2012,2012,0.024812415,36293801,0.0247633793333333
2012,Self_harm,767020,01/01/2012,2012,2012,0.015159201,23713260,0.0162162425333333
2012,Tuberculosis,1318198,01/01/2012,2012,2012,0.026052552,45849852,0.0315565127333333
2013,Acute_hepatitis,98898,01/01/2013,2013,2013,0.001941783,3784748,0.0026176526333333
2013,Alcohol_use_disorders,158848,01/01/2013,2013,2013,0.003118853,4818867,0.0032809171
2013,Alzheimer_s_disease_and_other_dementias,1294701,01/01/2013,2013,2013,0.025420412,29767210,0.0199930084666666
2013,Cardiovascular_diseases,16490053,01/01/2013,2013,2013,0.323768921,447714842,0.3039135356333333
2013,Chronic_kidney_disease,1214187,01/01/2013,2013,2013,0.023839585,28909412,0.0194712654666666
2013,Chronic_respiratory_diseases,3610804,01/01/2013,2013,2013,0.070895231,104603397,0.0712593995333333
2013,Cirrhosis_and_other_chronic_liver_diseases,1359145,01/01/2013,2013,2013,0.026685718,37476376,0.0254569589333333
2013,Conflict_and_terrorism,117364,01/01/2013,2013,2013,0.002304348,3294053,0.0022595191
2013,Diabetes_mellitus,1277414,01/01/2013,2013,2013,0.025080996,31445907,0.0211992707333333
2013,Diarrheal_diseases,1788081,01/01/2013,2013,2013,0.035107532,66234950,0.0457486245666666
2013,Digestive_diseases,2348963,01/01/2013,2013,2013,0.046119998,65634720,0.0446275642333333
2013,Drowning,266827,01/01/2013,2013,2013,0.005238933,10301680,0.0071236388333333
2013,Drug_use_disorders,94562,01/01/2013,2013,2013,0.001856649,2656068,0.0017981281999999
2013,Environmental_heat_and_cold_exposure,49503,01/01/2013,2013,2013,0.000971952,1788841,0.0012280231333333
2013,Exposure_to_forces_of_nature,26906,01/01/2013,2013,2013,0.000528278,1490132,0.001022777
2013,Fire__heat__and_hot_substances,111818,01/01/2013,2013,2013,0.002195456,3602770,0.0024682614333333
2013,HIV_AIDS,1126196,01/01/2013,2013,2013,0.022111952,36363057,0.0246658895666666
2013,Interpersonal_violence,415620,01/01/2013,2013,2013,0.008160364,12750846,0.0087111634666666
2013,Lower_respiratory_infections,2537037,01/01/2013,2013,2013,0.04981268,83768028,0.0575575027666666
2013,Malaria,751776,01/01/2013,2013,2013,0.014760517,25342671,0.0173775603333333
2013,Maternal_disorders,223473,01/01/2013,2013,2013,0.004387713,7726815,0.0053175714333333
2013,Meningitis,289502,01/01/2013,2013,2013,0.005684139,10524355,0.0072578576333333
2013,Neonatal_disorders,2299343,01/01/2013,2013,2013,0.04514575,76857422,0.0528678873
2013,Neoplasms,8757263,01/01/2013,2013,2013,0.171941812,229747730,0.1556181686999999
2013,Nutritional_deficiencies,291451,01/01/2013,2013,2013,0.005722406,13791568,0.0096164945999999
2013,Parkinson_s_disease,303488,01/01/2013,2013,2013,0.005958743,7179349,0.0048331239
2013,Poisonings,83618,01/01/2013,2013,2013,0.001641772,2601033,0.0017805711666666
2013,Protein_energy_malnutrition,249435,01/01/2013,2013,2013,0.004897456,12031459,0.0083915299
2013,Road_injuries_,1232221,01/01/2013,2013,2013,0.024193668,36293801,0.0247633793333333
2013,Self_harm,755568,01/01/2013,2013,2013,0.01483497,23713260,0.0162162425333333
2013,Tuberculosis,1307485,01/01/2013,2013,2013,0.025671416,45849852,0.0315565127333333
2014,Acute_hepatitis,92845,01/01/2014,2014,2014,0.00181096,3784748,0.0026176526333333
2014,Alcohol_use_disorders,159291,01/01/2014,2014,2014,0.003107003,4818867,0.0032809171
2014,Alzheimer_s_disease_and_other_dementias,1343756,01/01/2014,2014,2014,0.026210232,29767210,0.0199930084666666
2014,Cardiovascular_diseases,16715810,01/01/2014,2014,2014,0.326045247,447714842,0.3039135356333333
2014,Chronic_kidney_disease,1247378,01/01/2014,2014,2014,0.02433036,28909412,0.0194712654666666
2014,Chronic_respiratory_diseases,3651653,01/01/2014,2014,2014,0.071226229,104603397,0.0712593995333333
2014,Cirrhosis_and_other_chronic_liver_diseases,1363403,01/01/2014,2014,2014,0.026593451,37476376,0.0254569589333333
2014,Conflict_and_terrorism,187939,01/01/2014,2014,2014,0.003665788,3294053,0.0022595191
2014,Diabetes_mellitus,1320608,01/01/2014,2014,2014,0.025758726,31445907,0.0211992707333333
2014,Diarrheal_diseases,1725693,01/01/2014,2014,2014,0.03365999,66234950,0.0457486245666666
2014,Digestive_diseases,2364063,01/01/2014,2014,2014,0.046111526,65634720,0.0446275642333333
2014,Drowning,258489,01/01/2014,2014,2014,0.00504188,10301680,0.0071236388333333
2014,Drug_use_disorders,99295,01/01/2014,2014,2014,0.001936769,2656068,0.0017981281999999
2014,Environmental_heat_and_cold_exposure,48775,01/01/2014,2014,2014,0.000951366,1788841,0.0012280231333333
2014,Exposure_to_forces_of_nature,7412,01/01/2014,2014,2014,0.000144573,1490132,0.001022777
2014,Fire__heat__and_hot_substances,110102,01/01/2014,2014,2014,0.002147562,3602770,0.0024682614333333
2014,HIV_AIDS,1072970,01/01/2014,2014,2014,0.020928496,36363057,0.0246658895666666
2014,Interpersonal_violence,413371,01/01/2014,2014,2014,0.008062885,12750846,0.0087111634666666
2014,Lower_respiratory_infections,2532104,01/01/2014,2014,2014,0.049389199,83768028,0.0575575027666666
2014,Malaria,724324,01/01/2014,2014,2014,0.014128086,25342671,0.0173775603333333
2014,Maternal_disorders,214881,01/01/2014,2014,2014,0.004191297,7726815,0.0053175714333333
2014,Meningitis,280438,01/01/2014,2014,2014,0.00547,10524355,0.0072578576333333
2014,Neonatal_disorders,2237472,01/01/2014,2014,2014,0.043642343,76857422,0.0528678873
2014,Neoplasms,8920309,01/01/2014,2014,2014,0.173992427,229747730,0.1556181686999999
2014,Nutritional_deficiencies,284578,01/01/2014,2014,2014,0.005550751,13791568,0.0096164945999999
2014,Parkinson_s_disease,312928,01/01/2014,2014,2014,0.006103724,7179349,0.0048331239
2014,Poisonings,81976,01/01/2014,2014,2014,0.001598958,2601033,0.0017805711666666
2014,Protein_energy_malnutrition,242956,01/01/2014,2014,2014,0.004738906,12031459,0.0083915299
2014,Road_injuries_,1213989,01/01/2014,2014,2014,0.0236791,36293801,0.0247633793333333
2014,Self_harm,744751,01/01/2014,2014,2014,0.014526519,23713260,0.0162162425333333
2014,Tuberculosis,1294816,01/01/2014,2014,2014,0.025255647,45849852,0.0315565127333333
2015,Acute_hepatitis,88750,01/01/2015,2015,2015,0.001711457,3784748,0.0026176526333333
2015,Alcohol_use_disorders,160713,01/01/2015,2015,2015,0.003099194,4818867,0.0032809171
2015,Alzheimer_s_disease_and_other_dementias,1394942,01/01/2015,2015,2015,0.026900097,29767210,0.0199930084666666
2015,Cardiovascular_diseases,17089707,01/01/2015,2015,2015,0.329558344,447714842,0.3039135356333333
2015,Chronic_kidney_disease,1286935,01/01/2015,2015,2015,0.024817287,28909412,0.0194712654666666
2015,Chronic_respiratory_diseases,3690907,01/01/2015,2015,2015,0.071175544,104603397,0.0712593995333333
2015,Cirrhosis_and_other_chronic_liver_diseases,1384947,01/01/2015,2015,2015,0.026707353,37476376,0.0254569589333333
2015,Conflict_and_terrorism,167030,01/01/2015,2015,2015,0.003221011,3294053,0.0022595191
2015,Diabetes_mellitus,1366100,01/01/2015,2015,2015,0.026343907,31445907,0.0211992707333333
2015,Diarrheal_diseases,1679043,01/01/2015,2015,2015,0.032378708,66234950,0.0457486245666666
2015,Digestive_diseases,2404387,01/01/2015,2015,2015,0.04636626,65634720,0.0446275642333333
2015,Drowning,254237,01/01/2015,2015,2015,0.004902713,10301680,0.0071236388333333
2015,Drug_use_disorders,105401,01/01/2015,2015,2015,0.002032556,2656068,0.0017981281999999
2015,Environmental_heat_and_cold_exposure,51665,01/01/2015,2015,2015,0.000996309,1788841,0.0012280231333333
2015,Exposure_to_forces_of_nature,15583,01/01/2015,2015,2015,0.000300503,1490132,0.001022777
2015,Fire__heat__and_hot_substances,110167,01/01/2015,2015,2015,0.002124463,3602770,0.0024682614333333
2015,HIV_AIDS,1029667,01/01/2015,2015,2015,0.019856125,36363057,0.0246658895666666
2015,Interpersonal_violence,416362,01/01/2015,2015,2015,0.008029135,12750846,0.0087111634666666
2015,Lower_respiratory_infections,2533068,01/01/2015,2015,2015,0.048847748,83768028,0.0575575027666666
2015,Malaria,702890,01/01/2015,2015,2015,0.013554549,25342671,0.0173775603333333
2015,Maternal_disorders,208450,01/01/2015,2015,2015,0.004019755,7726815,0.0053175714333333
2015,Meningitis,267789,01/01/2015,2015,2015,0.00516405,10524355,0.0072578576333333
2015,Neonatal_disorders,2183143,01/01/2015,2015,2015,0.042099785,76857422,0.0528678873
2015,Neoplasms,9133616,01/01/2015,2015,2015,0.176132883,229747730,0.1556181686999999
2015,Nutritional_deficiencies,278793,01/01/2015,2015,2015,0.005376251,13791568,0.0096164945999999
2015,Parkinson_s_disease,321782,01/01/2015,2015,2015,0.006205252,7179349,0.0048331239
2015,Poisonings,80974,01/01/2015,2015,2015,0.001561505,2601033,0.0017805711666666
2015,Protein_energy_malnutrition,237723,01/01/2015,2015,2015,0.004584256,12031459,0.0083915299
2015,Road_injuries_,1201418,01/01/2015,2015,2015,0.023168175,36293801,0.0247633793333333
2015,Self_harm,742648,01/01/2015,2015,2015,0.014321243,23713260,0.0162162425333333
2015,Tuberculosis,1267556,01/01/2015,2015,2015,0.024443582,45849852,0.0315565127333333
2016,Acute_hepatitis,84726,01/01/2016,2016,2016,0.001618841,3784748,0.0026176526333333
2016,Alcohol_use_disorders,162047,01/01/2016,2016,2016,0.003096197,4818867,0.0032809171
2016,Alzheimer_s_disease_and_other_dementias,1451840,01/01/2016,2016,2016,0.027739991,29767210,0.0199930084666666
2016,Cardiovascular_diseases,17398709,01/01/2016,2016,2016,0.332433353,447714842,0.3039135356333333
2016,Chronic_kidney_disease,1325004,01/01/2016,2016,2016,0.025316564,28909412,0.0194712654666666
2016,Chronic_respiratory_diseases,3740794,01/01/2016,2016,2016,0.071474538,104603397,0.0712593995333333
2016,Cirrhosis_and_other_chronic_liver_diseases,1404134,01/01/2016,2016,2016,0.026828483,37476376,0.0254569589333333
2016,Conflict_and_terrorism,161637,01/01/2016,2016,2016,0.003088363,3294053,0.0022595191
2016,Diabetes_mellitus,1412896,01/01/2016,2016,2016,0.026995897,31445907,0.0211992707333333
2016,Diarrheal_diseases,1639826,01/01/2016,2016,2016,0.031331799,66234950,0.0457486245666666
2016,Digestive_diseases,2439649,01/01/2016,2016,2016,0.046613843,65634720,0.0446275642333333
2016,Drowning,248811,01/01/2016,2016,2016,0.004753978,10301680,0.0071236388333333
2016,Drug_use_disorders,112875,01/01/2016,2016,2016,0.002156678,2656068,0.0017981281999999
2016,Environmental_heat_and_cold_exposure,47495,01/01/2016,2016,2016,0.000907477,1788841,0.0012280231333333
2016,Exposure_to_forces_of_nature,8672,01/01/2016,2016,2016,0.000165694,1490132,0.001022777
2016,Fire__heat__and_hot_substances,109840,01/01/2016,2016,2016,0.002098689,3602770,0.0024682614333333
2016,HIV_AIDS,996098,01/01/2016,2016,2016,0.019032228,36363057,0.0246658895666666
2016,Interpersonal_violence,412500,01/01/2016,2016,2016,0.007881548,12750846,0.0087111634666666
2016,Lower_respiratory_infections,2516135,01/01/2016,2016,2016,0.048075245,83768028,0.0575575027666666
2016,Malaria,660364,01/01/2016,2016,2016,0.012617431,25342671,0.0173775603333333
2016,Maternal_disorders,203737,01/01/2016,2016,2016,0.003892759,7726815,0.0053175714333333
2016,Meningitis,261246,01/01/2016,2016,2016,0.004991571,10524355,0.0072578576333333
2016,Neonatal_disorders,2099079,01/01/2016,2016,2016,0.040106646,76857422,0.0528678873
2016,Neoplasms,9336894,01/01/2016,2016,2016,0.178398005,229747730,0.1556181686999999
2016,Nutritional_deficiencies,273191,01/01/2016,2016,2016,0.005219801,13791568,0.0096164945999999
2016,Parkinson_s_disease,330736,01/01/2016,2016,2016,0.006319301,7179349,0.0048331239
2016,Poisonings,79951,01/01/2016,2016,2016,0.001527606,2601033,0.0017805711666666
2016,Protein_energy_malnutrition,232544,01/01/2016,2016,2016,0.004443168,12031459,0.0083915299
2016,Road_injuries_,1193556,01/01/2016,2016,2016,0.022805015,36293801,0.0247633793333333
2016,Self_harm,742925,01/01/2016,2016,2016,0.014194907,23713260,0.0162162425333333
2016,Tuberculosis,1249524,01/01/2016,2016,2016,0.023874384,45849852,0.0315565127333333
2017,Acute_hepatitis,82472,01/01/2017,2017,2017,0.001562273,3784748,0.0026176526333333
2017,Alcohol_use_disorders,162599,01/01/2017,2017,2017,0.003080124,4818867,0.0032809171
2017,Alzheimer_s_disease_and_other_dementias,1509646,01/01/2017,2017,2017,0.028597328,29767210,0.0199930084666666
2017,Cardiovascular_diseases,17685890,01/01/2017,2017,2017,0.335025025,447714842,0.3039135356333333
2017,Chronic_kidney_disease,1351349,01/01/2017,2017,2017,0.025598697,28909412,0.0194712654666666
2017,Chronic_respiratory_diseases,3795946,01/01/2017,2017,2017,0.071906865,104603397,0.0712593995333333
2017,Cirrhosis_and_other_chronic_liver_diseases,1425956,01/01/2017,2017,2017,0.027011982,37476376,0.0254569589333333
2017,Conflict_and_terrorism,130737,01/01/2017,2017,2017,0.00247656,3294053,0.0022595191
2017,Diabetes_mellitus,1454681,01/01/2017,2017,2017,0.027556122,31445907,0.0211992707333333
2017,Diarrheal_diseases,1632183,01/01/2017,2017,2017,0.030918554,66234950,0.0457486245666666
2017,Digestive_diseases,2478029,01/01/2017,2017,2017,0.046941473,65634720,0.0446275642333333
2017,Drowning,241842,01/01/2017,2017,2017,0.00458123,10301680,0.0071236388333333
2017,Drug_use_disorders,118324,01/01/2017,2017,2017,0.00224142,2656068,0.0017981281999999
2017,Environmental_heat_and_cold_exposure,46276,01/01/2017,2017,2017,0.000876609,1788841,0.0012280231333333
2017,Exposure_to_forces_of_nature,13309,01/01/2017,2017,2017,0.000252113,1490132,0.001022777
2017,Fire__heat__and_hot_substances,109165,01/01/2017,2017,2017,0.00206792,3602770,0.0024682614333333
2017,HIV_AIDS,947006,01/01/2017,2017,2017,0.017939199,36363057,0.0246658895666666
2017,Interpersonal_violence,417143,01/01/2017,2017,2017,0.007901968,12750846,0.0087111634666666
2017,Lower_respiratory_infections,2487918,01/01/2017,2017,2017,0.047128801,83768028,0.0575575027666666
2017,Malaria,629653,01/01/2017,2017,2017,0.01192756,25342671,0.0173775603333333
2017,Maternal_disorders,199197,01/01/2017,2017,2017,0.003773402,7726815,0.0053175714333333
2017,Meningitis,250132,01/01/2017,2017,2017,0.004738268,10524355,0.0072578576333333
2017,Neonatal_disorders,2014896,01/01/2017,2017,2017,0.038168313,76857422,0.0528678873
2017,Neoplasms,9529491,01/01/2017,2017,2017,0.1805178,229747730,0.1556181686999999
2017,Nutritional_deficiencies,267463,01/01/2017,2017,2017,0.00506657,13791568,0.0096164945999999
2017,Parkinson_s_disease,339343,01/01/2017,2017,2017,0.006428198,7179349,0.0048331239
2017,Poisonings,78484,01/01/2017,2017,2017,0.001486728,2601033,0.0017805711666666
2017,Protein_energy_malnutrition,227038,01/01/2017,2017,2017,0.004300796,12031459,0.0083915299
2017,Road_injuries_,1188281,01/01/2017,2017,2017,0.022509688,36293801,0.0247633793333333
2017,Self_harm,743620,01/01/2017,2017,2017,0.014086445,23713260,0.0162162425333333
2017,Tuberculosis,1231689,01/01/2017,2017,2017,0.023331969,45849852,0.0315565127333333
2018,Acute_hepatitis,80894,01/01/2018,2018,2018,0.00151076,3784748,0.0026176526333333
2018,Alcohol_use_disorders,165462,01/01/2018,2018,2018,0.003090134,4818867,0.0032809171
2018,Alzheimer_s_disease_and_other_dementias,1568617,01/01/2018,2018,2018,0.02929517,29767210,0.0199930084666666
2018,Cardiovascular_diseases,18113910,01/01/2018,2018,2018,0.33829167,447714842,0.3039135356333333
2018,Chronic_kidney_disease,1387668,01/01/2018,2018,2018,0.025915803,28909412,0.0194712654666666
2018,Chronic_respiratory_diseases,3886637,01/01/2018,2018,2018,0.072586036,104603397,0.0712593995333333
2018,Cirrhosis_and_other_chronic_liver_diseases,1447651,01/01/2018,2018,2018,0.027036033,37476376,0.0254569589333333
2018,Conflict_and_terrorism,103407,01/01/2018,2018,2018,0.001931208,3294053,0.0022595191
2018,Diabetes_mellitus,1501633,01/01/2018,2018,2018,0.02804419,31445907,0.0211992707333333
2018,Diarrheal_diseases,1577953,01/01/2018,2018,2018,0.029469527,66234950,0.0457486245666666
2018,Digestive_diseases,2515213,01/01/2018,2018,2018,0.046973602,65634720,0.0446275642333333
2018,Drowning,240266,01/01/2018,2018,2018,0.004487159,10301680,0.0071236388333333
2018,Drug_use_disorders,123095,01/01/2018,2018,2018,0.002298897,2656068,0.0017981281999999
2018,Environmental_heat_and_cold_exposure,46272,01/01/2018,2018,2018,0.000864166,1788841,0.0012280231333333
2018,Exposure_to_forces_of_nature,11082,01/01/2018,2018,2018,0.000206965,1490132,0.001022777
2018,Fire__heat__and_hot_substances,110642,01/01/2018,2018,2018,0.002066327,3602770,0.0024682614333333
2018,HIV_AIDS,892341,01/01/2018,2018,2018,0.016665178,36363057,0.0246658895666666
2018,Interpersonal_violence,419249,01/01/2018,2018,2018,0.007829808,12750846,0.0087111634666666
2018,Lower_respiratory_infections,2486438,01/01/2018,2018,2018,0.046436206,83768028,0.0575575027666666
2018,Malaria,631568,01/01/2018,2018,2018,0.011795034,25342671,0.0173775603333333
2018,Maternal_disorders,198069,01/01/2018,2018,2018,0.003699096,7726815,0.0053175714333333
2018,Meningitis,241666,01/01/2018,2018,2018,0.004513305,10524355,0.0072578576333333
2018,Neonatal_disorders,1942350,01/01/2018,2018,2018,0.03627493,76857422,0.0528678873
2018,Neoplasms,9791758,01/01/2018,2018,2018,0.182868865,229747730,0.1556181686999999
2018,Nutritional_deficiencies,258094,01/01/2018,2018,2018,0.004820111,13791568,0.0096164945999999
2018,Parkinson_s_disease,351322,01/01/2018,2018,2018,0.006561218,7179349,0.0048331239
2018,Poisonings,77805,01/01/2018,2018,2018,0.00145307,2601033,0.0017805711666666
2018,Protein_energy_malnutrition,218222,01/01/2018,2018,2018,0.004075469,12031459,0.0083915299
2018,Road_injuries_,1195919,01/01/2018,2018,2018,0.022334738,36293801,0.0247633793333333
2018,Self_harm,755125,01/01/2018,2018,2018,0.01410256,23713260,0.0162162425333333
2018,Tuberculosis,1204916,01/01/2018,2018,2018,0.022502764,45849852,0.0315565127333333
2019,Acute_hepatitis,79099,01/01/2019,2019,2019,0.00145688,3784748,0.0026176526333333
2019,Alcohol_use_disorders,167781,01/01/2019,2019,2019,0.003090264,4818867,0.0032809171
2019,Alzheimer_s_disease_and_other_dementias,1620797,01/01/2019,2019,2019,0.029852548,29767210,0.0199930084666666
2019,Cardiovascular_diseases,18525078,01/01/2019,2019,2019,0.341202985,447714842,0.3039135356333333
2019,Chronic_kidney_disease,1424000,01/01/2019,2019,2019,0.026227855,28909412,0.0194712654666666
2019,Chronic_respiratory_diseases,3970744,01/01/2019,2019,2019,0.073134899,104603397,0.0712593995333333
2019,Cirrhosis_and_other_chronic_liver_diseases,1468203,01/01/2019,2019,2019,0.027042005,37476376,0.0254569589333333
2019,Conflict_and_terrorism,62932,01/01/2019,2019,2019,0.001159109,3294053,0.0022595191
2019,Diabetes_mellitus,1546628,01/01/2019,2019,2019,0.028486471,31445907,0.0211992707333333
2019,Diarrheal_diseases,1533219,01/01/2019,2019,2019,0.028239498,66234950,0.0457486245666666
2019,Digestive_diseases,2552294,01/01/2019,2019,2019,0.047009267,65634720,0.0446275642333333
2019,Drowning,236750,01/01/2019,2019,2019,0.004360565,10301680,0.0071236388333333
2019,Drug_use_disorders,127995,01/01/2019,2019,2019,0.002357468,2656068,0.0017981281999999
2019,Environmental_heat_and_cold_exposure,47432,01/01/2019,2019,2019,0.000873623,1788841,0.0012280231333333
2019,Exposure_to_forces_of_nature,6072,01/01/2019,2019,2019,0.000111837,1490132,0.001022777
2019,Fire__heat__and_hot_substances,111055,01/01/2019,2019,2019,0.00204546,3602770,0.0024682614333333
2019,HIV_AIDS,861694,01/01/2019,2019,2019,0.015871057,36363057,0.0246658895666666
2019,Interpersonal_violence,412164,01/01/2019,2019,2019,0.007591417,12750846,0.0087111634666666
2019,Lower_respiratory_infections,2489462,01/01/2019,2019,2019,0.045851999,83768028,0.0575575027666666
2019,Malaria,643196,01/01/2019,2019,2019,0.011846665,25342671,0.0173775603333333
2019,Maternal_disorders,196075,01/01/2019,2019,2019,0.003611395,7726815,0.0053175714333333
2019,Meningitis,235867,01/01/2019,2019,2019,0.004344302,10524355,0.0072578576333333
2019,Neonatal_disorders,1878065,01/01/2019,2019,2019,0.034591022,76857422,0.0528678873
2019,Neoplasms,10063467,01/01/2019,2019,2019,0.185353335,229747730,0.1556181686999999
2019,Nutritional_deficiencies,250947,01/01/2019,2019,2019,0.004622052,13791568,0.0096164945999999
2019,Parkinson_s_disease,362256,01/01/2019,2019,2019,0.006672189,7179349,0.0048331239
2019,Poisonings,77081,01/01/2019,2019,2019,0.001419712,2601033,0.0017805711666666
2019,Protein_energy_malnutrition,211654,01/01/2019,2019,2019,0.003898336,12031459,0.0083915299
2019,Road_injuries_,1194907,01/01/2019,2019,2019,0.022008319,36293801,0.0247633793333333
2019,Self_harm,758026,01/01/2019,2019,2019,0.013961654,23713260,0.0162162425333333
2019,Tuberculosis,1178483,01/01/2019,2019,2019,0.021705815,45849852,0.0315565127333333
