word,Pos_x,wordCount_x,percent_of_total,Pos_y,wordavg,wordCount_y
break,NOUN,1,0.2,NOUN,0.25277777777777777,4
bus,NOUN,1,0.2,NOUN,0.17142857142857143,2
meditation,NOUN,1,0.2,NOUN,0.15555555555555556,2
study,NOUN,1,0.2,NOUN,0.14166666666666666,2
wearable,NOUN,1,0.2,NOUN,0.15432098765432098,9
affective,ADJ,1,0.3333333333333333,ADJ,0.3333333333333333,1
computing,NOUN,1,0.3333333333333333,NOUN,0.3333333333333333,1
stress,NOUN,1,0.3333333333333333,NOUN,0.26666666666666666,3
bot,NOUN,1,0.2,NOUN,0.2,1
emotional,ADJ,1,0.2,ADJ,0.2,1
format,NOUN,1,0.2,NOUN,0.2,1
support,NOUN,1,0.2,NOUN,0.2,1
tangible,ADJ,1,0.2,ADJ,0.13993271221532091,6
different,ADJ,1,0.2,ADJ,0.12794117647058825,3
friend,NOUN,1,0.2,NOUN,0.2,1
people,NOUN,1,0.2,NOUN,0.13786435786435786,21
personality,NOUN,1,0.2,NOUN,0.2,1
vibe,NOUN,1,0.2,NOUN,0.2,1
collaborate,ADJ,1,0.2,ADJ,0.2,1
light,NOUN,1,0.2,NOUN,0.13343334297281664,19
meeting,NOUN,1,0.2,NOUN,0.2,1
realistic,ADJ,1,0.2,ADJ,0.2,1
tangible,ADJ,1,0.2,ADJ,0.13993271221532091,6
melatonin,NOUN,1,0.25,NOUN,0.25,1
people,NOUN,1,0.25,NOUN,0.13786435786435786,21
sleep,NOUN,1,0.25,NOUN,0.16203703703703703,3
tangible,ADJ,1,0.25,ADJ,0.13993271221532091,6
amount,NOUN,1,0.1,NOUN,0.1,2
coffee,NOUN,2,0.2,NOUN,0.2,2
cup,NOUN,2,0.2,NOUN,0.2,2
outside,NOUN,1,0.1,NOUN,0.11798941798941798,3
progress,NOUN,1,0.1,NOUN,0.125,3
screen,NOUN,1,0.1,NOUN,0.23628117913832197,8
tangent,NOUN,1,0.1,NOUN,0.1,1
track,NOUN,1,0.1,NOUN,0.17916666666666667,6
audio,ADJ,1,0.125,ADJ,0.1898148148148148,3
device,NOUN,1,0.125,NOUN,0.18681245337423827,23
document,NOUN,1,0.125,NOUN,0.125,1
file,NOUN,1,0.125,NOUN,0.125,1
paper,NOUN,1,0.125,NOUN,0.09191176470588236,2
reading,NOUN,1,0.125,NOUN,0.125,1
transit,NOUN,1,0.125,NOUN,0.125,1
user,NOUN,1,0.125,NOUN,0.13707900244400323,28
call,NOUN,1,0.16666666666666666,NOUN,0.14814814814814814,3
earring,NOUN,1,0.16666666666666666,NOUN,0.16666666666666666,1
hard,ADJ,1,0.16666666666666666,ADJ,0.16666666666666666,1
headset,NOUN,1,0.16666666666666666,NOUN,0.16666666666666666,1
smart,ADJ,1,0.16666666666666666,ADJ,0.14603174603174604,4
unobtrusive,ADJ,1,0.16666666666666666,ADJ,0.16666666666666666,1
breathing,NOUN,1,0.125,NOUN,0.125,1
flight,NOUN,1,0.125,NOUN,0.125,1
long,ADJ,1,0.125,ADJ,0.0733695652173913,2
mechanic,NOUN,1,0.125,NOUN,0.125,1
neck,NOUN,1,0.125,NOUN,0.125,1
pattern,NOUN,1,0.125,NOUN,0.125,1
pillow,NOUN,1,0.125,NOUN,0.26785714285714285,7
sleep,NOUN,1,0.125,NOUN,0.16203703703703703,3
favorite,ADJ,1,0.1111111111111111,ADJ,0.1111111111111111,1
hotel,NOUN,1,0.1111111111111111,NOUN,0.1111111111111111,1
interface,NOUN,1,0.1111111111111111,NOUN,0.10703286749482402,8
local,ADJ,1,0.1111111111111111,ADJ,0.1111111111111111,1
most,ADJ,1,0.1111111111111111,ADJ,0.1111111111111111,1
spot,NOUN,1,0.1111111111111111,NOUN,0.1111111111111111,1
trip,NOUN,1,0.1111111111111111,NOUN,0.1111111111111111,1
work,NOUN,1,0.1111111111111111,NOUN,0.12161696328362995,9
worker,NOUN,1,0.1111111111111111,NOUN,0.11495911495911497,3
case,NOUN,1,0.2,NOUN,0.2,1
interactive,ADJ,1,0.2,ADJ,0.12368326118326119,6
laptop,NOUN,2,0.4,NOUN,0.23750000000000002,5
stand,NOUN,1,0.2,NOUN,0.2,1
good,ADJ,1,0.16666666666666666,ADJ,0.16666666666666666,1
interface,NOUN,1,0.16666666666666666,NOUN,0.10703286749482402,8
practice,NOUN,1,0.16666666666666666,NOUN,0.1388888888888889,2
productivity,NOUN,1,0.16666666666666666,NOUN,0.12878787878787878,2
time,NOUN,1,0.16666666666666666,NOUN,0.18273809523809523,8
track,NOUN,1,0.16666666666666666,NOUN,0.17916666666666667,6
break,NOUN,1,0.1111111111111111,NOUN,0.25277777777777777,4
drink,NOUN,1,0.1111111111111111,NOUN,0.1111111111111111,1
interface,NOUN,1,0.1111111111111111,NOUN,0.10703286749482402,8
practice,NOUN,1,0.1111111111111111,NOUN,0.1388888888888889,2
reminder,NOUN,1,0.1111111111111111,NOUN,0.10347222222222222,4
screen,NOUN,1,0.1111111111111111,NOUN,0.23628117913832197,8
such,ADJ,1,0.1111111111111111,ADJ,0.06642512077294685,2
walk,NOUN,1,0.1111111111111111,NOUN,0.1111111111111111,1
water,NOUN,1,0.1111111111111111,NOUN,0.19894179894179895,4
able,ADJ,1,0.1111111111111111,ADJ,0.18097643097643099,4
conversation,NOUN,1,0.1111111111111111,NOUN,0.1111111111111111,1
exchange,NOUN,1,0.1111111111111111,NOUN,0.1111111111111111,1
idea,NOUN,1,0.1111111111111111,NOUN,0.2222222222222222,2
new,ADJ,1,0.1111111111111111,ADJ,0.1111111111111111,1
people,NOUN,2,0.2222222222222222,NOUN,0.13786435786435786,21
place,NOUN,1,0.1111111111111111,NOUN,0.10101010101010101,2
proximity,NOUN,1,0.1111111111111111,NOUN,0.1111111111111111,1
connection,NOUN,1,0.09090909090909091,NOUN,0.09090909090909091,1
facilitation,NOUN,1,0.09090909090909091,NOUN,0.09090909090909091,1
people,NOUN,1,0.09090909090909091,NOUN,0.13786435786435786,21
picture,NOUN,1,0.09090909090909091,NOUN,0.09090909090909091,1
platform,NOUN,1,0.09090909090909091,NOUN,0.09090909090909091,2
public,ADJ,1,0.09090909090909091,ADJ,0.13116883116883116,4
review,NOUN,1,0.09090909090909091,NOUN,0.09090909090909091,2
space,NOUN,2,0.18181818181818182,NOUN,0.21093073593073594,8
work,NOUN,1,0.09090909090909091,NOUN,0.12161696328362995,9
worker,NOUN,1,0.09090909090909091,NOUN,0.11495911495911497,3
able,ADJ,2,0.18181818181818182,ADJ,0.18097643097643099,4
accountabilitybuddy,NOUN,1,0.09090909090909091,NOUN,0.09090909090909091,1
common,ADJ,1,0.09090909090909091,ADJ,0.09090909090909091,1
goal,NOUN,1,0.09090909090909091,NOUN,0.06331168831168832,2
people,NOUN,1,0.09090909090909091,NOUN,0.13786435786435786,21
place,NOUN,1,0.09090909090909091,NOUN,0.10101010101010101,2
platform,NOUN,1,0.09090909090909091,NOUN,0.09090909090909091,2
preference,NOUN,1,0.09090909090909091,NOUN,0.09090909090909091,1
productivity,NOUN,1,0.09090909090909091,NOUN,0.12878787878787878,2
work,NOUN,1,0.09090909090909091,NOUN,0.12161696328362995,9
checklist,NOUN,1,0.125,NOUN,0.125,1
fun,NOUN,1,0.125,NOUN,0.11805555555555555,2
interactive,ADJ,1,0.125,ADJ,0.12368326118326119,6
list,NOUN,1,0.125,NOUN,0.11666666666666668,3
people,NOUN,1,0.125,NOUN,0.13786435786435786,21
task,NOUN,1,0.125,NOUN,0.17797619047619048,9
todo,ADJ,1,0.125,ADJ,0.075,2
way,NOUN,1,0.125,NOUN,0.1638888888888889,3
exam,NOUN,1,0.2,NOUN,0.2,1
measure,NOUN,1,0.2,NOUN,0.2,2
online,ADJ,1,0.2,ADJ,0.2,1
pulse,NOUN,1,0.2,NOUN,0.15252525252525254,3
tui,NOUN,1,0.2,NOUN,0.2,2
move,NOUN,1,0.2,NOUN,0.2,1
people,NOUN,1,0.2,NOUN,0.13786435786435786,21
portable,ADJ,1,0.2,ADJ,0.18471177944862155,7
printer,NOUN,1,0.2,NOUN,0.2,1
screen,NOUN,1,0.2,NOUN,0.23628117913832197,8
awake,ADJ,1,0.16666666666666666,ADJ,0.16666666666666666,1
deadline,NOUN,1,0.16666666666666666,NOUN,0.16666666666666666,1
pen,NOUN,1,0.16666666666666666,NOUN,0.14215686274509803,3
pulse,NOUN,1,0.16666666666666666,NOUN,0.15252525252525254,3
reminder,NOUN,1,0.16666666666666666,NOUN,0.10347222222222222,4
sensory,ADJ,1,0.16666666666666666,ADJ,0.16666666666666666,1
adjustment,NOUN,1,0.125,NOUN,0.07532051282051282,2
ambiance,NOUN,1,0.125,NOUN,0.125,1
color,NOUN,1,0.125,NOUN,0.07564946018893387,5
different,ADJ,1,0.125,ADJ,0.12794117647058825,3
environmental,ADJ,1,0.125,ADJ,0.125,1
light,NOUN,1,0.125,NOUN,0.13343334297281664,19
lightdarkness,ADJ,1,0.125,ADJ,0.125,1
reader,NOUN,1,0.125,NOUN,0.125,1
darklight,ADJ,1,0.3333333333333333,ADJ,0.3333333333333333,1
mode,NOUN,1,0.3333333333333333,NOUN,0.17753623188405795,2
whiteboard,NOUN,1,0.3333333333333333,NOUN,0.21666666666666667,2
approachable,ADJ,1,0.2,ADJ,0.2,1
list,NOUN,1,0.2,NOUN,0.11666666666666668,3
overwhelming,ADJ,1,0.2,ADJ,0.2,1
task,NOUN,1,0.2,NOUN,0.17797619047619048,9
tui,NOUN,1,0.2,NOUN,0.2,2
design,NOUN,1,0.1111111111111111,NOUN,0.1111111111111111,1
lamp,NOUN,1,0.1111111111111111,NOUN,0.1111111111111111,1
light,NOUN,1,0.1111111111111111,NOUN,0.13343334297281664,19
meditation,NOUN,1,0.1111111111111111,NOUN,0.15555555555555556,2
natural,ADJ,1,0.1111111111111111,ADJ,0.0641025641025641,3
people,NOUN,1,0.1111111111111111,NOUN,0.13786435786435786,21
sleep,NOUN,1,0.1111111111111111,NOUN,0.16203703703703703,3
sound,NOUN,1,0.1111111111111111,NOUN,0.16305645065043559,8
therapy,NOUN,1,0.1111111111111111,NOUN,0.09722222222222221,2
brainstorming,NOUN,1,0.1,NOUN,0.1,1
collaborative,ADJ,1,0.1,ADJ,0.14444444444444446,3
facial,ADJ,1,0.1,ADJ,0.1,1
gesture,NOUN,1,0.1,NOUN,0.1,1
interactive,ADJ,1,0.1,ADJ,0.12368326118326119,6
multitouch,ADJ,1,0.1,ADJ,0.1,1
recognition,NOUN,1,0.1,NOUN,0.1,1
session,NOUN,1,0.1,NOUN,0.1,1
wallmounted,ADJ,1,0.1,ADJ,0.09545454545454546,2
whiteboard,NOUN,1,0.1,NOUN,0.21666666666666667,2
ability,NOUN,1,0.058823529411764705,NOUN,0.058823529411764705,1
different,ADJ,1,0.058823529411764705,ADJ,0.12794117647058825,3
digital,ADJ,1,0.058823529411764705,ADJ,0.035187553282182434,3
metal,NOUN,1,0.058823529411764705,NOUN,0.058823529411764705,1
other,ADJ,1,0.058823529411764705,NOUN,0.11631016042780748,6
paper,NOUN,1,0.058823529411764705,NOUN,0.09191176470588236,2
pen,NOUN,2,0.11764705882352941,NOUN,0.14215686274509803,3
plastic,NOUN,1,0.058823529411764705,NOUN,0.03671310629514964,3
surface,NOUN,4,0.23529411764705882,NOUN,0.10386996904024769,7
type,NOUN,1,0.058823529411764705,NOUN,0.11405228758169934,3
user,NOUN,2,0.11764705882352941,NOUN,0.13707900244400323,28
wood,NOUN,1,0.058823529411764705,NOUN,0.058823529411764705,1
machine,NOUN,1,0.16666666666666666,NOUN,0.125,4
rain,NOUN,1,0.16666666666666666,NOUN,0.16666666666666666,1
sound,NOUN,2,0.3333333333333333,NOUN,0.16305645065043559,8
wave,NOUN,1,0.16666666666666666,NOUN,0.125,2
wind,NOUN,1,0.16666666666666666,NOUN,0.16666666666666666,1
display,NOUN,1,0.09090909090909091,NOUN,0.08279280216351155,5
interactive,ADJ,1,0.09090909090909091,ADJ,0.12368326118326119,6
location,NOUN,1,0.09090909090909091,NOUN,0.09090909090909091,1
public,ADJ,1,0.09090909090909091,ADJ,0.13116883116883116,4
review,NOUN,1,0.09090909090909091,NOUN,0.09090909090909091,2
space,NOUN,1,0.09090909090909091,NOUN,0.21093073593073594,8
tablet,NOUN,1,0.09090909090909091,NOUN,0.09090909090909091,1
unit,NOUN,1,0.09090909090909091,NOUN,0.09090909090909091,1
user,NOUN,1,0.09090909090909091,NOUN,0.13707900244400323,28
wallmounted,ADJ,1,0.09090909090909091,ADJ,0.09545454545454546,2
work,NOUN,1,0.09090909090909091,NOUN,0.12161696328362995,9
headphone,NOUN,1,0.3333333333333333,NOUN,0.2253968253968254,3
level,NOUN,1,0.3333333333333333,NOUN,0.12783056542455037,8
sound,NOUN,1,0.3333333333333333,NOUN,0.16305645065043559,8
glass,NOUN,1,0.5,NOUN,0.3352272727272727,4
space,NOUN,1,0.5,NOUN,0.21093073593073594,8
band,NOUN,1,0.3333333333333333,NOUN,0.3333333333333333,1
schedule,NOUN,1,0.3333333333333333,NOUN,0.21944444444444444,5
wrist,NOUN,1,0.3333333333333333,NOUN,0.23188405797101447,7
much,ADJ,1,0.3333333333333333,ADJ,0.3333333333333333,1
pencil,NOUN,1,0.3333333333333333,NOUN,0.3333333333333333,1
track,NOUN,1,0.3333333333333333,NOUN,0.17916666666666667,6
glass,NOUN,1,0.5,NOUN,0.3352272727272727,4
screen,NOUN,1,0.5,NOUN,0.23628117913832197,8
progress,NOUN,1,0.25,NOUN,0.125,3
table,NOUN,1,0.25,NOUN,0.25297619047619047,5
task,NOUN,1,0.25,NOUN,0.17797619047619048,9
track,NOUN,1,0.25,NOUN,0.17916666666666667,6
break,NOUN,1,0.5,NOUN,0.25277777777777777,4
device,NOUN,1,0.5,NOUN,0.18681245337423827,23
idea,NOUN,1,0.3333333333333333,NOUN,0.2222222222222222,2
speaker,NOUN,1,0.3333333333333333,NOUN,0.20833333333333331,2
user,NOUN,1,0.3333333333333333,NOUN,0.13707900244400323,28
alarm,NOUN,1,0.2,NOUN,0.2,1
bottle,NOUN,1,0.2,NOUN,0.17142857142857143,2
hydrated,ADJ,1,0.2,ADJ,0.2,1
user,NOUN,1,0.2,NOUN,0.13707900244400323,28
water,NOUN,1,0.2,NOUN,0.19894179894179895,4
hand,NOUN,1,0.3333333333333333,NOUN,0.18502415458937196,3
temperature,NOUN,1,0.3333333333333333,NOUN,0.26666666666666666,2
warm,NOUN,1,0.3333333333333333,NOUN,0.1923076923076923,3
able,ADJ,1,0.25,ADJ,0.18097643097643099,4
day,NOUN,1,0.25,NOUN,0.1275477340694732,10
glass,NOUN,1,0.25,NOUN,0.3352272727272727,4
time,NOUN,1,0.25,NOUN,0.18273809523809523,8
back,NOUN,1,0.3333333333333333,NOUN,0.3333333333333333,1
cushion,NOUN,1,0.3333333333333333,NOUN,0.3333333333333333,2
vibrate,NOUN,1,0.3333333333333333,NOUN,0.2375,4
clipboard,NOUN,1,0.1,NOUN,0.1,1
device,NOUN,1,0.1,NOUN,0.18681245337423827,23
ez,NOUN,1,0.1,NOUN,0.1,1
info,NOUN,2,0.2,NOUN,0.2,2
multiple,ADJ,1,0.1,ADJ,0.1125,2
note,NOUN,1,0.1,NOUN,0.1,1
piece,NOUN,1,0.1,NOUN,0.12142857142857143,2
sort,NOUN,1,0.1,NOUN,0.12142857142857143,2
sticky,ADJ,1,0.1,ADJ,0.1,1
device,NOUN,1,0.5,NOUN,0.18681245337423827,23
need,NOUN,1,0.5,NOUN,0.5,1
ambience,NOUN,1,0.14285714285714285,NOUN,0.13992673992673993,5
atmosphere,NOUN,1,0.14285714285714285,NOUN,0.12283272283272284,3
kind,NOUN,1,0.14285714285714285,NOUN,0.14285714285714285,1
light,NOUN,1,0.14285714285714285,NOUN,0.13343334297281664,19
replicate,ADJ,1,0.14285714285714285,ADJ,0.14285714285714285,1
sort,NOUN,1,0.14285714285714285,NOUN,0.12142857142857143,2
sunlightcoffeeshopcheerful,ADJ,1,0.14285714285714285,ADJ,0.14285714285714285,1
hand,NOUN,1,0.2,NOUN,0.18502415458937196,3
mousekeyboard,NOUN,1,0.2,NOUN,0.2,1
smth,NOUN,1,0.2,NOUN,0.2,1
strain,NOUN,1,0.2,NOUN,0.12173913043478261,3
wristsfinger,NOUN,1,0.2,NOUN,0.2,1
ambience,NOUN,1,0.2,NOUN,0.13992673992673993,5
atmosphere,NOUN,1,0.2,NOUN,0.12283272283272284,3
headphone,NOUN,1,0.2,NOUN,0.2253968253968254,3
librarycoffeeshop,NOUN,1,0.2,NOUN,0.2,1
pleasing,ADJ,1,0.2,ADJ,0.2,1
schedule,NOUN,1,0.25,NOUN,0.21944444444444444,5
task,NOUN,1,0.25,NOUN,0.17797619047619048,9
visual,ADJ,1,0.25,ADJ,0.25,1
wayalway,NOUN,1,0.25,NOUN,0.25,1
adjustment,NOUN,1,0.02564102564102564,NOUN,0.07532051282051282,2
ambience,NOUN,3,0.07692307692307693,NOUN,0.13992673992673993,5
atmosphere,NOUN,1,0.02564102564102564,NOUN,0.12283272283272284,3
background,NOUN,1,0.02564102564102564,NOUN,0.0728744939271255,3
cafe,NOUN,1,0.02564102564102564,NOUN,0.02564102564102564,1
calming,ADJ,1,0.02564102564102564,ADJ,0.02564102564102564,1
changing,NOUN,1,0.02564102564102564,NOUN,0.02564102564102564,1
coffeeshop,NOUN,1,0.02564102564102564,NOUN,0.02564102564102564,1
color,NOUN,2,0.05128205128205128,NOUN,0.07564946018893387,5
cool,ADJ,1,0.02564102564102564,ADJ,0.02564102564102564,1
cozy,ADJ,1,0.02564102564102564,ADJ,0.02564102564102564,1
cycle,NOUN,1,0.02564102564102564,NOUN,0.02564102564102564,1
daylight,NOUN,1,0.02564102564102564,NOUN,0.02564102564102564,1
device,NOUN,2,0.05128205128205128,NOUN,0.18681245337423827,23
environment,NOUN,1,0.02564102564102564,NOUN,0.07724358974358975,4
feeling,NOUN,1,0.02564102564102564,NOUN,0.06837606837606837,2
intensity,NOUN,1,0.02564102564102564,NOUN,0.024565315183164155,3
jazz,NOUN,1,0.02564102564102564,NOUN,0.02564102564102564,1
level,NOUN,1,0.02564102564102564,NOUN,0.12783056542455037,8
light,NOUN,5,0.1282051282051282,NOUN,0.13343334297281664,19
low,ADJ,1,0.02564102564102564,ADJ,0.02564102564102564,1
music,NOUN,1,0.02564102564102564,NOUN,0.02564102564102564,1
natural,ADJ,1,0.02564102564102564,ADJ,0.0641025641025641,3
noise,NOUN,1,0.02564102564102564,NOUN,0.10086755349913243,5
perfect,ADJ,1,0.02564102564102564,ADJ,0.02564102564102564,1
relaxing,ADJ,1,0.02564102564102564,ADJ,0.02564102564102564,1
simple,ADJ,1,0.02564102564102564,ADJ,0.02564102564102564,1
subtle,ADJ,1,0.02564102564102564,ADJ,0.02564102564102564,1
warm,ADJ,2,0.05128205128205128,NOUN,0.1923076923076923,3
yelloworange,NOUN,1,0.02564102564102564,NOUN,0.02564102564102564,1
background,NOUN,1,0.02631578947368421,NOUN,0.0728744939271255,3
base,NOUN,1,0.02631578947368421,NOUN,0.02631578947368421,1
bright,ADJ,1,0.02631578947368421,ADJ,0.02631578947368421,1
button,NOUN,1,0.02631578947368421,NOUN,0.02402745995423341,2
cm,NOUN,2,0.05263157894736842,NOUN,0.05131578947368421,4
color,NOUN,1,0.02631578947368421,NOUN,0.07564946018893387,5
current,ADJ,1,0.02631578947368421,ADJ,0.025657894736842105,2
cylindrical,ADJ,1,0.02631578947368421,ADJ,0.02631578947368421,1
device,NOUN,3,0.07894736842105263,NOUN,0.18681245337423827,23
diameter,NOUN,1,0.02631578947368421,NOUN,0.02631578947368421,1
display,NOUN,1,0.02631578947368421,NOUN,0.08279280216351155,5
flat,ADJ,1,0.02631578947368421,NOUN,0.06871345029239766,2
front,ADJ,1,0.02631578947368421,ADJ,0.02631578947368421,1
height,NOUN,1,0.02631578947368421,NOUN,0.02631578947368421,1
intensity,NOUN,1,0.02631578947368421,NOUN,0.024565315183164155,3
knob,NOUN,1,0.02631578947368421,NOUN,0.02631578947368421,1
led,NOUN,1,0.02631578947368421,NOUN,0.02631578947368421,1
level,NOUN,1,0.02631578947368421,NOUN,0.12783056542455037,8
light,ADJ,3,0.07894736842105263,NOUN,0.13343334297281664,19
material,NOUN,1,0.02631578947368421,NOUN,0.05151942355889724,4
noise,NOUN,1,0.02631578947368421,NOUN,0.10086755349913243,5
panel,NOUN,1,0.02631578947368421,NOUN,0.02631578947368421,1
plastic,NOUN,1,0.02631578947368421,NOUN,0.03671310629514964,3
portable,ADJ,1,0.02631578947368421,ADJ,0.18471177944862155,7
round,ADJ,1,0.02631578947368421,ADJ,0.02631578947368421,1
setting,NOUN,2,0.05263157894736842,NOUN,0.07631578947368421,3
several,ADJ,1,0.02631578947368421,ADJ,0.02402745995423341,2
small,ADJ,1,0.02631578947368421,ADJ,0.02631578947368421,1
sound,ADJ,1,0.02631578947368421,NOUN,0.16305645065043559,8
surface,NOUN,1,0.02631578947368421,NOUN,0.10386996904024769,7
user,NOUN,1,0.02631578947368421,NOUN,0.13707900244400323,28
white,ADJ,1,0.02631578947368421,ADJ,0.02631578947368421,1
name,NOUN,1,1.0,NOUN,1.0,5
cushion,NOUN,1,0.3333333333333333,NOUN,0.3333333333333333,2
posture,NOUN,1,0.3333333333333333,NOUN,0.25595238095238093,6
proper,ADJ,1,0.3333333333333333,ADJ,0.3333333333333333,1
name,NOUN,1,1.0,NOUN,1.0,5
name,NOUN,1,1.0,NOUN,1.0,5
name,NOUN,1,1.0,NOUN,1.0,5
name,NOUN,1,1.0,NOUN,1.0,5
box,NOUN,1,0.021739130434782608,NOUN,0.021739130434782608,1
button,NOUN,1,0.021739130434782608,NOUN,0.02402745995423341,2
computer,NOUN,1,0.021739130434782608,NOUN,0.10196256038647343,4
control,NOUN,2,0.043478260869565216,NOUN,0.049516908212560384,3
day,NOUN,1,0.021739130434782608,NOUN,0.1275477340694732,10
deep,ADJ,1,0.021739130434782608,ADJ,0.021739130434782608,1
device,NOUN,2,0.043478260869565216,NOUN,0.18681245337423827,23
dial,NOUN,1,0.021739130434782608,NOUN,0.021739130434782608,1
digital,ADJ,1,0.021739130434782608,ADJ,0.035187553282182434,3
display,NOUN,1,0.021739130434782608,NOUN,0.08279280216351155,5
duration,NOUN,1,0.021739130434782608,NOUN,0.021739130434782608,1
ergonomic,ADJ,1,0.021739130434782608,ADJ,0.021739130434782608,1
forearm,ADJ,1,0.021739130434782608,ADJ,0.021739130434782608,1
gentle,ADJ,1,0.021739130434782608,ADJ,0.021739130434782608,1
hand,NOUN,1,0.021739130434782608,NOUN,0.18502415458937196,3
help,NOUN,1,0.021739130434782608,NOUN,0.021739130434782608,1
intensity,NOUN,1,0.021739130434782608,NOUN,0.024565315183164155,3
interface,NOUN,1,0.021739130434782608,NOUN,0.10703286749482402,8
long,ADJ,1,0.021739130434782608,ADJ,0.0733695652173913,2
massage,NOUN,4,0.08695652173913043,NOUN,0.16972624798711755,7
mode,NOUN,1,0.021739130434782608,NOUN,0.17753623188405795,2
muscle,NOUN,1,0.021739130434782608,NOUN,0.021739130434782608,1
rest,NOUN,2,0.043478260869565216,NOUN,0.043478260869565216,2
several,ADJ,1,0.021739130434782608,ADJ,0.02402745995423341,2
shape,NOUN,1,0.021739130434782608,NOUN,0.021739130434782608,1
slider,NOUN,1,0.021739130434782608,NOUN,0.021739130434782608,1
soft,ADJ,1,0.021739130434782608,ADJ,0.02872670807453416,2
strain,NOUN,2,0.043478260869565216,NOUN,0.12173913043478261,3
such,ADJ,1,0.021739130434782608,ADJ,0.06642512077294685,2
tangible,ADJ,1,0.021739130434782608,ADJ,0.13993271221532091,6
tissue,NOUN,1,0.021739130434782608,NOUN,0.021739130434782608,1
user,NOUN,1,0.021739130434782608,NOUN,0.13707900244400323,28
variety,NOUN,1,0.021739130434782608,NOUN,0.021739130434782608,1
wrist,NOUN,6,0.13043478260869565,NOUN,0.23188405797101447,7
cm,NOUN,2,0.05,NOUN,0.05131578947368421,4
computer,NOUN,1,0.025,NOUN,0.10196256038647343,4
current,ADJ,1,0.025,ADJ,0.025657894736842105,2
day,NOUN,1,0.025,NOUN,0.1275477340694732,10
daytoday,NOUN,1,0.025,NOUN,0.025,1
device,NOUN,3,0.075,NOUN,0.18681245337423827,23
digital,ADJ,1,0.025,ADJ,0.035187553282182434,3
display,NOUN,1,0.025,NOUN,0.08279280216351155,5
durable,ADJ,1,0.025,ADJ,0.025,1
finish,NOUN,1,0.025,NOUN,0.025,1
glossy,ADJ,1,0.025,ADJ,0.025,1
length,NOUN,1,0.025,NOUN,0.025,1
list,NOUN,1,0.025,NOUN,0.11666666666666668,3
material,NOUN,1,0.025,NOUN,0.05151942355889724,4
one,NOUN,1,0.025,NOUN,0.1375,2
plastic,NOUN,1,0.025,NOUN,0.03671310629514964,3
progress,NOUN,1,0.025,NOUN,0.125,3
rectangular,ADJ,1,0.025,ADJ,0.025,1
reminder,NOUN,1,0.025,NOUN,0.10347222222222222,4
schedule,NOUN,3,0.075,NOUN,0.21944444444444444,5
smartphone,NOUN,1,0.025,NOUN,0.053571428571428575,3
smooth,ADJ,1,0.025,ADJ,0.025,1
surface,NOUN,2,0.05,NOUN,0.10386996904024769,7
tangible,ADJ,1,0.025,ADJ,0.13993271221532091,6
task,NOUN,4,0.1,NOUN,0.17797619047619048,9
todo,ADJ,1,0.025,ADJ,0.075,2
top,NOUN,1,0.025,NOUN,0.025,1
track,NOUN,1,0.025,NOUN,0.17916666666666667,6
user,NOUN,2,0.05,NOUN,0.13707900244400323,28
width,NOUN,1,0.025,NOUN,0.025,1
bad,ADJ,1,0.03571428571428571,ADJ,0.03571428571428571,1
breathable,ADJ,1,0.03571428571428571,ADJ,0.03571428571428571,1
comfort,NOUN,1,0.03571428571428571,NOUN,0.03571428571428571,1
fabric,NOUN,1,0.03571428571428571,NOUN,0.03571428571428571,1
foam,NOUN,1,0.03571428571428571,NOUN,0.03571428571428571,1
goal,NOUN,1,0.03571428571428571,NOUN,0.06331168831168832,2
pillow,NOUN,5,0.17857142857142858,NOUN,0.26785714285714285,7
posture,NOUN,5,0.17857142857142858,NOUN,0.25595238095238093,6
sensor,NOUN,1,0.03571428571428571,NOUN,0.1788961038961039,5
smart,ADJ,2,0.07142857142857142,ADJ,0.14603174603174604,4
smartphone,NOUN,1,0.03571428571428571,NOUN,0.053571428571428575,3
soft,ADJ,1,0.03571428571428571,ADJ,0.02872670807453416,2
supportive,ADJ,1,0.03571428571428571,ADJ,0.03571428571428571,1
time,NOUN,1,0.03571428571428571,NOUN,0.18273809523809523,8
user,NOUN,4,0.14285714285714285,NOUN,0.13707900244400323,28
well,ADJ,1,0.03571428571428571,ADJ,0.03571428571428571,1
computer,NOUN,1,0.25,NOUN,0.10196256038647343,4
portable,ADJ,1,0.25,ADJ,0.18471177944862155,7
screen,NOUN,2,0.5,NOUN,0.23628117913832197,8
bumpy,ADJ,1,0.2,ADJ,0.2,1
desk,NOUN,1,0.2,NOUN,0.23555555555555557,5
portable,ADJ,1,0.2,ADJ,0.18471177944862155,7
ride,NOUN,1,0.2,NOUN,0.2,1
stable,ADJ,1,0.2,ADJ,0.2,1
portable,ADJ,1,0.2,ADJ,0.18471177944862155,7
unreliablenonexistent,ADJ,1,0.2,ADJ,0.2,1
way,NOUN,1,0.2,NOUN,0.1638888888888889,3
wifi,NOUN,2,0.4,NOUN,0.2833333333333334,4
background,NOUN,1,0.16666666666666666,NOUN,0.0728744939271255,3
call,NOUN,1,0.16666666666666666,NOUN,0.14814814814814814,3
noise,NOUN,1,0.16666666666666666,NOUN,0.10086755349913243,5
people,NOUN,1,0.16666666666666666,NOUN,0.13786435786435786,21
video,NOUN,1,0.16666666666666666,NOUN,0.16666666666666666,1
way,NOUN,1,0.16666666666666666,NOUN,0.1638888888888889,3
app,NOUN,1,0.25,NOUN,0.1449074074074074,7
area,NOUN,1,0.25,NOUN,0.20833333333333331,2
question,NOUN,1,0.25,NOUN,0.29166666666666663,2
trivia,ADJ,1,0.25,ADJ,0.1607142857142857,2
area,NOUN,1,0.16666666666666666,NOUN,0.20833333333333331,2
competition,NOUN,1,0.16666666666666666,NOUN,0.16666666666666666,1
game,NOUN,2,0.3333333333333333,NOUN,0.3333333333333333,2
other,ADJ,1,0.16666666666666666,NOUN,0.11631016042780748,6
people,NOUN,1,0.16666666666666666,NOUN,0.13786435786435786,21
people,NOUN,1,0.2,NOUN,0.13786435786435786,21
public,ADJ,1,0.2,ADJ,0.13116883116883116,4
room,NOUN,1,0.2,NOUN,0.12777777777777777,2
transportation,NOUN,1,0.2,NOUN,0.2,1
vehicle,NOUN,1,0.2,NOUN,0.2,1
audio,ADJ,1,0.3333333333333333,ADJ,0.1898148148148148,3
flashcard,NOUN,1,0.3333333333333333,NOUN,0.3333333333333333,1
question,NOUN,1,0.3333333333333333,NOUN,0.29166666666666663,2
buddy,NOUN,1,0.08333333333333333,NOUN,0.08333333333333333,1
collaborative,ADJ,1,0.08333333333333333,ADJ,0.14444444444444446,3
commuting,NOUN,1,0.08333333333333333,NOUN,0.08333333333333333,1
environment,NOUN,1,0.08333333333333333,NOUN,0.07724358974358975,4
material,NOUN,1,0.08333333333333333,NOUN,0.05151942355889724,4
route,NOUN,1,0.08333333333333333,NOUN,0.09722222222222221,2
same,ADJ,2,0.16666666666666666,ADJ,0.11904761904761904,3
study,NOUN,1,0.08333333333333333,NOUN,0.14166666666666666,2
travel,NOUN,1,0.08333333333333333,NOUN,0.2916666666666667,2
type,NOUN,1,0.08333333333333333,NOUN,0.11405228758169934,3
working,NOUN,1,0.08333333333333333,NOUN,0.08333333333333333,1
activist,NOUN,1,0.1111111111111111,NOUN,0.1111111111111111,1
device,NOUN,2,0.2222222222222222,NOUN,0.18681245337423827,23
fact,NOUN,1,0.1111111111111111,NOUN,0.1111111111111111,1
field,NOUN,1,0.1111111111111111,NOUN,0.1111111111111111,1
fun,NOUN,1,0.1111111111111111,NOUN,0.11805555555555555,2
specific,ADJ,1,0.1111111111111111,ADJ,0.09126984126984126,2
stoplike,NOUN,1,0.1111111111111111,NOUN,0.1111111111111111,1
thing,NOUN,1,0.1111111111111111,NOUN,0.09126984126984126,2
class,NOUN,1,0.07142857142857142,NOUN,0.07142857142857142,1
collaboration,NOUN,1,0.07142857142857142,NOUN,0.07142857142857142,1
crack,NOUN,1,0.07142857142857142,NOUN,0.07142857142857142,1
gym,NOUN,1,0.07142857142857142,NOUN,0.07142857142857142,1
material,NOUN,1,0.07142857142857142,NOUN,0.05151942355889724,4
people,NOUN,1,0.07142857142857142,NOUN,0.13786435786435786,21
random,ADJ,1,0.07142857142857142,ADJ,0.09126984126984126,2
same,ADJ,1,0.07142857142857142,ADJ,0.11904761904761904,3
similar,ADJ,1,0.07142857142857142,ADJ,0.07142857142857142,1
specialized,ADJ,1,0.07142857142857142,ADJ,0.07142857142857142,1
specific,ADJ,1,0.07142857142857142,ADJ,0.09126984126984126,2
thing,NOUN,1,0.07142857142857142,NOUN,0.09126984126984126,2
topic,NOUN,1,0.07142857142857142,NOUN,0.07142857142857142,1
trivia,ADJ,1,0.07142857142857142,ADJ,0.1607142857142857,2
app,NOUN,1,0.16666666666666666,NOUN,0.1449074074074074,7
feature,NOUN,1,0.16666666666666666,NOUN,0.16666666666666666,1
machine,NOUN,1,0.16666666666666666,NOUN,0.125,4
notification,NOUN,1,0.16666666666666666,NOUN,0.13194444444444445,4
people,NOUN,1,0.16666666666666666,NOUN,0.13786435786435786,21
phone,NOUN,1,0.16666666666666666,NOUN,0.18783068783068782,4
noise,NOUN,1,0.14285714285714285,NOUN,0.10086755349913243,5
outside,ADJ,1,0.14285714285714285,NOUN,0.11798941798941798,3
public,ADJ,1,0.14285714285714285,ADJ,0.13116883116883116,4
silencer,NOUN,1,0.14285714285714285,NOUN,0.14285714285714285,1
sound,NOUN,1,0.14285714285714285,NOUN,0.16305645065043559,8
space,NOUN,1,0.14285714285714285,NOUN,0.21093073593073594,8
worker,NOUN,1,0.14285714285714285,NOUN,0.11495911495911497,3
content,NOUN,2,0.2222222222222222,NOUN,0.2222222222222222,2
eye,NOUN,1,0.1111111111111111,NOUN,0.1111111111111111,1
flat,NOUN,1,0.1111111111111111,NOUN,0.06871345029239766,2
outside,ADJ,1,0.1111111111111111,NOUN,0.11798941798941798,3
person,NOUN,1,0.1111111111111111,NOUN,0.10606060606060605,5
sensitiveconfidential,ADJ,1,0.1111111111111111,ADJ,0.1111111111111111,1
side,NOUN,1,0.1111111111111111,NOUN,0.1111111111111111,1
upper,ADJ,1,0.1111111111111111,ADJ,0.1111111111111111,1
break,NOUN,1,0.2,NOUN,0.25277777777777777,4
technology,NOUN,1,0.2,NOUN,0.1272727272727273,3
user,NOUN,1,0.2,NOUN,0.13707900244400323,28
wearable,ADJ,1,0.2,NOUN,0.15432098765432098,9
work,NOUN,1,0.2,NOUN,0.12161696328362995,9
computer,NOUN,1,0.1111111111111111,NOUN,0.10196256038647343,4
day,NOUN,1,0.1111111111111111,NOUN,0.1275477340694732,10
everytime,NOUN,1,0.1111111111111111,NOUN,0.1111111111111111,1
experience,NOUN,1,0.1111111111111111,NOUN,0.1111111111111111,1
machine,NOUN,1,0.1111111111111111,NOUN,0.125,4
massage,NOUN,2,0.2222222222222222,NOUN,0.16972624798711755,7
neckshoulder,NOUN,1,0.1111111111111111,NOUN,0.1111111111111111,1
user,NOUN,1,0.1111111111111111,NOUN,0.13707900244400323,28
breakseat,NOUN,1,0.05555555555555555,NOUN,0.05555555555555555,1
control,NOUN,1,0.05555555555555555,NOUN,0.049516908212560384,3
day,NOUN,2,0.1111111111111111,NOUN,0.1275477340694732,10
hour,NOUN,2,0.1111111111111111,NOUN,0.12698412698412698,3
light,NOUN,2,0.1111111111111111,NOUN,0.13343334297281664,19
lighting,NOUN,1,0.05555555555555555,NOUN,0.05555555555555555,1
machine,NOUN,1,0.05555555555555555,NOUN,0.125,4
natural,ADJ,1,0.05555555555555555,ADJ,0.0641025641025641,3
people,NOUN,1,0.05555555555555555,NOUN,0.13786435786435786,21
person,NOUN,1,0.05555555555555555,NOUN,0.10606060606060605,5
room,NOUN,1,0.05555555555555555,NOUN,0.12777777777777777,2
setup,NOUN,1,0.05555555555555555,NOUN,0.05555555555555555,1
sunlight,NOUN,1,0.05555555555555555,NOUN,0.05555555555555555,1
time,NOUN,1,0.05555555555555555,NOUN,0.18273809523809523,8
user,NOUN,1,0.05555555555555555,NOUN,0.13707900244400323,28
desk,NOUN,1,0.5,NOUN,0.23555555555555557,5
use,NOUN,1,0.5,NOUN,0.375,2
access,NOUN,1,0.16666666666666666,NOUN,0.16666666666666666,1
desk,NOUN,1,0.16666666666666666,NOUN,0.23555555555555557,5
point,NOUN,1,0.16666666666666666,NOUN,0.15476190476190477,2
portable,ADJ,1,0.16666666666666666,ADJ,0.18471177944862155,7
router,NOUN,1,0.16666666666666666,NOUN,0.16666666666666666,1
wireless,ADJ,1,0.16666666666666666,ADJ,0.1691919191919192,3
audio,ADJ,1,0.1111111111111111,ADJ,0.1898148148148148,3
device,NOUN,1,0.1111111111111111,NOUN,0.18681245337423827,23
habit,NOUN,1,0.1111111111111111,NOUN,0.1111111111111111,2
interval,NOUN,1,0.1111111111111111,NOUN,0.1111111111111111,1
min,NOUN,1,0.1111111111111111,NOUN,0.1111111111111111,2
notification,NOUN,1,0.1111111111111111,NOUN,0.13194444444444445,4
phone,NOUN,1,0.1111111111111111,NOUN,0.18783068783068782,4
regular,ADJ,1,0.1111111111111111,ADJ,0.1111111111111111,1
user,NOUN,1,0.1111111111111111,NOUN,0.13707900244400323,28
aware,ADJ,1,0.1,ADJ,0.1,1
danger,NOUN,1,0.1,NOUN,0.1,1
environment,NOUN,1,0.1,NOUN,0.07724358974358975,4
glassesheadset,NOUN,1,0.1,NOUN,0.1,1
mobile,ADJ,1,0.1,ADJ,0.11203703703703705,3
peripheral,NOUN,1,0.1,NOUN,0.1,1
signal,NOUN,1,0.1,NOUN,0.15000000000000002,2
surrounding,NOUN,1,0.1,NOUN,0.1,1
user,NOUN,1,0.1,NOUN,0.13707900244400323,28
work,NOUN,1,0.1,NOUN,0.12161696328362995,9
interface,NOUN,1,0.14285714285714285,NOUN,0.10703286749482402,8
microtask,NOUN,1,0.14285714285714285,NOUN,0.14285714285714285,1
piece,NOUN,1,0.14285714285714285,NOUN,0.12142857142857143,2
planner,NOUN,1,0.14285714285714285,NOUN,0.14285714285714285,1
tangible,ADJ,1,0.14285714285714285,ADJ,0.13993271221532091,6
task,NOUN,1,0.14285714285714285,NOUN,0.17797619047619048,9
user,NOUN,1,0.14285714285714285,NOUN,0.13707900244400323,28
collapsible,ADJ,1,0.1111111111111111,ADJ,0.1111111111111111,1
commuter,NOUN,1,0.1111111111111111,NOUN,0.1111111111111111,1
desk,NOUN,1,0.1111111111111111,NOUN,0.23555555555555557,5
lap,NOUN,1,0.1111111111111111,NOUN,0.12698412698412698,2
mobile,ADJ,1,0.1111111111111111,ADJ,0.11203703703703705,3
organization,NOUN,1,0.1111111111111111,NOUN,0.1111111111111111,1
planning,NOUN,1,0.1111111111111111,NOUN,0.1111111111111111,1
techfunctionality,NOUN,1,0.1111111111111111,NOUN,0.1111111111111111,1
trainsubway,NOUN,1,0.1111111111111111,NOUN,0.1111111111111111,1
change,NOUN,1,0.2,NOUN,0.2,1
indooroutdoor,NOUN,1,0.2,NOUN,0.2,1
jacketsweater,NOUN,1,0.2,NOUN,0.2,1
temperature,NOUN,1,0.2,NOUN,0.26666666666666666,2
type,NOUN,1,0.2,NOUN,0.11405228758169934,3
anxiety,NOUN,1,0.2,NOUN,0.2,1
heart,NOUN,1,0.2,NOUN,0.1414141414141414,4
monitor,NOUN,1,0.2,NOUN,0.225,2
rate,NOUN,1,0.2,NOUN,0.1414141414141414,4
relief,NOUN,1,0.2,NOUN,0.2,1
app,NOUN,2,0.13333333333333333,NOUN,0.1449074074074074,7
check,NOUN,1,0.06666666666666667,NOUN,0.06666666666666667,1
exercise,NOUN,1,0.06666666666666667,NOUN,0.06666666666666667,1
heart,NOUN,2,0.13333333333333333,NOUN,0.1414141414141414,4
high,ADJ,1,0.06666666666666667,ADJ,0.06666666666666667,1
interface,NOUN,1,0.06666666666666667,NOUN,0.10703286749482402,8
level,NOUN,1,0.06666666666666667,NOUN,0.12783056542455037,8
rate,NOUN,2,0.13333333333333333,NOUN,0.1414141414141414,4
routine,ADJ,1,0.06666666666666667,ADJ,0.06666666666666667,1
set,ADJ,1,0.06666666666666667,ADJ,0.06666666666666667,1
vital,NOUN,1,0.06666666666666667,NOUN,0.06666666666666667,1
wearable,ADJ,1,0.06666666666666667,NOUN,0.15432098765432098,9
day,NOUN,1,0.125,NOUN,0.1275477340694732,10
interface,NOUN,1,0.125,NOUN,0.10703286749482402,8
locket,NOUN,1,0.125,NOUN,0.125,1
photo,NOUN,2,0.25,NOUN,0.25,2
user,NOUN,2,0.25,NOUN,0.13707900244400323,28
wearable,ADJ,1,0.125,NOUN,0.15432098765432098,9
app,NOUN,1,0.1111111111111111,NOUN,0.1449074074074074,7
convenient,ADJ,1,0.1111111111111111,ADJ,0.1111111111111111,1
easy,ADJ,1,0.1111111111111111,ADJ,0.1111111111111111,1
habit,NOUN,1,0.1111111111111111,NOUN,0.1111111111111111,2
interface,NOUN,1,0.1111111111111111,NOUN,0.10703286749482402,8
mood,NOUN,1,0.1111111111111111,NOUN,0.09722222222222221,2
reminder,NOUN,1,0.1111111111111111,NOUN,0.10347222222222222,4
tracking,NOUN,1,0.1111111111111111,NOUN,0.1111111111111111,1
wearable,ADJ,1,0.1111111111111111,NOUN,0.15432098765432098,9
form,NOUN,1,0.125,NOUN,0.125,1
input,NOUN,1,0.125,NOUN,0.125,1
multiple,ADJ,1,0.125,ADJ,0.1125,2
response,NOUN,1,0.125,NOUN,0.125,1
sensor,NOUN,1,0.125,NOUN,0.1788961038961039,5
toy,NOUN,1,0.125,NOUN,0.125,1
visible,ADJ,1,0.125,ADJ,0.125,2
weight,NOUN,1,0.125,NOUN,0.125,1
app,NOUN,1,0.08333333333333333,NOUN,0.1449074074074074,7
art,NOUN,1,0.08333333333333333,NOUN,0.08333333333333333,1
board,NOUN,1,0.08333333333333333,NOUN,0.08333333333333333,1
contact,NOUN,1,0.08333333333333333,NOUN,0.08333333333333333,1
entry,NOUN,1,0.08333333333333333,NOUN,0.08333333333333333,1
interactive,ADJ,1,0.08333333333333333,ADJ,0.12368326118326119,6
journal,NOUN,1,0.08333333333333333,NOUN,0.08333333333333333,1
mood,NOUN,1,0.08333333333333333,NOUN,0.09722222222222221,2
parent,NOUN,1,0.08333333333333333,NOUN,0.08333333333333333,1
people,NOUN,1,0.08333333333333333,NOUN,0.13786435786435786,21
therapist,NOUN,1,0.08333333333333333,NOUN,0.08333333333333333,1
therapy,NOUN,1,0.08333333333333333,NOUN,0.09722222222222221,2
alert,NOUN,1,0.125,NOUN,0.11805555555555555,2
nonverbal,ADJ,2,0.25,ADJ,0.25,2
notification,NOUN,1,0.125,NOUN,0.13194444444444445,4
people,NOUN,1,0.125,NOUN,0.13786435786435786,21
user,NOUN,1,0.125,NOUN,0.13707900244400323,28
visible,ADJ,1,0.125,ADJ,0.125,2
wearable,ADJ,1,0.125,NOUN,0.15432098765432098,9
bracelet,NOUN,1,0.1111111111111111,NOUN,0.23215488215488214,7
call,NOUN,1,0.1111111111111111,NOUN,0.14814814814814814,3
day,NOUN,1,0.1111111111111111,NOUN,0.1275477340694732,10
feeling,NOUN,1,0.1111111111111111,NOUN,0.06837606837606837,2
random,ADJ,1,0.1111111111111111,ADJ,0.09126984126984126,2
time,NOUN,1,0.1111111111111111,NOUN,0.18273809523809523,8
togetherness,NOUN,1,0.1111111111111111,NOUN,0.1111111111111111,1
user,NOUN,1,0.1111111111111111,NOUN,0.13707900244400323,28
videoaudio,ADJ,1,0.1111111111111111,ADJ,0.1111111111111111,1
bottle,NOUN,1,0.14285714285714285,NOUN,0.17142857142857143,2
certain,ADJ,1,0.14285714285714285,ADJ,0.12142857142857143,2
day,NOUN,1,0.14285714285714285,NOUN,0.1275477340694732,10
point,NOUN,1,0.14285714285714285,NOUN,0.15476190476190477,2
user,NOUN,1,0.14285714285714285,NOUN,0.13707900244400323,28
water,NOUN,2,0.2857142857142857,NOUN,0.19894179894179895,4
jacketvest,NOUN,1,0.2,NOUN,0.2,1
massage,NOUN,1,0.2,NOUN,0.16972624798711755,7
sensation,NOUN,1,0.2,NOUN,0.2,1
vibrate,NOUN,1,0.2,NOUN,0.2375,4
wearable,ADJ,1,0.2,NOUN,0.15432098765432098,9
bracelet,NOUN,1,0.25,NOUN,0.23215488215488214,7
day,NOUN,1,0.25,NOUN,0.1275477340694732,10
emotion,NOUN,1,0.25,NOUN,0.25,1
one,NOUN,1,0.25,NOUN,0.1375,2
device,NOUN,1,0.3333333333333333,NOUN,0.18681245337423827,23
heartbeat,NOUN,1,0.3333333333333333,NOUN,0.1691919191919192,3
scent,NOUN,1,0.3333333333333333,NOUN,0.25555555555555554,3
bus,NOUN,1,0.14285714285714285,NOUN,0.17142857142857143,2
capacity,NOUN,1,0.14285714285714285,NOUN,0.14285714285714285,1
interactive,ADJ,1,0.14285714285714285,ADJ,0.12368326118326119,6
occupant,NOUN,1,0.14285714285714285,NOUN,0.14285714285714285,1
real,ADJ,1,0.14285714285714285,ADJ,0.14285714285714285,1
screen,NOUN,1,0.14285714285714285,NOUN,0.23628117913832197,8
time,NOUN,1,0.14285714285714285,NOUN,0.18273809523809523,8
nausea,NOUN,1,0.3333333333333333,NOUN,0.22373737373737373,5
scent,NOUN,1,0.3333333333333333,NOUN,0.25555555555555554,3
spray,NOUN,1,0.3333333333333333,NOUN,0.3333333333333333,1
chair,NOUN,1,0.3333333333333333,NOUN,0.3333333333333333,1
stabilization,NOUN,1,0.3333333333333333,NOUN,0.3333333333333333,1
table,NOUN,1,0.3333333333333333,NOUN,0.25297619047619047,5
assistant,NOUN,1,0.25,NOUN,0.25,1
collaborative,ADJ,1,0.25,ADJ,0.14444444444444446,3
communication,NOUN,1,0.25,NOUN,0.25,1
voice,NOUN,1,0.25,NOUN,0.25,1
bathroom,NOUN,1,1.0,NOUN,1.0,1
arvr,NOUN,1,0.3333333333333333,NOUN,0.3333333333333333,1
nausea,NOUN,1,0.3333333333333333,NOUN,0.22373737373737373,5
workspace,NOUN,1,0.3333333333333333,NOUN,0.3333333333333333,1
haptic,NOUN,1,0.25,NOUN,0.17045454545454547,2
nausea,NOUN,1,0.25,NOUN,0.22373737373737373,5
reduction,NOUN,1,0.25,NOUN,0.25,1
wearable,ADJ,1,0.25,NOUN,0.15432098765432098,9
advice,NOUN,1,0.09090909090909091,NOUN,0.09090909090909091,1
augmented,ADJ,1,0.09090909090909091,ADJ,0.09090909090909091,1
glass,NOUN,1,0.09090909090909091,NOUN,0.3352272727272727,4
motion,NOUN,1,0.09090909090909091,NOUN,0.17845117845117844,3
nausea,NOUN,1,0.09090909090909091,NOUN,0.22373737373737373,5
pair,NOUN,1,0.09090909090909091,NOUN,0.09090909090909091,1
reality,NOUN,1,0.09090909090909091,NOUN,0.09090909090909091,1
realtime,ADJ,1,0.09090909090909091,ADJ,0.09090909090909091,1
sickness,NOUN,1,0.09090909090909091,NOUN,0.17845117845117844,3
sign,NOUN,1,0.09090909090909091,NOUN,0.09090909090909091,1
symptom,NOUN,1,0.09090909090909091,NOUN,0.09090909090909091,1
heart,NOUN,1,0.09090909090909091,NOUN,0.1414141414141414,4
necklace,NOUN,1,0.09090909090909091,NOUN,0.15067340067340065,3
other,ADJ,1,0.09090909090909091,NOUN,0.11631016042780748,6
pendant,NOUN,2,0.18181818181818182,NOUN,0.18181818181818182,2
people,NOUN,1,0.09090909090909091,NOUN,0.13786435786435786,21
pulse,NOUN,1,0.09090909090909091,NOUN,0.15252525252525254,3
rate,NOUN,1,0.09090909090909091,NOUN,0.1414141414141414,4
sync,NOUN,1,0.09090909090909091,NOUN,0.08712121212121213,2
technology,NOUN,1,0.09090909090909091,NOUN,0.1272727272727273,3
wireless,ADJ,1,0.09090909090909091,ADJ,0.1691919191919192,3
bracelet,NOUN,2,0.18181818181818182,NOUN,0.23215488215488214,7
haptic,ADJ,1,0.09090909090909091,NOUN,0.17045454545454547,2
heartbeat,NOUN,1,0.09090909090909091,NOUN,0.1691919191919192,3
other,NOUN,2,0.18181818181818182,NOUN,0.11631016042780748,6
people,NOUN,1,0.09090909090909091,NOUN,0.13786435786435786,21
person,NOUN,1,0.09090909090909091,NOUN,0.10606060606060605,5
sensor,NOUN,1,0.09090909090909091,NOUN,0.1788961038961039,5
technology,NOUN,1,0.09090909090909091,NOUN,0.1272727272727273,3
vibration,NOUN,1,0.09090909090909091,NOUN,0.09090909090909091,1
device,NOUN,3,0.25,NOUN,0.18681245337423827,23
heartbeat,NOUN,1,0.08333333333333333,NOUN,0.1691919191919192,3
other,ADJ,1,0.08333333333333333,NOUN,0.11631016042780748,6
people,NOUN,1,0.08333333333333333,NOUN,0.13786435786435786,21
person,NOUN,2,0.16666666666666666,NOUN,0.10606060606060605,5
sound,ADJ,1,0.08333333333333333,NOUN,0.16305645065043559,8
speaker,NOUN,1,0.08333333333333333,NOUN,0.20833333333333331,2
sync,NOUN,1,0.08333333333333333,NOUN,0.08712121212121213,2
wave,NOUN,1,0.08333333333333333,NOUN,0.125,2
body,NOUN,1,0.1111111111111111,NOUN,0.1111111111111111,1
combination,NOUN,1,0.1111111111111111,NOUN,0.1111111111111111,1
light,NOUN,1,0.1111111111111111,NOUN,0.13343334297281664,19
motion,NOUN,1,0.1111111111111111,NOUN,0.17845117845117844,3
nausea,NOUN,1,0.1111111111111111,NOUN,0.22373737373737373,5
necklace,NOUN,1,0.1111111111111111,NOUN,0.15067340067340065,3
sickness,NOUN,1,0.1111111111111111,NOUN,0.17845117845117844,3
sound,NOUN,1,0.1111111111111111,NOUN,0.16305645065043559,8
vapor,NOUN,1,0.1111111111111111,NOUN,0.1111111111111111,1
bracelet,NOUN,1,0.1,NOUN,0.23215488215488214,7
certain,ADJ,1,0.1,ADJ,0.12142857142857143,2
conductance,NOUN,1,0.1,NOUN,0.1,1
level,NOUN,2,0.2,NOUN,0.12783056542455037,8
scent,NOUN,1,0.1,NOUN,0.25555555555555554,3
skin,NOUN,1,0.1,NOUN,0.1,1
stress,NOUN,2,0.2,NOUN,0.26666666666666666,3
threshold,NOUN,1,0.1,NOUN,0.1,1
direction,NOUN,1,0.25,NOUN,0.25,1
map,NOUN,1,0.25,NOUN,0.25,1
necklace,NOUN,1,0.25,NOUN,0.15067340067340065,3
vibrate,NOUN,1,0.25,NOUN,0.2375,4
bracelet,NOUN,1,0.5,NOUN,0.23215488215488214,7
time,NOUN,1,0.5,NOUN,0.18273809523809523,8
child,NOUN,1,0.16666666666666666,NOUN,0.16666666666666666,1
own,ADJ,1,0.16666666666666666,ADJ,0.16666666666666666,1
pet,NOUN,1,0.16666666666666666,NOUN,0.16666666666666666,1
pomodoro,ADJ,1,0.16666666666666666,ADJ,0.16666666666666666,1
system,NOUN,1,0.16666666666666666,NOUN,0.16666666666666666,1
tamogatchilike,ADJ,1,0.16666666666666666,ADJ,0.16666666666666666,1
buttonsmotion,NOUN,1,0.14285714285714285,NOUN,0.14285714285714285,1
dining,NOUN,1,0.14285714285714285,NOUN,0.14285714285714285,1
hall,NOUN,1,0.14285714285714285,NOUN,0.14285714285714285,1
many,ADJ,1,0.14285714285714285,ADJ,0.14285714285714285,2
sensor,NOUN,1,0.14285714285714285,NOUN,0.1788961038961039,5
table,NOUN,2,0.2857142857142857,NOUN,0.25297619047619047,5
bag,NOUN,1,0.125,NOUN,0.15595238095238095,3
block,NOUN,1,0.125,NOUN,0.125,1
leisure,NOUN,1,0.125,NOUN,0.125,1
space,NOUN,2,0.25,NOUN,0.21093073593073594,8
website,NOUN,2,0.25,NOUN,0.25,2
work,NOUN,1,0.125,NOUN,0.12161696328362995,9
face,NOUN,1,0.16666666666666666,NOUN,0.16666666666666666,1
guard,NOUN,1,0.16666666666666666,NOUN,0.16666666666666666,1
jaw,NOUN,1,0.16666666666666666,NOUN,0.16666666666666666,1
mask,NOUN,1,0.16666666666666666,NOUN,0.5833333333333334,2
people,NOUN,1,0.16666666666666666,NOUN,0.13786435786435786,21
vibrate,NOUN,1,0.16666666666666666,NOUN,0.2375,4
alert,NOUN,1,0.1111111111111111,NOUN,0.11805555555555555,2
belonging,NOUN,1,0.1111111111111111,NOUN,0.1111111111111111,1
bustrain,ADJ,1,0.1111111111111111,ADJ,0.1111111111111111,1
datum,NOUN,1,0.1111111111111111,NOUN,0.1111111111111111,1
min,NOUN,1,0.1111111111111111,NOUN,0.1111111111111111,2
route,NOUN,1,0.1111111111111111,NOUN,0.09722222222222221,2
stop,NOUN,1,0.1111111111111111,NOUN,0.1111111111111111,1
wearable,ADJ,1,0.1111111111111111,NOUN,0.15432098765432098,9
wearer,NOUN,1,0.1111111111111111,NOUN,0.1111111111111111,1
earpieceearbud,NOUN,1,0.3333333333333333,NOUN,0.3333333333333333,1
motion,NOUN,1,0.3333333333333333,NOUN,0.17845117845117844,3
sickness,NOUN,1,0.3333333333333333,NOUN,0.17845117845117844,3
charger,NOUN,1,0.25,NOUN,0.25,1
phonelaptop,NOUN,1,0.25,NOUN,0.25,1
use,NOUN,1,0.25,NOUN,0.375,2
wireless,ADJ,1,0.25,ADJ,0.1691919191919192,3
bagjacket,NOUN,1,0.14285714285714285,NOUN,0.14285714285714285,1
dnd,NOUN,1,0.14285714285714285,NOUN,0.14285714285714285,1
phone,NOUN,2,0.2857142857142857,NOUN,0.18783068783068782,4
pocket,NOUN,1,0.14285714285714285,NOUN,0.14285714285714285,1
uniterrupted,ADJ,1,0.14285714285714285,ADJ,0.14285714285714285,1
work,NOUN,1,0.14285714285714285,NOUN,0.12161696328362995,9
brightness,NOUN,1,0.1,NOUN,0.1,1
color,NOUN,1,0.1,NOUN,0.07564946018893387,5
disruption,NOUN,1,0.1,NOUN,0.12142857142857143,2
eyestrain,NOUN,1,0.1,NOUN,0.1,1
laptop,NOUN,1,0.1,NOUN,0.23750000000000002,5
level,NOUN,1,0.1,NOUN,0.12783056542455037,8
light,ADJ,1,0.1,NOUN,0.13343334297281664,19
screen,NOUN,1,0.1,NOUN,0.23628117913832197,8
setting,NOUN,1,0.1,NOUN,0.07631578947368421,3
space,NOUN,1,0.1,NOUN,0.21093073593073594,8
loss,NOUN,1,0.5,NOUN,0.5,1
sensor,NOUN,1,0.5,NOUN,0.1788961038961039,5
bracelet,NOUN,1,0.25,NOUN,0.23215488215488214,7
light,NOUN,1,0.25,NOUN,0.13343334297281664,19
strength,NOUN,1,0.25,NOUN,0.25,1
wifi,NOUN,1,0.25,NOUN,0.2833333333333334,4
desk,NOUN,1,0.2,NOUN,0.23555555555555557,5
measure,NOUN,1,0.2,NOUN,0.2,2
physical,ADJ,1,0.2,ADJ,0.2,1
time,NOUN,1,0.2,NOUN,0.18273809523809523,8
track,NOUN,1,0.2,NOUN,0.17916666666666667,6
bag,NOUN,1,0.2,NOUN,0.15595238095238095,3
laptop,NOUN,1,0.2,NOUN,0.23750000000000002,5
signal,NOUN,1,0.2,NOUN,0.15000000000000002,2
smart,ADJ,1,0.2,ADJ,0.14603174603174604,4
wifi,NOUN,1,0.2,NOUN,0.2833333333333334,4
alone,ADJ,1,0.14285714285714285,ADJ,0.14285714285714285,1
focus,NOUN,1,0.14285714285714285,NOUN,0.14285714285714285,1
headphone,NOUN,1,0.14285714285714285,NOUN,0.2253968253968254,3
level,NOUN,1,0.14285714285714285,NOUN,0.12783056542455037,8
light,NOUN,1,0.14285714285714285,NOUN,0.13343334297281664,19
noise,NOUN,1,0.14285714285714285,NOUN,0.10086755349913243,5
red,NOUN,1,0.14285714285714285,NOUN,0.14285714285714285,1
bag,NOUN,1,0.14285714285714285,NOUN,0.15595238095238095,3
balance,NOUN,1,0.14285714285714285,NOUN,0.14285714285714285,1
hour,NOUN,1,0.14285714285714285,NOUN,0.12698412698412698,3
life,NOUN,1,0.14285714285714285,NOUN,0.14285714285714285,1
many,ADJ,1,0.14285714285714285,ADJ,0.14285714285714285,2
open,ADJ,1,0.14285714285714285,ADJ,0.14285714285714285,1
work,NOUN,1,0.14285714285714285,NOUN,0.12161696328362995,9
disruption,NOUN,1,0.14285714285714285,NOUN,0.12142857142857143,2
lap,NOUN,1,0.14285714285714285,NOUN,0.12698412698412698,2
pad,NOUN,1,0.14285714285714285,NOUN,0.14285714285714285,1
shakey,ADJ,1,0.14285714285714285,ADJ,0.14285714285714285,1
stabilizer,NOUN,1,0.14285714285714285,NOUN,0.14285714285714285,1
table,NOUN,1,0.14285714285714285,NOUN,0.25297619047619047,5
tray,NOUN,1,0.14285714285714285,NOUN,0.14285714285714285,1
pillow,NOUN,1,0.5,NOUN,0.26785714285714285,7
travel,NOUN,1,0.5,NOUN,0.2916666666666667,2
display,NOUN,1,0.25,NOUN,0.08279280216351155,5
laptop,NOUN,1,0.25,NOUN,0.23750000000000002,5
monitor,NOUN,1,0.25,NOUN,0.225,2
portable,ADJ,1,0.25,ADJ,0.18471177944862155,7
stay,NOUN,1,0.3333333333333333,NOUN,0.3333333333333333,1
sure,ADJ,1,0.3333333333333333,ADJ,0.3333333333333333,1
user,NOUN,1,0.3333333333333333,NOUN,0.13707900244400323,28
mask,NOUN,1,1.0,NOUN,0.5833333333333334,2
app,NOUN,1,0.125,NOUN,0.1449074074074074,7
device,NOUN,1,0.125,NOUN,0.18681245337423827,23
mobile,ADJ,1,0.125,ADJ,0.11203703703703705,3
notification,NOUN,1,0.125,NOUN,0.13194444444444445,4
software,NOUN,1,0.125,NOUN,0.125,1
solution,NOUN,1,0.125,NOUN,0.125,1
unnecessary,ADJ,1,0.125,ADJ,0.125,1
user,NOUN,1,0.125,NOUN,0.13707900244400323,28
ambient,ADJ,1,0.1,ADJ,0.1,1
amount,NOUN,1,0.1,NOUN,0.1,2
commute,NOUN,1,0.1,NOUN,0.1,1
device,NOUN,1,0.1,NOUN,0.18681245337423827,23
environment,NOUN,1,0.1,NOUN,0.07724358974358975,4
focused,ADJ,1,0.1,ADJ,0.1,1
light,NOUN,1,0.1,NOUN,0.13343334297281664,19
relaxed,ADJ,1,0.1,ADJ,0.1,1
smartphone,NOUN,1,0.1,NOUN,0.053571428571428575,3
user,NOUN,1,0.1,NOUN,0.13707900244400323,28
