vector,word,wordCount,dt,doc_id,doc,percent_of_total
1,Most,1,04/09/2008,M113e9,1,0.0047846889952153
1,able,1,04/09/2008,M113e9,1,0.0047846889952153
1,advocate,1,04/09/2008,M113e9,1,0.0047846889952153
1,age,2,04/09/2008,M113e9,1,0.0095693779904306
1,attention,1,04/09/2008,M113e9,1,0.0047846889952153
1,autism,12,04/09/2008,M113e9,1,0.0574162679425837
1,autistic,2,04/09/2008,M113e9,1,0.0095693779904306
1,average,1,04/09/2008,M113e9,1,0.0047846889952153
1,bowel,2,04/09/2008,M113e9,1,0.0095693779904306
1,boy,2,04/09/2008,M113e9,1,0.0095693779904306
1,british,1,04/09/2008,M113e9,1,0.0047846889952153
1,bulk,1,04/09/2008,M113e9,1,0.0047846889952153
1,case,1,04/09/2008,M113e9,1,0.0047846889952153
1,central,1,04/09/2008,M113e9,1,0.0047846889952153
1,certain,1,04/09/2008,M113e9,1,0.0047846889952153
1,child,9,04/09/2008,M113e9,1,0.0430622009569378
1,childhood,1,04/09/2008,M113e9,1,0.0047846889952153
1,children,1,04/09/2008,M113e9,1,0.0047846889952153
1,claim,1,04/09/2008,M113e9,1,0.0047846889952153
1,coauthor,1,04/09/2008,M113e9,1,0.0047846889952153
1,colonoscopy,1,04/09/2008,M113e9,1,0.0047846889952153
1,complaint,2,04/09/2008,M113e9,1,0.0095693779904306
1,concern,2,04/09/2008,M113e9,1,0.0095693779904306
1,condition,1,04/09/2008,M113e9,1,0.0047846889952153
1,confident,1,04/09/2008,M113e9,1,0.0047846889952153
1,country,1,04/09/2008,M113e9,1,0.0047846889952153
1,critic,1,04/09/2008,M113e9,1,0.0047846889952153
1,decade,1,04/09/2008,M113e9,1,0.0047846889952153
1,disorder,5,04/09/2008,M113e9,1,0.0239234449760765
1,distress,1,04/09/2008,M113e9,1,0.0047846889952153
1,early,1,04/09/2008,M113e9,1,0.0047846889952153
1,estimate,1,04/09/2008,M113e9,1,0.0047846889952153
1,evidence,2,04/09/2008,M113e9,1,0.0095693779904306
1,fact,1,04/09/2008,M113e9,1,0.0047846889952153
1,fear,2,04/09/2008,M113e9,1,0.0095693779904306
1,first,1,04/09/2008,M113e9,1,0.0047846889952153
1,further,1,04/09/2008,M113e9,1,0.0047846889952153
1,gastrointestinal,2,04/09/2008,M113e9,1,0.0095693779904306
1,genetic,3,04/09/2008,M113e9,1,0.0143540669856459
1,gi,5,04/09/2008,M113e9,1,0.0239234449760765
1,half,1,04/09/2008,M113e9,1,0.0047846889952153
1,hundred,1,04/09/2008,M113e9,1,0.0047846889952153
1,infant,1,04/09/2008,M113e9,1,0.0047846889952153
1,infectious,1,04/09/2008,M113e9,1,0.0047846889952153
1,international,1,04/09/2008,M113e9,1,0.0047846889952153
1,intestine,1,04/09/2008,M113e9,1,0.0047846889952153
1,issue,1,04/09/2008,M113e9,1,0.0047846889952153
1,journal,1,04/09/2008,M113e9,1,0.0047846889952153
1,kid,1,04/09/2008,M113e9,1,0.0047846889952153
1,last,1,04/09/2008,M113e9,1,0.0047846889952153
1,link,3,04/09/2008,M113e9,1,0.0143540669856459
1,many,1,04/09/2008,M113e9,1,0.0047846889952153
1,material,1,04/09/2008,M113e9,1,0.0047846889952153
1,measle,10,04/09/2008,M113e9,1,0.0478468899521531
1,medicine,1,04/09/2008,M113e9,1,0.0047846889952153
1,modern,1,04/09/2008,M113e9,1,0.0047846889952153
1,month,1,04/09/2008,M113e9,1,0.0047846889952153
1,more,1,04/09/2008,M113e9,1,0.0047846889952153
1,mump,1,04/09/2008,M113e9,1,0.0047846889952153
1,nervous,1,04/09/2008,M113e9,1,0.0047846889952153
1,neurologic,1,04/09/2008,M113e9,1,0.0047846889952153
1,new,2,04/09/2008,M113e9,1,0.0095693779904306
1,one,1,04/09/2008,M113e9,1,0.0047846889952153
1,online,1,04/09/2008,M113e9,1,0.0047846889952153
1,other,2,04/09/2008,M113e9,1,0.0095693779904306
1,pain,1,04/09/2008,M113e9,1,0.0047846889952153
1,parent,3,04/09/2008,M113e9,1,0.0143540669856459
1,part,1,04/09/2008,M113e9,1,0.0047846889952153
1,patient,3,04/09/2008,M113e9,1,0.0143540669856459
1,population,1,04/09/2008,M113e9,1,0.0047846889952153
1,precede,1,04/09/2008,M113e9,1,0.0047846889952153
1,problem,2,04/09/2008,M113e9,1,0.0095693779904306
1,product,1,04/09/2008,M113e9,1,0.0047846889952153
1,prominent,1,04/09/2008,M113e9,1,0.0047846889952153
1,quarter,1,04/09/2008,M113e9,1,0.0047846889952153
1,question,1,04/09/2008,M113e9,1,0.0047846889952153
1,rarity,1,04/09/2008,M113e9,1,0.0047846889952153
1,rash,1,04/09/2008,M113e9,1,0.0047846889952153
1,red,1,04/09/2008,M113e9,1,0.0047846889952153
1,relationship,1,04/09/2008,M113e9,1,0.0047846889952153
1,research,2,04/09/2008,M113e9,1,0.0095693779904306
1,researcher,3,04/09/2008,M113e9,1,0.0143540669856459
1,respect,1,04/09/2008,M113e9,1,0.0047846889952153
1,role,1,04/09/2008,M113e9,1,0.0047846889952153
1,rubella,1,04/09/2008,M113e9,1,0.0047846889952153
1,safe,2,04/09/2008,M113e9,1,0.0095693779904306
1,same,1,04/09/2008,M113e9,1,0.0047846889952153
1,sample,2,04/09/2008,M113e9,1,0.0095693779904306
1,serious,1,04/09/2008,M113e9,1,0.0047846889952153
1,sign,1,04/09/2008,M113e9,1,0.0047846889952153
1,significant,1,04/09/2008,M113e9,1,0.0047846889952153
1,similar,1,04/09/2008,M113e9,1,0.0047846889952153
1,skin,1,04/09/2008,M113e9,1,0.0047846889952153
1,son,1,04/09/2008,M113e9,1,0.0047846889952153
1,study,6,04/09/2008,M113e9,1,0.0287081339712918
1,subgroup,1,04/09/2008,M113e9,1,0.0047846889952153
1,suffering,1,04/09/2008,M113e9,1,0.0047846889952153
1,surge,1,04/09/2008,M113e9,1,0.0047846889952153
1,symptom,1,04/09/2008,M113e9,1,0.0047846889952153
1,system,1,04/09/2008,M113e9,1,0.0047846889952153
1,team,2,04/09/2008,M113e9,1,0.0095693779904306
1,technology,1,04/09/2008,M113e9,1,0.0047846889952153
1,test,1,04/09/2008,M113e9,1,0.0047846889952153
1,thousand,1,04/09/2008,M113e9,1,0.0047846889952153
1,tissue,1,04/09/2008,M113e9,1,0.0047846889952153
1,trace,2,04/09/2008,M113e9,1,0.0095693779904306
1,turn,2,04/09/2008,M113e9,1,0.0095693779904306
1,unvaccinated,1,04/09/2008,M113e9,1,0.0047846889952153
1,vaccination,3,04/09/2008,M113e9,1,0.0143540669856459
1,vaccine,10,04/09/2008,M113e9,1,0.0478468899521531
1,virus,7,04/09/2008,M113e9,1,0.0334928229665071
1,waste,1,04/09/2008,M113e9,1,0.0047846889952153
1,work,3,04/09/2008,M113e9,1,0.0143540669856459
1,year,3,04/09/2008,M113e9,1,0.0143540669856459
1,young,2,04/09/2008,M113e9,1,0.0095693779904306
1,youngster,3,04/09/2008,M113e9,1,0.0143540669856459
2,aftermath,1,30/11/2011,M18a98,2,0.0294117647058823
2,american,1,30/11/2011,M18a98,2,0.0294117647058823
2,attraction,2,30/11/2011,M18a98,2,0.0588235294117647
2,building,1,30/11/2011,M18a98,2,0.0294117647058823
2,child,1,30/11/2011,M18a98,2,0.0294117647058823
2,contributor,1,30/11/2011,M18a98,2,0.0294117647058823
2,cult,1,30/11/2011,M18a98,2,0.0294117647058823
2,cyanide,1,30/11/2011,M18a98,2,0.0294117647058823
2,day,1,30/11/2011,M18a98,2,0.0294117647058823
2,dead,1,30/11/2011,M18a98,2,0.0294117647058823
2,death,1,30/11/2011,M18a98,2,0.0294117647058823
2,excerpt,1,30/11/2011,M18a98,2,0.0294117647058823
2,first,1,30/11/2011,M18a98,2,0.0294117647058823
2,follower,1,30/11/2011,M18a98,2,0.0294117647058823
2,government,1,30/11/2011,M18a98,2,0.0294117647058823
2,grim,1,30/11/2011,M18a98,2,0.0294117647058823
2,grisly,1,30/11/2011,M18a98,2,0.0294117647058823
2,history,1,30/11/2011,M18a98,2,0.0294117647058823
2,jonestown,1,30/11/2011,M18a98,2,0.0294117647058823
2,jungle,1,30/11/2011,M18a98,2,0.0294117647058823
2,leader,1,30/11/2011,M18a98,2,0.0294117647058823
2,local,1,30/11/2011,M18a98,2,0.0294117647058823
2,man,1,30/11/2011,M18a98,2,0.0294117647058823
2,massacre,1,30/11/2011,M18a98,2,0.0294117647058823
2,more,1,30/11/2011,M18a98,2,0.0294117647058823
2,program,1,30/11/2011,M18a98,2,0.0294117647058823
2,report,1,30/11/2011,M18a98,2,0.0294117647058823
2,story,1,30/11/2011,M18a98,2,0.0294117647058823
2,superstitious,1,30/11/2011,M18a98,2,0.0294117647058823
2,today,1,30/11/2011,M18a98,2,0.0294117647058823
2,tourist,2,30/11/2011,M18a98,2,0.0588235294117647
2,year,1,30/11/2011,M18a98,2,0.0294117647058823
3,10bn,1,26/05/2020,M0ea6f,3,0.0014064697609001
3,1970,2,26/05/2020,M0ea6f,3,0.0028129395218002
3,1980,1,26/05/2020,M0ea6f,3,0.0014064697609001
3,25bn,1,26/05/2020,M0ea6f,3,0.0014064697609001
3,39bn,2,26/05/2020,M0ea6f,3,0.0028129395218002
3,59th,1,26/05/2020,M0ea6f,3,0.0014064697609001
3,6th,1,26/05/2020,M0ea6f,3,0.0014064697609001
3,70,1,26/05/2020,M0ea6f,3,0.0014064697609001
3,74bn,1,26/05/2020,M0ea6f,3,0.0014064697609001
3,80,1,26/05/2020,M0ea6f,3,0.0014064697609001
3,89bn,1,26/05/2020,M0ea6f,3,0.0014064697609001
3,92nd,1,26/05/2020,M0ea6f,3,0.0014064697609001
3,More,1,26/05/2020,M0ea6f,3,0.0014064697609001
3,able,2,26/05/2020,M0ea6f,3,0.0028129395218002
3,absence,1,26/05/2020,M0ea6f,3,0.0014064697609001
3,accessible,1,26/05/2020,M0ea6f,3,0.0014064697609001
3,additional,1,26/05/2020,M0ea6f,3,0.0014064697609001
3,administration,3,26/05/2020,M0ea6f,3,0.0042194092827004
3,advisory,1,26/05/2020,M0ea6f,3,0.0014064697609001
3,affordable,2,26/05/2020,M0ea6f,3,0.0028129395218002
3,afternoon,1,26/05/2020,M0ea6f,3,0.0014064697609001
3,aid,1,26/05/2020,M0ea6f,3,0.0014064697609001
3,alchemy,1,26/05/2020,M0ea6f,3,0.0014064697609001
3,anchor,1,26/05/2020,M0ea6f,3,0.0014064697609001
3,anew,1,26/05/2020,M0ea6f,3,0.0014064697609001
3,annual,1,26/05/2020,M0ea6f,3,0.0014064697609001
3,antiquated,1,26/05/2020,M0ea6f,3,0.0014064697609001
3,apartment,1,26/05/2020,M0ea6f,3,0.0014064697609001
3,app,1,26/05/2020,M0ea6f,3,0.0014064697609001
3,appeal,1,26/05/2020,M0ea6f,3,0.0014064697609001
3,architecture,1,26/05/2020,M0ea6f,3,0.0014064697609001
3,ardent,1,26/05/2020,M0ea6f,3,0.0014064697609001
3,area,1,26/05/2020,M0ea6f,3,0.0014064697609001
3,art,2,26/05/2020,M0ea6f,3,0.0028129395218002
3,article,1,26/05/2020,M0ea6f,3,0.0014064697609001
3,attack,3,26/05/2020,M0ea6f,3,0.0042194092827004
3,authority,1,26/05/2020,M0ea6f,3,0.0014064697609001
3,bad,3,26/05/2020,M0ea6f,3,0.0042194092827004
3,bailout,1,26/05/2020,M0ea6f,3,0.0014064697609001
3,bankruptcy,1,26/05/2020,M0ea6f,3,0.0014064697609001
3,base,2,26/05/2020,M0ea6f,3,0.0028129395218002
3,basic,1,26/05/2020,M0ea6f,3,0.0014064697609001
3,bastion,1,26/05/2020,M0ea6f,3,0.0014064697609001
3,beautiful,1,26/05/2020,M0ea6f,3,0.0014064697609001
3,big,2,26/05/2020,M0ea6f,3,0.0028129395218002
3,billion,1,26/05/2020,M0ea6f,3,0.0014064697609001
3,billionaire,1,26/05/2020,M0ea6f,3,0.0014064697609001
3,bluestate,1,26/05/2020,M0ea6f,3,0.0014064697609001
3,breakpoint,1,26/05/2020,M0ea6f,3,0.0014064697609001
3,brutal,1,26/05/2020,M0ea6f,3,0.0014064697609001
3,budget,2,26/05/2020,M0ea6f,3,0.0028129395218002
3,building,1,26/05/2020,M0ea6f,3,0.0014064697609001
3,burden,1,26/05/2020,M0ea6f,3,0.0014064697609001
3,business,5,26/05/2020,M0ea6f,3,0.0070323488045007
3,button,1,26/05/2020,M0ea6f,3,0.0014064697609001
3,cake,1,26/05/2020,M0ea6f,3,0.0014064697609001
3,campaign,1,26/05/2020,M0ea6f,3,0.0014064697609001
3,capital,1,26/05/2020,M0ea6f,3,0.0014064697609001
3,car,1,26/05/2020,M0ea6f,3,0.0014064697609001
3,careful,1,26/05/2020,M0ea6f,3,0.0014064697609001
3,case,1,26/05/2020,M0ea6f,3,0.0014064697609001
3,catastrophe,1,26/05/2020,M0ea6f,3,0.0014064697609001
3,cent,2,26/05/2020,M0ea6f,3,0.0028129395218002
3,centre,1,26/05/2020,M0ea6f,3,0.0014064697609001
3,certain,1,26/05/2020,M0ea6f,3,0.0014064697609001
3,chairman,1,26/05/2020,M0ea6f,3,0.0014064697609001
3,challenge,2,26/05/2020,M0ea6f,3,0.0028129395218002
3,challenging,1,26/05/2020,M0ea6f,3,0.0014064697609001
3,champagne,1,26/05/2020,M0ea6f,3,0.0014064697609001
3,chance,2,26/05/2020,M0ea6f,3,0.0028129395218002
3,characteristic,1,26/05/2020,M0ea6f,3,0.0014064697609001
3,charitable,1,26/05/2020,M0ea6f,3,0.0014064697609001
3,cheap,2,26/05/2020,M0ea6f,3,0.0028129395218002
3,cheaper,1,26/05/2020,M0ea6f,3,0.0014064697609001
3,cheapmoney,1,26/05/2020,M0ea6f,3,0.0014064697609001
3,chef,1,26/05/2020,M0ea6f,3,0.0014064697609001
3,chief,1,26/05/2020,M0ea6f,3,0.0014064697609001
3,circle,1,26/05/2020,M0ea6f,3,0.0014064697609001
3,circulatory,1,26/05/2020,M0ea6f,3,0.0014064697609001
3,city,24,26/05/2020,M0ea6f,3,0.0337552742616033
3,citys,6,26/05/2020,M0ea6f,3,0.0084388185654008
3,civic,2,26/05/2020,M0ea6f,3,0.0028129395218002
3,class,1,26/05/2020,M0ea6f,3,0.0014064697609001
3,cleaner,1,26/05/2020,M0ea6f,3,0.0014064697609001
3,cleaning,1,26/05/2020,M0ea6f,3,0.0014064697609001
3,cleanliness,1,26/05/2020,M0ea6f,3,0.0014064697609001
3,collaboration,1,26/05/2020,M0ea6f,3,0.0014064697609001
3,community,2,26/05/2020,M0ea6f,3,0.0028129395218002
3,company,1,26/05/2020,M0ea6f,3,0.0014064697609001
3,complicated,1,26/05/2020,M0ea6f,3,0.0014064697609001
3,conclusion,1,26/05/2020,M0ea6f,3,0.0014064697609001
3,confidence,1,26/05/2020,M0ea6f,3,0.0014064697609001
3,consensus,1,26/05/2020,M0ea6f,3,0.0014064697609001
3,consequential,1,26/05/2020,M0ea6f,3,0.0014064697609001
3,constructive,1,26/05/2020,M0ea6f,3,0.0014064697609001
3,convenient,1,26/05/2020,M0ea6f,3,0.0014064697609001
3,convention,1,26/05/2020,M0ea6f,3,0.0014064697609001
3,coronavirus,4,26/05/2020,M0ea6f,3,0.0056258790436005
3,cost,2,26/05/2020,M0ea6f,3,0.0028129395218002
3,course,1,26/05/2020,M0ea6f,3,0.0014064697609001
3,crash,2,26/05/2020,M0ea6f,3,0.0028129395218002
3,credit,1,26/05/2020,M0ea6f,3,0.0014064697609001
3,crisis,7,26/05/2020,M0ea6f,3,0.0098452883263009
3,critical,1,26/05/2020,M0ea6f,3,0.0014064697609001
3,crowded,1,26/05/2020,M0ea6f,3,0.0014064697609001
3,cultural,2,26/05/2020,M0ea6f,3,0.0028129395218002
3,culture,3,26/05/2020,M0ea6f,3,0.0042194092827004
3,cut,2,26/05/2020,M0ea6f,3,0.0028129395218002
3,darker,1,26/05/2020,M0ea6f,3,0.0014064697609001
3,daughter,2,26/05/2020,M0ea6f,3,0.0028129395218002
3,day,4,26/05/2020,M0ea6f,3,0.0056258790436005
3,death,1,26/05/2020,M0ea6f,3,0.0014064697609001
3,decade,1,26/05/2020,M0ea6f,3,0.0014064697609001
3,decay,1,26/05/2020,M0ea6f,3,0.0014064697609001
3,decision,1,26/05/2020,M0ea6f,3,0.0014064697609001
3,decontamination,1,26/05/2020,M0ea6f,3,0.0014064697609001
3,deep,1,26/05/2020,M0ea6f,3,0.0014064697609001
3,delivery,1,26/05/2020,M0ea6f,3,0.0014064697609001
3,density,5,26/05/2020,M0ea6f,3,0.0070323488045007
3,dependence,1,26/05/2020,M0ea6f,3,0.0014064697609001
3,depth,1,26/05/2020,M0ea6f,3,0.0014064697609001
3,design,1,26/05/2020,M0ea6f,3,0.0014064697609001
3,devastating,2,26/05/2020,M0ea6f,3,0.0028129395218002
3,developer,3,26/05/2020,M0ea6f,3,0.0042194092827004
3,development,3,26/05/2020,M0ea6f,3,0.0042194092827004
3,different,1,26/05/2020,M0ea6f,3,0.0014064697609001
3,difficult,1,26/05/2020,M0ea6f,3,0.0014064697609001
3,direct,1,26/05/2020,M0ea6f,3,0.0014064697609001
3,disaster,1,26/05/2020,M0ea6f,3,0.0014064697609001
3,disparity,1,26/05/2020,M0ea6f,3,0.0014064697609001
3,divisive,1,26/05/2020,M0ea6f,3,0.0014064697609001
3,dollar,2,26/05/2020,M0ea6f,3,0.0028129395218002
3,done,1,26/05/2020,M0ea6f,3,0.0014064697609001
3,doomsayer,1,26/05/2020,M0ea6f,3,0.0014064697609001
3,door,1,26/05/2020,M0ea6f,3,0.0014064697609001
3,doubt,1,26/05/2020,M0ea6f,3,0.0014064697609001
3,downtown,1,26/05/2020,M0ea6f,3,0.0014064697609001
3,downturn,1,26/05/2020,M0ea6f,3,0.0014064697609001
3,driver,1,26/05/2020,M0ea6f,3,0.0014064697609001
3,drove,1,26/05/2020,M0ea6f,3,0.0014064697609001
3,easy,1,26/05/2020,M0ea6f,3,0.0014064697609001
3,economic,3,26/05/2020,M0ea6f,3,0.0042194092827004
3,economy,1,26/05/2020,M0ea6f,3,0.0014064697609001
3,elder,1,26/05/2020,M0ea6f,3,0.0014064697609001
3,elevator,1,26/05/2020,M0ea6f,3,0.0014064697609001
3,emergency,1,26/05/2020,M0ea6f,3,0.0014064697609001
3,employer,1,26/05/2020,M0ea6f,3,0.0014064697609001
3,empty,1,26/05/2020,M0ea6f,3,0.0014064697609001
3,end,1,26/05/2020,M0ea6f,3,0.0014064697609001
3,era,1,26/05/2020,M0ea6f,3,0.0014064697609001
3,essential,2,26/05/2020,M0ea6f,3,0.0028129395218002
3,estate,1,26/05/2020,M0ea6f,3,0.0014064697609001
3,everpresent,1,26/05/2020,M0ea6f,3,0.0014064697609001
3,example,2,26/05/2020,M0ea6f,3,0.0028129395218002
3,executive,2,26/05/2020,M0ea6f,3,0.0028129395218002
3,exodus,1,26/05/2020,M0ea6f,3,0.0014064697609001
3,expense,1,26/05/2020,M0ea6f,3,0.0014064697609001
3,expensive,1,26/05/2020,M0ea6f,3,0.0014064697609001
3,experience,1,26/05/2020,M0ea6f,3,0.0014064697609001
3,eye,1,26/05/2020,M0ea6f,3,0.0014064697609001
3,failure,1,26/05/2020,M0ea6f,3,0.0014064697609001
3,faith,2,26/05/2020,M0ea6f,3,0.0028129395218002
3,fare,1,26/05/2020,M0ea6f,3,0.0014064697609001
3,fatality,1,26/05/2020,M0ea6f,3,0.0014064697609001
3,fear,3,26/05/2020,M0ea6f,3,0.0042194092827004
3,federal,2,26/05/2020,M0ea6f,3,0.0028129395218002
3,few,1,26/05/2020,M0ea6f,3,0.0014064697609001
3,field,1,26/05/2020,M0ea6f,3,0.0014064697609001
3,figure,1,26/05/2020,M0ea6f,3,0.0014064697609001
3,finance,1,26/05/2020,M0ea6f,3,0.0014064697609001
3,financial,4,26/05/2020,M0ea6f,3,0.0056258790436005
3,firm,1,26/05/2020,M0ea6f,3,0.0014064697609001
3,first,1,26/05/2020,M0ea6f,3,0.0014064697609001
3,firstclass,1,26/05/2020,M0ea6f,3,0.0014064697609001
3,fiscal,4,26/05/2020,M0ea6f,3,0.0056258790436005
3,fix,1,26/05/2020,M0ea6f,3,0.0014064697609001
3,flight,1,26/05/2020,M0ea6f,3,0.0014064697609001
3,flood,1,26/05/2020,M0ea6f,3,0.0014064697609001
3,flow,1,26/05/2020,M0ea6f,3,0.0014064697609001
3,focus,1,26/05/2020,M0ea6f,3,0.0014064697609001
3,foot,1,26/05/2020,M0ea6f,3,0.0014064697609001
3,force,2,26/05/2020,M0ea6f,3,0.0028129395218002
3,former,1,26/05/2020,M0ea6f,3,0.0014064697609001
3,free,1,26/05/2020,M0ea6f,3,0.0014064697609001
3,frontline,1,26/05/2020,M0ea6f,3,0.0014064697609001
3,fund,1,26/05/2020,M0ea6f,3,0.0014064697609001
3,funding,1,26/05/2020,M0ea6f,3,0.0014064697609001
3,future,3,26/05/2020,M0ea6f,3,0.0042194092827004
3,gallery,1,26/05/2020,M0ea6f,3,0.0014064697609001
3,gamechanger,1,26/05/2020,M0ea6f,3,0.0014064697609001
3,generation,3,26/05/2020,M0ea6f,3,0.0042194092827004
3,ghost,1,26/05/2020,M0ea6f,3,0.0014064697609001
3,giant,1,26/05/2020,M0ea6f,3,0.0014064697609001
3,global,1,26/05/2020,M0ea6f,3,0.0014064697609001
3,good,1,26/05/2020,M0ea6f,3,0.0014064697609001
3,government,5,26/05/2020,M0ea6f,3,0.0070323488045007
3,governor,1,26/05/2020,M0ea6f,3,0.0014064697609001
3,great,1,26/05/2020,M0ea6f,3,0.0014064697609001
3,gritty,1,26/05/2020,M0ea6f,3,0.0014064697609001
3,group,2,26/05/2020,M0ea6f,3,0.0028129395218002
3,guard,1,26/05/2020,M0ea6f,3,0.0014064697609001
3,gunpoint,1,26/05/2020,M0ea6f,3,0.0014064697609001
3,hastilyerected,1,26/05/2020,M0ea6f,3,0.0014064697609001
3,head,1,26/05/2020,M0ea6f,3,0.0014064697609001
3,headquarters,1,26/05/2020,M0ea6f,3,0.0014064697609001
3,health,1,26/05/2020,M0ea6f,3,0.0014064697609001
3,heavy,1,26/05/2020,M0ea6f,3,0.0014064697609001
3,high,1,26/05/2020,M0ea6f,3,0.0014064697609001
3,hightax,1,26/05/2020,M0ea6f,3,0.0014064697609001
3,history,3,26/05/2020,M0ea6f,3,0.0042194092827004
3,hole,1,26/05/2020,M0ea6f,3,0.0014064697609001
3,hope,3,26/05/2020,M0ea6f,3,0.0042194092827004
3,hospital,1,26/05/2020,M0ea6f,3,0.0014064697609001
3,hostility,1,26/05/2020,M0ea6f,3,0.0014064697609001
3,housing,2,26/05/2020,M0ea6f,3,0.0028129395218002
3,hub,1,26/05/2020,M0ea6f,3,0.0014064697609001
3,huge,1,26/05/2020,M0ea6f,3,0.0014064697609001
3,hundred,1,26/05/2020,M0ea6f,3,0.0014064697609001
3,hurricane,1,26/05/2020,M0ea6f,3,0.0014064697609001
3,icing,1,26/05/2020,M0ea6f,3,0.0014064697609001
3,immediate,1,26/05/2020,M0ea6f,3,0.0014064697609001
3,impact,1,26/05/2020,M0ea6f,3,0.0014064697609001
3,impossible,1,26/05/2020,M0ea6f,3,0.0014064697609001
3,inch,1,26/05/2020,M0ea6f,3,0.0014064697609001
3,inclined,1,26/05/2020,M0ea6f,3,0.0014064697609001
3,indignity,1,26/05/2020,M0ea6f,3,0.0014064697609001
3,industry,2,26/05/2020,M0ea6f,3,0.0028129395218002
3,inequity,1,26/05/2020,M0ea6f,3,0.0014064697609001
3,infection,1,26/05/2020,M0ea6f,3,0.0014064697609001
3,infusion,1,26/05/2020,M0ea6f,3,0.0014064697609001
3,institution,1,26/05/2020,M0ea6f,3,0.0014064697609001
3,intellectual,1,26/05/2020,M0ea6f,3,0.0014064697609001
3,interest,1,26/05/2020,M0ea6f,3,0.0014064697609001
3,internal,1,26/05/2020,M0ea6f,3,0.0014064697609001
3,interval,1,26/05/2020,M0ea6f,3,0.0014064697609001
3,investment,2,26/05/2020,M0ea6f,3,0.0028129395218002
3,job,1,26/05/2020,M0ea6f,3,0.0014064697609001
3,key,1,26/05/2020,M0ea6f,3,0.0014064697609001
3,kitchen,1,26/05/2020,M0ea6f,3,0.0014064697609001
3,large,3,26/05/2020,M0ea6f,3,0.0042194092827004
3,last,2,26/05/2020,M0ea6f,3,0.0028129395218002
3,late,1,26/05/2020,M0ea6f,3,0.0014064697609001
3,launch,1,26/05/2020,M0ea6f,3,0.0014064697609001
3,leader,3,26/05/2020,M0ea6f,3,0.0042194092827004
3,least,1,26/05/2020,M0ea6f,3,0.0014064697609001
3,less,2,26/05/2020,M0ea6f,3,0.0028129395218002
3,life,3,26/05/2020,M0ea6f,3,0.0042194092827004
3,like,1,26/05/2020,M0ea6f,3,0.0014064697609001
3,liquidity,1,26/05/2020,M0ea6f,3,0.0014064697609001
3,longerlasting,1,26/05/2020,M0ea6f,3,0.0014064697609001
3,magnetic,1,26/05/2020,M0ea6f,3,0.0014064697609001
3,majority,1,26/05/2020,M0ea6f,3,0.0014064697609001
3,mall,1,26/05/2020,M0ea6f,3,0.0014064697609001
3,many,3,26/05/2020,M0ea6f,3,0.0042194092827004
3,market,1,26/05/2020,M0ea6f,3,0.0014064697609001
3,matter,2,26/05/2020,M0ea6f,3,0.0028129395218002
3,mayor,2,26/05/2020,M0ea6f,3,0.0028129395218002
3,meal,1,26/05/2020,M0ea6f,3,0.0014064697609001
3,mean,1,26/05/2020,M0ea6f,3,0.0014064697609001
3,member,2,26/05/2020,M0ea6f,3,0.0028129395218002
3,metropolis,1,26/05/2020,M0ea6f,3,0.0014064697609001
3,million,1,26/05/2020,M0ea6f,3,0.0014064697609001
3,modern,3,26/05/2020,M0ea6f,3,0.0042194092827004
3,moment,2,26/05/2020,M0ea6f,3,0.0028129395218002
3,month,3,26/05/2020,M0ea6f,3,0.0042194092827004
3,more,6,26/05/2020,M0ea6f,3,0.0084388185654008
3,morgue,1,26/05/2020,M0ea6f,3,0.0014064697609001
3,motion,1,26/05/2020,M0ea6f,3,0.0014064697609001
3,mould,1,26/05/2020,M0ea6f,3,0.0014064697609001
3,murder,1,26/05/2020,M0ea6f,3,0.0014064697609001
3,museum,1,26/05/2020,M0ea6f,3,0.0014064697609001
3,nation,1,26/05/2020,M0ea6f,3,0.0014064697609001
3,nearby,1,26/05/2020,M0ea6f,3,0.0014064697609001
3,need,1,26/05/2020,M0ea6f,3,0.0014064697609001
3,neighbourhood,1,26/05/2020,M0ea6f,3,0.0014064697609001
3,nettlesome,1,26/05/2020,M0ea6f,3,0.0014064697609001
3,new,7,26/05/2020,M0ea6f,3,0.0098452883263009
3,next,5,26/05/2020,M0ea6f,3,0.0070323488045007
3,nightfall,1,26/05/2020,M0ea6f,3,0.0014064697609001
3,note,1,26/05/2020,M0ea6f,3,0.0014064697609001
3,office,5,26/05/2020,M0ea6f,3,0.0070323488045007
3,offlimit,1,26/05/2020,M0ea6f,3,0.0014064697609001
3,old,1,26/05/2020,M0ea6f,3,0.0014064697609001
3,one,3,26/05/2020,M0ea6f,3,0.0042194092827004
3,onetime,1,26/05/2020,M0ea6f,3,0.0014064697609001
3,online,1,26/05/2020,M0ea6f,3,0.0014064697609001
3,only,1,26/05/2020,M0ea6f,3,0.0014064697609001
3,opportunity,2,26/05/2020,M0ea6f,3,0.0028129395218002
3,other,13,26/05/2020,M0ea6f,3,0.0182841068917018
3,outbreak,1,26/05/2020,M0ea6f,3,0.0014064697609001
3,overabundance,1,26/05/2020,M0ea6f,3,0.0014064697609001
3,overheated,1,26/05/2020,M0ea6f,3,0.0014064697609001
3,own,2,26/05/2020,M0ea6f,3,0.0028129395218002
3,oyster,1,26/05/2020,M0ea6f,3,0.0014064697609001
3,pandemic,2,26/05/2020,M0ea6f,3,0.0028129395218002
3,partisan,1,26/05/2020,M0ea6f,3,0.0014064697609001
3,partner,1,26/05/2020,M0ea6f,3,0.0014064697609001
3,party,1,26/05/2020,M0ea6f,3,0.0014064697609001
3,passenger,1,26/05/2020,M0ea6f,3,0.0014064697609001
3,patient,1,26/05/2020,M0ea6f,3,0.0014064697609001
3,payroll,1,26/05/2020,M0ea6f,3,0.0014064697609001
3,pendulum,1,26/05/2020,M0ea6f,3,0.0014064697609001
3,people,2,26/05/2020,M0ea6f,3,0.0028129395218002
3,per,1,26/05/2020,M0ea6f,3,0.0014064697609001
3,periodic,1,26/05/2020,M0ea6f,3,0.0014064697609001
3,phase,1,26/05/2020,M0ea6f,3,0.0014064697609001
3,place,3,26/05/2020,M0ea6f,3,0.0042194092827004
3,plague,1,26/05/2020,M0ea6f,3,0.0014064697609001
3,plan,1,26/05/2020,M0ea6f,3,0.0014064697609001
3,plea,1,26/05/2020,M0ea6f,3,0.0014064697609001
3,policy,2,26/05/2020,M0ea6f,3,0.0028129395218002
3,politic,1,26/05/2020,M0ea6f,3,0.0014064697609001
3,poor,1,26/05/2020,M0ea6f,3,0.0014064697609001
3,population,2,26/05/2020,M0ea6f,3,0.0028129395218002
3,position,1,26/05/2020,M0ea6f,3,0.0014064697609001
3,possibility,1,26/05/2020,M0ea6f,3,0.0014064697609001
3,postal,1,26/05/2020,M0ea6f,3,0.0014064697609001
3,power,1,26/05/2020,M0ea6f,3,0.0014064697609001
3,president,1,26/05/2020,M0ea6f,3,0.0014064697609001
3,progressive,1,26/05/2020,M0ea6f,3,0.0014064697609001
3,property,2,26/05/2020,M0ea6f,3,0.0028129395218002
3,prying,1,26/05/2020,M0ea6f,3,0.0014064697609001
3,psychological,1,26/05/2020,M0ea6f,3,0.0014064697609001
3,public,5,26/05/2020,M0ea6f,3,0.0070323488045007
3,pull,1,26/05/2020,M0ea6f,3,0.0014064697609001
3,purpose,1,26/05/2020,M0ea6f,3,0.0014064697609001
3,quality,1,26/05/2020,M0ea6f,3,0.0014064697609001
3,quick,1,26/05/2020,M0ea6f,3,0.0014064697609001
3,race,1,26/05/2020,M0ea6f,3,0.0014064697609001
3,radow,1,26/05/2020,M0ea6f,3,0.0014064697609001
3,rare,1,26/05/2020,M0ea6f,3,0.0014064697609001
3,rate,1,26/05/2020,M0ea6f,3,0.0014064697609001
3,real,2,26/05/2020,M0ea6f,3,0.0028129395218002
3,recent,1,26/05/2020,M0ea6f,3,0.0014064697609001
3,reckoning,1,26/05/2020,M0ea6f,3,0.0014064697609001
3,recovery,1,26/05/2020,M0ea6f,3,0.0014064697609001
3,reflexive,1,26/05/2020,M0ea6f,3,0.0014064697609001
3,reform,1,26/05/2020,M0ea6f,3,0.0014064697609001
3,regime,1,26/05/2020,M0ea6f,3,0.0014064697609001
3,regulation,1,26/05/2020,M0ea6f,3,0.0014064697609001
3,reliance,1,26/05/2020,M0ea6f,3,0.0014064697609001
3,reminder,1,26/05/2020,M0ea6f,3,0.0014064697609001
3,remote,1,26/05/2020,M0ea6f,3,0.0014064697609001
3,rent,2,26/05/2020,M0ea6f,3,0.0028129395218002
3,reopening,1,26/05/2020,M0ea6f,3,0.0014064697609001
3,resentment,1,26/05/2020,M0ea6f,3,0.0014064697609001
3,reset,1,26/05/2020,M0ea6f,3,0.0014064697609001
3,resident,1,26/05/2020,M0ea6f,3,0.0014064697609001
3,resilience,1,26/05/2020,M0ea6f,3,0.0014064697609001
3,response,1,26/05/2020,M0ea6f,3,0.0014064697609001
3,restaurant,1,26/05/2020,M0ea6f,3,0.0014064697609001
3,retail,1,26/05/2020,M0ea6f,3,0.0014064697609001
3,retailer,1,26/05/2020,M0ea6f,3,0.0014064697609001
3,revenue,2,26/05/2020,M0ea6f,3,0.0028129395218002
3,reversion,1,26/05/2020,M0ea6f,3,0.0014064697609001
3,reviewer,1,26/05/2020,M0ea6f,3,0.0014064697609001
3,revival,1,26/05/2020,M0ea6f,3,0.0014064697609001
3,rich,1,26/05/2020,M0ea6f,3,0.0014064697609001
3,ridership,1,26/05/2020,M0ea6f,3,0.0014064697609001
3,rise,1,26/05/2020,M0ea6f,3,0.0014064697609001
3,risktaker,1,26/05/2020,M0ea6f,3,0.0014064697609001
3,role,1,26/05/2020,M0ea6f,3,0.0014064697609001
3,safe,2,26/05/2020,M0ea6f,3,0.0028129395218002
3,safety,1,26/05/2020,M0ea6f,3,0.0014064697609001
3,same,2,26/05/2020,M0ea6f,3,0.0028129395218002
3,science,1,26/05/2020,M0ea6f,3,0.0014064697609001
3,scrub,1,26/05/2020,M0ea6f,3,0.0014064697609001
3,sculpture,1,26/05/2020,M0ea6f,3,0.0014064697609001
3,second,1,26/05/2020,M0ea6f,3,0.0014064697609001
3,sector,1,26/05/2020,M0ea6f,3,0.0014064697609001
3,security,1,26/05/2020,M0ea6f,3,0.0014064697609001
3,selfdescribed,1,26/05/2020,M0ea6f,3,0.0014064697609001
3,senior,1,26/05/2020,M0ea6f,3,0.0014064697609001
3,sense,2,26/05/2020,M0ea6f,3,0.0028129395218002
3,service,2,26/05/2020,M0ea6f,3,0.0028129395218002
3,shard,1,26/05/2020,M0ea6f,3,0.0014064697609001
3,shopping,1,26/05/2020,M0ea6f,3,0.0014064697609001
3,shortfall,1,26/05/2020,M0ea6f,3,0.0014064697609001
3,shutdown,1,26/05/2020,M0ea6f,3,0.0014064697609001
3,side,2,26/05/2020,M0ea6f,3,0.0028129395218002
3,sight,1,26/05/2020,M0ea6f,3,0.0014064697609001
3,single,1,26/05/2020,M0ea6f,3,0.0014064697609001
3,situation,1,26/05/2020,M0ea6f,3,0.0014064697609001
3,sixfoot,1,26/05/2020,M0ea6f,3,0.0014064697609001
3,skyhigh,1,26/05/2020,M0ea6f,3,0.0014064697609001
3,small,1,26/05/2020,M0ea6f,3,0.0014064697609001
3,smartphone,1,26/05/2020,M0ea6f,3,0.0014064697609001
3,social,1,26/05/2020,M0ea6f,3,0.0014064697609001
3,soft,1,26/05/2020,M0ea6f,3,0.0014064697609001
3,soldier,1,26/05/2020,M0ea6f,3,0.0014064697609001
3,sort,1,26/05/2020,M0ea6f,3,0.0014064697609001
3,soup,1,26/05/2020,M0ea6f,3,0.0014064697609001
3,source,1,26/05/2020,M0ea6f,3,0.0014064697609001
3,space,3,26/05/2020,M0ea6f,3,0.0042194092827004
3,spot,1,26/05/2020,M0ea6f,3,0.0014064697609001
3,state,2,26/05/2020,M0ea6f,3,0.0028129395218002
3,steady,1,26/05/2020,M0ea6f,3,0.0014064697609001
3,stock,1,26/05/2020,M0ea6f,3,0.0014064697609001
3,storefront,1,26/05/2020,M0ea6f,3,0.0014064697609001
3,story,1,26/05/2020,M0ea6f,3,0.0014064697609001
3,stream,2,26/05/2020,M0ea6f,3,0.0028129395218002
3,strong,1,26/05/2020,M0ea6f,3,0.0014064697609001
3,struggle,1,26/05/2020,M0ea6f,3,0.0014064697609001
3,subway,3,26/05/2020,M0ea6f,3,0.0042194092827004
3,success,1,26/05/2020,M0ea6f,3,0.0014064697609001
3,successor,1,26/05/2020,M0ea6f,3,0.0014064697609001
3,such,2,26/05/2020,M0ea6f,3,0.0028129395218002
3,sum,1,26/05/2020,M0ea6f,3,0.0014064697609001
3,support,1,26/05/2020,M0ea6f,3,0.0014064697609001
3,supporter,1,26/05/2020,M0ea6f,3,0.0014064697609001
3,sustained,1,26/05/2020,M0ea6f,3,0.0014064697609001
3,sympathy,1,26/05/2020,M0ea6f,3,0.0014064697609001
3,system,5,26/05/2020,M0ea6f,3,0.0070323488045007
3,tableau,1,26/05/2020,M0ea6f,3,0.0014064697609001
3,talent,4,26/05/2020,M0ea6f,3,0.0056258790436005
3,task,1,26/05/2020,M0ea6f,3,0.0014064697609001
3,taste,1,26/05/2020,M0ea6f,3,0.0014064697609001
3,tax,1,26/05/2020,M0ea6f,3,0.0014064697609001
3,taxis,3,26/05/2020,M0ea6f,3,0.0042194092827004
3,tech,1,26/05/2020,M0ea6f,3,0.0014064697609001
3,technology,2,26/05/2020,M0ea6f,3,0.0028129395218002
3,tenant,2,26/05/2020,M0ea6f,3,0.0028129395218002
3,term,1,26/05/2020,M0ea6f,3,0.0014064697609001
3,terror,1,26/05/2020,M0ea6f,3,0.0014064697609001
3,terrorist,1,26/05/2020,M0ea6f,3,0.0014064697609001
3,tester,1,26/05/2020,M0ea6f,3,0.0014064697609001
3,testing,1,26/05/2020,M0ea6f,3,0.0014064697609001
3,thing,1,26/05/2020,M0ea6f,3,0.0014064697609001
3,third,1,26/05/2020,M0ea6f,3,0.0014064697609001
3,thirdgeneration,1,26/05/2020,M0ea6f,3,0.0014064697609001
3,threat,1,26/05/2020,M0ea6f,3,0.0014064697609001
3,time,8,26/05/2020,M0ea6f,3,0.0112517580872011
3,toll,1,26/05/2020,M0ea6f,3,0.0014064697609001
3,top,1,26/05/2020,M0ea6f,3,0.0014064697609001
3,tourism,1,26/05/2020,M0ea6f,3,0.0014064697609001
3,tourist,2,26/05/2020,M0ea6f,3,0.0028129395218002
3,town,1,26/05/2020,M0ea6f,3,0.0014064697609001
3,traffic,1,26/05/2020,M0ea6f,3,0.0014064697609001
3,transport,1,26/05/2020,M0ea6f,3,0.0014064697609001
3,trapping,1,26/05/2020,M0ea6f,3,0.0014064697609001
3,treatment,1,26/05/2020,M0ea6f,3,0.0014064697609001
3,trepidation,1,26/05/2020,M0ea6f,3,0.0014064697609001
3,trick,1,26/05/2020,M0ea6f,3,0.0014064697609001
3,tristate,1,26/05/2020,M0ea6f,3,0.0014064697609001
3,troubling,1,26/05/2020,M0ea6f,3,0.0014064697609001
3,turn,1,26/05/2020,M0ea6f,3,0.0014064697609001
3,twobedroom,1,26/05/2020,M0ea6f,3,0.0014064697609001
3,ugly,1,26/05/2020,M0ea6f,3,0.0014064697609001
3,unable,1,26/05/2020,M0ea6f,3,0.0014064697609001
3,uncertainty,1,26/05/2020,M0ea6f,3,0.0014064697609001
3,underground,1,26/05/2020,M0ea6f,3,0.0014064697609001
3,undertaking,1,26/05/2020,M0ea6f,3,0.0014064697609001
3,unemployment,1,26/05/2020,M0ea6f,3,0.0014064697609001
3,unimaginable,1,26/05/2020,M0ea6f,3,0.0014064697609001
3,unique,2,26/05/2020,M0ea6f,3,0.0028129395218002
3,unused,1,26/05/2020,M0ea6f,3,0.0014064697609001
3,urban,2,26/05/2020,M0ea6f,3,0.0028129395218002
3,vaccine,2,26/05/2020,M0ea6f,3,0.0028129395218002
3,value,1,26/05/2020,M0ea6f,3,0.0014064697609001
3,various,1,26/05/2020,M0ea6f,3,0.0014064697609001
3,vast,1,26/05/2020,M0ea6f,3,0.0014064697609001
3,versailleslike,1,26/05/2020,M0ea6f,3,0.0014064697609001
3,very,1,26/05/2020,M0ea6f,3,0.0014064697609001
3,veteran,1,26/05/2020,M0ea6f,3,0.0014064697609001
3,viability,1,26/05/2020,M0ea6f,3,0.0014064697609001
3,vibrant,1,26/05/2020,M0ea6f,3,0.0014064697609001
3,vintage,1,26/05/2020,M0ea6f,3,0.0014064697609001
3,virtuous,1,26/05/2020,M0ea6f,3,0.0014064697609001
3,virus,3,26/05/2020,M0ea6f,3,0.0042194092827004
3,vulnerability,1,26/05/2020,M0ea6f,3,0.0014064697609001
3,vulnerable,1,26/05/2020,M0ea6f,3,0.0014064697609001
3,wake,1,26/05/2020,M0ea6f,3,0.0014064697609001
3,way,4,26/05/2020,M0ea6f,3,0.0056258790436005
3,wealthy,1,26/05/2020,M0ea6f,3,0.0014064697609001
3,week,1,26/05/2020,M0ea6f,3,0.0014064697609001
3,well,1,26/05/2020,M0ea6f,3,0.0014064697609001
3,west,1,26/05/2020,M0ea6f,3,0.0014064697609001
3,widespread,1,26/05/2020,M0ea6f,3,0.0014064697609001
3,worker,2,26/05/2020,M0ea6f,3,0.0028129395218002
3,workforce,1,26/05/2020,M0ea6f,3,0.0014064697609001
3,world,4,26/05/2020,M0ea6f,3,0.0056258790436005
3,wreckage,1,26/05/2020,M0ea6f,3,0.0014064697609001
3,wrong,1,26/05/2020,M0ea6f,3,0.0014064697609001
3,year,5,26/05/2020,M0ea6f,3,0.0070323488045007
4,access,3,26/09/2019,M137b1,4,0.0461538461538461
4,balanced,1,26/09/2019,M137b1,4,0.0153846153846153
4,clarity,1,26/09/2019,M137b1,4,0.0153846153846153
4,company,2,26/09/2019,M137b1,4,0.0307692307692307
4,concept,1,26/09/2019,M137b1,4,0.0153846153846153
4,decisionmaker,1,26/09/2019,M137b1,4,0.0153846153846153
4,difference,1,26/09/2019,M137b1,4,0.0153846153846153
4,different,1,26/09/2019,M137b1,4,0.0153846153846153
4,drug,3,26/09/2019,M137b1,4,0.0461538461538461
4,evolve,1,26/09/2019,M137b1,4,0.0153846153846153
4,factor,2,26/09/2019,M137b1,4,0.0307692307692307
4,full,1,26/09/2019,M137b1,4,0.0153846153846153
4,future,1,26/09/2019,M137b1,4,0.0153846153846153
4,global,1,26/09/2019,M137b1,4,0.0153846153846153
4,government,1,26/09/2019,M137b1,4,0.0153846153846153
4,host,1,26/09/2019,M137b1,4,0.0153846153846153
4,innovative,1,26/09/2019,M137b1,4,0.0153846153846153
4,landscape,2,26/09/2019,M137b1,4,0.0307692307692307
4,low,1,26/09/2019,M137b1,4,0.0153846153846153
4,market,4,26/09/2019,M137b1,4,0.0615384615384615
4,model,1,26/09/2019,M137b1,4,0.0153846153846153
4,more,1,26/09/2019,M137b1,4,0.0153846153846153
4,much,1,26/09/2019,M137b1,4,0.0153846153846153
4,new,1,26/09/2019,M137b1,4,0.0153846153846153
4,patient,2,26/09/2019,M137b1,4,0.0307692307692307
4,pbm,1,26/09/2019,M137b1,4,0.0153846153846153
4,perspective,1,26/09/2019,M137b1,4,0.0153846153846153
4,pharma,1,26/09/2019,M137b1,4,0.0153846153846153
4,pharmaceutical,1,26/09/2019,M137b1,4,0.0153846153846153
4,power,1,26/09/2019,M137b1,4,0.0153846153846153
4,price,2,26/09/2019,M137b1,4,0.0307692307692307
4,pricing,7,26/09/2019,M137b1,4,0.1076923076923077
4,product,1,26/09/2019,M137b1,4,0.0153846153846153
4,provider,1,26/09/2019,M137b1,4,0.0153846153846153
4,reality,1,26/09/2019,M137b1,4,0.0153846153846153
4,rebate,1,26/09/2019,M137b1,4,0.0153846153846153
4,revolutionary,1,26/09/2019,M137b1,4,0.0153846153846153
4,same,1,26/09/2019,M137b1,4,0.0153846153846153
4,spectrum,1,26/09/2019,M137b1,4,0.0153846153846153
4,stakeholder,2,26/09/2019,M137b1,4,0.0307692307692307
4,strategy,1,26/09/2019,M137b1,4,0.0153846153846153
4,system,1,26/09/2019,M137b1,4,0.0153846153846153
4,therapy,1,26/09/2019,M137b1,4,0.0153846153846153
4,time,1,26/09/2019,M137b1,4,0.0153846153846153
4,transition,1,26/09/2019,M137b1,4,0.0153846153846153
4,work,1,26/09/2019,M137b1,4,0.0153846153846153
5,20th,1,21/04/2005,M0826e,5,0.0031446540880503
5,academic,1,21/04/2005,M0826e,5,0.0031446540880503
5,accessible,1,21/04/2005,M0826e,5,0.0031446540880503
5,air,1,21/04/2005,M0826e,5,0.0031446540880503
5,anecdote,1,21/04/2005,M0826e,5,0.0031446540880503
5,answer,1,21/04/2005,M0826e,5,0.0031446540880503
5,anticompetitive,1,21/04/2005,M0826e,5,0.0031446540880503
5,arrangement,1,21/04/2005,M0826e,5,0.0031446540880503
5,artist,2,21/04/2005,M0826e,5,0.0062893081761006
5,assessment,1,21/04/2005,M0826e,5,0.0031446540880503
5,author,3,21/04/2005,M0826e,5,0.0094339622641509
5,available,1,21/04/2005,M0826e,5,0.0031446540880503
5,basis,1,21/04/2005,M0826e,5,0.0031446540880503
5,benefit,2,21/04/2005,M0826e,5,0.0062893081761006
5,big,1,21/04/2005,M0826e,5,0.0031446540880503
5,blue,1,21/04/2005,M0826e,5,0.0031446540880503
5,board,1,21/04/2005,M0826e,5,0.0031446540880503
5,brow,1,21/04/2005,M0826e,5,0.0031446540880503
5,bureaucracy,1,21/04/2005,M0826e,5,0.0031446540880503
5,business,1,21/04/2005,M0826e,5,0.0031446540880503
5,capture,2,21/04/2005,M0826e,5,0.0062893081761006
5,case,1,21/04/2005,M0826e,5,0.0031446540880503
5,cent,3,21/04/2005,M0826e,5,0.0094339622641509
5,central,1,21/04/2005,M0826e,5,0.0031446540880503
5,centre,1,21/04/2005,M0826e,5,0.0031446540880503
5,century,1,21/04/2005,M0826e,5,0.0031446540880503
5,citizenpublisher,1,21/04/2005,M0826e,5,0.0031446540880503
5,clear,1,21/04/2005,M0826e,5,0.0031446540880503
5,clearance,1,21/04/2005,M0826e,5,0.0031446540880503
5,closedmindedness,1,21/04/2005,M0826e,5,0.0031446540880503
5,code,1,21/04/2005,M0826e,5,0.0031446540880503
5,column,3,21/04/2005,M0826e,5,0.0094339622641509
5,committee,1,21/04/2005,M0826e,5,0.0031446540880503
5,communism,1,21/04/2005,M0826e,5,0.0031446540880503
5,company,1,21/04/2005,M0826e,5,0.0031446540880503
5,competition,1,21/04/2005,M0826e,5,0.0031446540880503
5,compilation,1,21/04/2005,M0826e,5,0.0031446540880503
5,complex,1,21/04/2005,M0826e,5,0.0031446540880503
5,conclusion,1,21/04/2005,M0826e,5,0.0031446540880503
5,consumer,1,21/04/2005,M0826e,5,0.0031446540880503
5,contract,2,21/04/2005,M0826e,5,0.0062893081761006
5,contribution,1,21/04/2005,M0826e,5,0.0031446540880503
5,control,1,21/04/2005,M0826e,5,0.0031446540880503
5,conversation,1,21/04/2005,M0826e,5,0.0031446540880503
5,copyright,3,21/04/2005,M0826e,5,0.0094339622641509
5,corporate,3,21/04/2005,M0826e,5,0.0094339622641509
5,corruption,1,21/04/2005,M0826e,5,0.0031446540880503
5,cost,2,21/04/2005,M0826e,5,0.0062893081761006
5,cosy,1,21/04/2005,M0826e,5,0.0031446540880503
5,country,1,21/04/2005,M0826e,5,0.0031446540880503
5,creativity,1,21/04/2005,M0826e,5,0.0031446540880503
5,culture,2,21/04/2005,M0826e,5,0.0062893081761006
5,cyberspace,1,21/04/2005,M0826e,5,0.0031446540880503
5,cynical,1,21/04/2005,M0826e,5,0.0031446540880503
5,dance,1,21/04/2005,M0826e,5,0.0031446540880503
5,dataanalysis,1,21/04/2005,M0826e,5,0.0031446540880503
5,database,2,21/04/2005,M0826e,5,0.0062893081761006
5,datum,3,21/04/2005,M0826e,5,0.0094339622641509
5,dauteur,1,21/04/2005,M0826e,5,0.0031446540880503
5,day,1,21/04/2005,M0826e,5,0.0031446540880503
5,dead,1,21/04/2005,M0826e,5,0.0031446540880503
5,decision,3,21/04/2005,M0826e,5,0.0094339622641509
5,decisionmaker,1,21/04/2005,M0826e,5,0.0031446540880503
5,delusion,3,21/04/2005,M0826e,5,0.0094339622641509
5,developer,1,21/04/2005,M0826e,5,0.0031446540880503
5,directive,1,21/04/2005,M0826e,5,0.0031446540880503
5,documentary,1,21/04/2005,M0826e,5,0.0031446540880503
5,domain,3,21/04/2005,M0826e,5,0.0094339622641509
5,doughnut,1,21/04/2005,M0826e,5,0.0031446540880503
5,droit,1,21/04/2005,M0826e,5,0.0031446540880503
5,early,1,21/04/2005,M0826e,5,0.0031446540880503
5,earthism,1,21/04/2005,M0826e,5,0.0031446540880503
5,economic,1,21/04/2005,M0826e,5,0.0031446540880503
5,effect,2,21/04/2005,M0826e,5,0.0062893081761006
5,electronic,1,21/04/2005,M0826e,5,0.0031446540880503
5,european,2,21/04/2005,M0826e,5,0.0062893081761006
5,evidence,3,21/04/2005,M0826e,5,0.0094339622641509
5,evidencefree,1,21/04/2005,M0826e,5,0.0031446540880503
5,example,2,21/04/2005,M0826e,5,0.0062893081761006
5,exchange,1,21/04/2005,M0826e,5,0.0031446540880503
5,explanation,1,21/04/2005,M0826e,5,0.0031446540880503
5,factory,1,21/04/2005,M0826e,5,0.0031446540880503
5,few,1,21/04/2005,M0826e,5,0.0031446540880503
5,field,1,21/04/2005,M0826e,5,0.0031446540880503
5,film,1,21/04/2005,M0826e,5,0.0031446540880503
5,filmmaker,1,21/04/2005,M0826e,5,0.0031446540880503
5,fine,1,21/04/2005,M0826e,5,0.0031446540880503
5,first,1,21/04/2005,M0826e,5,0.0031446540880503
5,flat,2,21/04/2005,M0826e,5,0.0062893081761006
5,flavour,1,21/04/2005,M0826e,5,0.0031446540880503
5,former,1,21/04/2005,M0826e,5,0.0031446540880503
5,founder,1,21/04/2005,M0826e,5,0.0031446540880503
5,free,2,21/04/2005,M0826e,5,0.0062893081761006
5,freesoftware,1,21/04/2005,M0826e,5,0.0031446540880503
5,gene,1,21/04/2005,M0826e,5,0.0031446540880503
5,godless,1,21/04/2005,M0826e,5,0.0031446540880503
5,good,3,21/04/2005,M0826e,5,0.0094339622641509
5,great,1,21/04/2005,M0826e,5,0.0031446540880503
5,ground,1,21/04/2005,M0826e,5,0.0031446540880503
5,group,1,21/04/2005,M0826e,5,0.0031446540880503
5,harm,1,21/04/2005,M0826e,5,0.0031446540880503
5,honest,1,21/04/2005,M0826e,5,0.0031446540880503
5,hope,1,21/04/2005,M0826e,5,0.0031446540880503
5,huge,1,21/04/2005,M0826e,5,0.0031446540880503
5,idea,2,21/04/2005,M0826e,5,0.0062893081761006
5,ideology,1,21/04/2005,M0826e,5,0.0031446540880503
5,important,2,21/04/2005,M0826e,5,0.0062893081761006
5,incentive,1,21/04/2005,M0826e,5,0.0031446540880503
5,industry,4,21/04/2005,M0826e,5,0.0125786163522012
5,information,2,21/04/2005,M0826e,5,0.0062893081761006
5,innovation,4,21/04/2005,M0826e,5,0.0125786163522012
5,innovative,1,21/04/2005,M0826e,5,0.0031446540880503
5,intellectual,2,21/04/2005,M0826e,5,0.0062893081761006
5,interest,1,21/04/2005,M0826e,5,0.0031446540880503
5,international,2,21/04/2005,M0826e,5,0.0062893081761006
5,inventor,1,21/04/2005,M0826e,5,0.0031446540880503
5,landmine,1,21/04/2005,M0826e,5,0.0031446540880503
5,large,1,21/04/2005,M0826e,5,0.0031446540880503
5,latter,1,21/04/2005,M0826e,5,0.0031446540880503
5,law,3,21/04/2005,M0826e,5,0.0094339622641509
5,life,1,21/04/2005,M0826e,5,0.0031446540880503
5,line,1,21/04/2005,M0826e,5,0.0031446540880503
5,little,1,21/04/2005,M0826e,5,0.0031446540880503
5,lock,1,21/04/2005,M0826e,5,0.0031446540880503
5,maker,2,21/04/2005,M0826e,5,0.0062893081761006
5,making,1,21/04/2005,M0826e,5,0.0031446540880503
5,man,1,21/04/2005,M0826e,5,0.0031446540880503
5,many,3,21/04/2005,M0826e,5,0.0094339622641509
5,material,1,21/04/2005,M0826e,5,0.0031446540880503
5,maximalism,2,21/04/2005,M0826e,5,0.0062893081761006
5,member,1,21/04/2005,M0826e,5,0.0031446540880503
5,mistake,1,21/04/2005,M0826e,5,0.0031446540880503
5,moment,1,21/04/2005,M0826e,5,0.0031446540880503
5,money,1,21/04/2005,M0826e,5,0.0031446540880503
5,monopolistic,1,21/04/2005,M0826e,5,0.0031446540880503
5,more,4,21/04/2005,M0826e,5,0.0125786163522012
5,most,1,21/04/2005,M0826e,5,0.0031446540880503
5,much,1,21/04/2005,M0826e,5,0.0031446540880503
5,music,1,21/04/2005,M0826e,5,0.0031446540880503
5,natural,1,21/04/2005,M0826e,5,0.0031446540880503
5,necessary,1,21/04/2005,M0826e,5,0.0031446540880503
5,need,1,21/04/2005,M0826e,5,0.0031446540880503
5,new,2,21/04/2005,M0826e,5,0.0062893081761006
5,obvious,1,21/04/2005,M0826e,5,0.0031446540880503
5,official,1,21/04/2005,M0826e,5,0.0031446540880503
5,old,1,21/04/2005,M0826e,5,0.0031446540880503
5,one,2,21/04/2005,M0826e,5,0.0062893081761006
5,only,1,21/04/2005,M0826e,5,0.0031446540880503
5,open,1,21/04/2005,M0826e,5,0.0031446540880503
5,other,2,21/04/2005,M0826e,5,0.0062893081761006
5,own,1,21/04/2005,M0826e,5,0.0031446540880503
5,pact,2,21/04/2005,M0826e,5,0.0062893081761006
5,part,1,21/04/2005,M0826e,5,0.0031446540880503
5,past,1,21/04/2005,M0826e,5,0.0031446540880503
5,patent,1,21/04/2005,M0826e,5,0.0031446540880503
5,point,1,21/04/2005,M0826e,5,0.0031446540880503
5,policy,1,21/04/2005,M0826e,5,0.0031446540880503
5,policyprocess,1,21/04/2005,M0826e,5,0.0031446540880503
5,press,1,21/04/2005,M0826e,5,0.0031446540880503
5,process,1,21/04/2005,M0826e,5,0.0031446540880503
5,property,3,21/04/2005,M0826e,5,0.0094339622641509
5,proposal,1,21/04/2005,M0826e,5,0.0031446540880503
5,protection,2,21/04/2005,M0826e,5,0.0062893081761006
5,public,6,21/04/2005,M0826e,5,0.0188679245283018
5,question,1,21/04/2005,M0826e,5,0.0031446540880503
5,reader,1,21/04/2005,M0826e,5,0.0031446540880503
5,remarkable,1,21/04/2005,M0826e,5,0.0031446540880503
5,response,1,21/04/2005,M0826e,5,0.0031446540880503
5,responsible,1,21/04/2005,M0826e,5,0.0031446540880503
5,rich,1,21/04/2005,M0826e,5,0.0031446540880503
5,right,11,21/04/2005,M0826e,5,0.0345911949685534
5,role,1,21/04/2005,M0826e,5,0.0031446540880503
5,rule,2,21/04/2005,M0826e,5,0.0062893081761006
5,salad,1,21/04/2005,M0826e,5,0.0031446540880503
5,science,1,21/04/2005,M0826e,5,0.0031446540880503
5,scientist,2,21/04/2005,M0826e,5,0.0062893081761006
5,sequence,1,21/04/2005,M0826e,5,0.0031446540880503
5,side,3,21/04/2005,M0826e,5,0.0094339622641509
5,significant,2,21/04/2005,M0826e,5,0.0062893081761006
5,silly,1,21/04/2005,M0826e,5,0.0031446540880503
5,simple,1,21/04/2005,M0826e,5,0.0031446540880503
5,slim,1,21/04/2005,M0826e,5,0.0031446540880503
5,society,1,21/04/2005,M0826e,5,0.0031446540880503
5,software,3,21/04/2005,M0826e,5,0.0094339622641509
5,source,1,21/04/2005,M0826e,5,0.0031446540880503
5,speech,1,21/04/2005,M0826e,5,0.0031446540880503
5,stake,1,21/04/2005,M0826e,5,0.0031446540880503
5,strand,1,21/04/2005,M0826e,5,0.0031446540880503
5,strong,2,21/04/2005,M0826e,5,0.0062893081761006
5,structure,1,21/04/2005,M0826e,5,0.0031446540880503
5,stupidity,5,21/04/2005,M0826e,5,0.0157232704402515
5,subject,1,21/04/2005,M0826e,5,0.0031446540880503
5,such,2,21/04/2005,M0826e,5,0.0062893081761006
5,sweat,1,21/04/2005,M0826e,5,0.0031446540880503
5,tax,2,21/04/2005,M0826e,5,0.0062893081761006
5,technologist,1,21/04/2005,M0826e,5,0.0031446540880503
5,term,1,21/04/2005,M0826e,5,0.0031446540880503
5,theatre,1,21/04/2005,M0826e,5,0.0031446540880503
5,theme,1,21/04/2005,M0826e,5,0.0031446540880503
5,thin,1,21/04/2005,M0826e,5,0.0031446540880503
5,thing,2,21/04/2005,M0826e,5,0.0062893081761006
5,tiny,2,21/04/2005,M0826e,5,0.0062893081761006
5,today,1,21/04/2005,M0826e,5,0.0031446540880503
5,tomb,1,21/04/2005,M0826e,5,0.0031446540880503
5,trivial,1,21/04/2005,M0826e,5,0.0031446540880503
5,true,1,21/04/2005,M0826e,5,0.0031446540880503
5,tune,1,21/04/2005,M0826e,5,0.0031446540880503
5,university,1,21/04/2005,M0826e,5,0.0031446540880503
5,unoriginal,1,21/04/2005,M0826e,5,0.0031446540880503
5,valley,1,21/04/2005,M0826e,5,0.0031446540880503
5,viable,1,21/04/2005,M0826e,5,0.0031446540880503
5,view,1,21/04/2005,M0826e,5,0.0031446540880503
5,way,1,21/04/2005,M0826e,5,0.0031446540880503
5,weak,1,21/04/2005,M0826e,5,0.0031446540880503
5,work,1,21/04/2005,M0826e,5,0.0031446540880503
5,world,3,21/04/2005,M0826e,5,0.0094339622641509
5,worldview,1,21/04/2005,M0826e,5,0.0031446540880503
5,worried,1,21/04/2005,M0826e,5,0.0031446540880503
5,writer,2,21/04/2005,M0826e,5,0.0062893081761006
5,wrong,1,21/04/2005,M0826e,5,0.0031446540880503
5,year,3,21/04/2005,M0826e,5,0.0094339622641509
6,able,1,01/04/2020,M0d586,6,0.002092050209205
6,absence,1,01/04/2020,M0d586,6,0.002092050209205
6,accuracy,2,01/04/2020,M0d586,6,0.00418410041841
6,accurate,1,01/04/2020,M0d586,6,0.002092050209205
6,addition,1,01/04/2020,M0d586,6,0.002092050209205
6,ample,1,01/04/2020,M0d586,6,0.002092050209205
6,antibody,16,01/04/2020,M0d586,6,0.0334728033472803
6,antigen,6,01/04/2020,M0d586,6,0.0125523012552301
6,authority,3,01/04/2020,M0d586,6,0.006276150627615
6,available,2,01/04/2020,M0d586,6,0.00418410041841
6,back,1,01/04/2020,M0d586,6,0.002092050209205
6,biotech,2,01/04/2020,M0d586,6,0.00418410041841
6,blood,5,01/04/2020,M0d586,6,0.0104602510460251
6,board,1,01/04/2020,M0d586,6,0.002092050209205
6,body,1,01/04/2020,M0d586,6,0.002092050209205
6,business,1,01/04/2020,M0d586,6,0.002092050209205
6,capacity,2,01/04/2020,M0d586,6,0.00418410041841
6,cent,2,01/04/2020,M0d586,6,0.00418410041841
6,centralised,1,01/04/2020,M0d586,6,0.002092050209205
6,chain,1,01/04/2020,M0d586,6,0.002092050209205
6,champion,1,01/04/2020,M0d586,6,0.002092050209205
6,change,1,01/04/2020,M0d586,6,0.002092050209205
6,chemical,1,01/04/2020,M0d586,6,0.002092050209205
6,chinese,3,01/04/2020,M0d586,6,0.006276150627615
6,clear,2,01/04/2020,M0d586,6,0.00418410041841
6,clinical,1,01/04/2020,M0d586,6,0.002092050209205
6,code,1,01/04/2020,M0d586,6,0.002092050209205
6,collection,1,01/04/2020,M0d586,6,0.002092050209205
6,colour,1,01/04/2020,M0d586,6,0.002092050209205
6,company,5,01/04/2020,M0d586,6,0.0104602510460251
6,component,1,01/04/2020,M0d586,6,0.002092050209205
6,contrast,1,01/04/2020,M0d586,6,0.002092050209205
6,conventional,2,01/04/2020,M0d586,6,0.00418410041841
6,coronavirus,6,01/04/2020,M0d586,6,0.0125523012552301
6,country,5,01/04/2020,M0d586,6,0.0104602510460251
6,couple,1,01/04/2020,M0d586,6,0.002092050209205
6,cumulative,1,01/04/2020,M0d586,6,0.002092050209205
6,current,1,01/04/2020,M0d586,6,0.002092050209205
6,database,1,01/04/2020,M0d586,6,0.002092050209205
6,datum,4,01/04/2020,M0d586,6,0.00836820083682
6,delay,1,01/04/2020,M0d586,6,0.002092050209205
6,development,3,01/04/2020,M0d586,6,0.006276150627615
6,diagnosis,2,01/04/2020,M0d586,6,0.00418410041841
6,diagnostic,2,01/04/2020,M0d586,6,0.00418410041841
6,different,1,01/04/2020,M0d586,6,0.002092050209205
6,disease,1,01/04/2020,M0d586,6,0.002092050209205
6,doctor,1,01/04/2020,M0d586,6,0.002092050209205
6,drawing,1,01/04/2020,M0d586,6,0.002092050209205
6,drivein,1,01/04/2020,M0d586,6,0.002092050209205
6,durable,1,01/04/2020,M0d586,6,0.002092050209205
6,easy,2,01/04/2020,M0d586,6,0.00418410041841
6,editing,1,01/04/2020,M0d586,6,0.002092050209205
6,effort,1,01/04/2020,M0d586,6,0.002092050209205
6,emergency,1,01/04/2020,M0d586,6,0.002092050209205
6,enough,1,01/04/2020,M0d586,6,0.002092050209205
6,epidemiological,1,01/04/2020,M0d586,6,0.002092050209205
6,equivalent,1,01/04/2020,M0d586,6,0.002092050209205
6,essential,1,01/04/2020,M0d586,6,0.002092050209205
6,european,1,01/04/2020,M0d586,6,0.002092050209205
6,exhaustive,1,01/04/2020,M0d586,6,0.002092050209205
6,experience,2,01/04/2020,M0d586,6,0.00418410041841
6,experienced,1,01/04/2020,M0d586,6,0.002092050209205
6,extensive,1,01/04/2020,M0d586,6,0.002092050209205
6,false,3,01/04/2020,M0d586,6,0.006276150627615
6,fast,1,01/04/2020,M0d586,6,0.002092050209205
6,few,5,01/04/2020,M0d586,6,0.0104602510460251
6,figure,1,01/04/2020,M0d586,6,0.002092050209205
6,finger,1,01/04/2020,M0d586,6,0.002092050209205
6,first,4,01/04/2020,M0d586,6,0.00836820083682
6,full,1,01/04/2020,M0d586,6,0.002092050209205
6,gene,3,01/04/2020,M0d586,6,0.006276150627615
6,genetic,2,01/04/2020,M0d586,6,0.00418410041841
6,genevabased,1,01/04/2020,M0d586,6,0.002092050209205
6,global,1,01/04/2020,M0d586,6,0.002092050209205
6,glue,1,01/04/2020,M0d586,6,0.002092050209205
6,goal,1,01/04/2020,M0d586,6,0.002092050209205
6,good,1,01/04/2020,M0d586,6,0.002092050209205
6,government,4,01/04/2020,M0d586,6,0.00836820083682
6,great,1,01/04/2020,M0d586,6,0.002092050209205
6,group,2,01/04/2020,M0d586,6,0.00418410041841
6,head,1,01/04/2020,M0d586,6,0.002092050209205
6,health,6,01/04/2020,M0d586,6,0.0125523012552301
6,high,1,01/04/2020,M0d586,6,0.002092050209205
6,highquality,1,01/04/2020,M0d586,6,0.002092050209205
6,hospital,2,01/04/2020,M0d586,6,0.00418410041841
6,hour,1,01/04/2020,M0d586,6,0.002092050209205
6,huge,1,01/04/2020,M0d586,6,0.002092050209205
6,hunger,1,01/04/2020,M0d586,6,0.002092050209205
6,imaginative,1,01/04/2020,M0d586,6,0.002092050209205
6,immune,1,01/04/2020,M0d586,6,0.002092050209205
6,immunity,1,01/04/2020,M0d586,6,0.002092050209205
6,immunology,1,01/04/2020,M0d586,6,0.002092050209205
6,impatience,1,01/04/2020,M0d586,6,0.002092050209205
6,imperative,1,01/04/2020,M0d586,6,0.002092050209205
6,inaccurate,1,01/04/2020,M0d586,6,0.002092050209205
6,incorrect,1,01/04/2020,M0d586,6,0.002092050209205
6,individual,1,01/04/2020,M0d586,6,0.002092050209205
6,infection,7,01/04/2020,M0d586,6,0.0146443514644351
6,infrastructure,1,01/04/2020,M0d586,6,0.002092050209205
6,innovative,1,01/04/2020,M0d586,6,0.002092050209205
6,instance,1,01/04/2020,M0d586,6,0.002092050209205
6,key,1,01/04/2020,M0d586,6,0.002092050209205
6,kit,8,01/04/2020,M0d586,6,0.0167364016736401
6,lab,6,01/04/2020,M0d586,6,0.0125523012552301
6,laboratory,2,01/04/2020,M0d586,6,0.00418410041841
6,laggard,1,01/04/2020,M0d586,6,0.002092050209205
6,large,2,01/04/2020,M0d586,6,0.00418410041841
6,last,3,01/04/2020,M0d586,6,0.006276150627615
6,lecturer,1,01/04/2020,M0d586,6,0.002092050209205
6,limitation,1,01/04/2020,M0d586,6,0.002092050209205
6,list,1,01/04/2020,M0d586,6,0.002092050209205
6,low,1,01/04/2020,M0d586,6,0.002092050209205
6,main,1,01/04/2020,M0d586,6,0.002092050209205
6,major,1,01/04/2020,M0d586,6,0.002092050209205
6,manufacturer,3,01/04/2020,M0d586,6,0.006276150627615
6,manufacturing,1,01/04/2020,M0d586,6,0.002092050209205
6,many,4,01/04/2020,M0d586,6,0.00836820083682
6,market,1,01/04/2020,M0d586,6,0.002092050209205
6,medical,1,01/04/2020,M0d586,6,0.002092050209205
6,microbial,1,01/04/2020,M0d586,6,0.002092050209205
6,mild,1,01/04/2020,M0d586,6,0.002092050209205
6,million,1,01/04/2020,M0d586,6,0.002092050209205
6,minute,1,01/04/2020,M0d586,6,0.002092050209205
6,mobilisation,1,01/04/2020,M0d586,6,0.002092050209205
6,molecule,1,01/04/2020,M0d586,6,0.002092050209205
6,month,2,01/04/2020,M0d586,6,0.00418410041841
6,more,3,01/04/2020,M0d586,6,0.006276150627615
6,mount,1,01/04/2020,M0d586,6,0.002092050209205
6,negative,2,01/04/2020,M0d586,6,0.00418410041841
6,new,6,01/04/2020,M0d586,6,0.0125523012552301
6,nonprofit,1,01/04/2020,M0d586,6,0.002092050209205
6,nose,1,01/04/2020,M0d586,6,0.002092050209205
6,number,2,01/04/2020,M0d586,6,0.00418410041841
6,official,3,01/04/2020,M0d586,6,0.006276150627615
6,one,2,01/04/2020,M0d586,6,0.00418410041841
6,operating,1,01/04/2020,M0d586,6,0.002092050209205
6,option,1,01/04/2020,M0d586,6,0.002092050209205
6,other,3,01/04/2020,M0d586,6,0.006276150627615
6,outbreak,2,01/04/2020,M0d586,6,0.00418410041841
6,outsized,1,01/04/2020,M0d586,6,0.002092050209205
6,pandemic,1,01/04/2020,M0d586,6,0.002092050209205
6,past,3,01/04/2020,M0d586,6,0.006276150627615
6,pathogenesis,1,01/04/2020,M0d586,6,0.002092050209205
6,patient,6,01/04/2020,M0d586,6,0.0125523012552301
6,people,2,01/04/2020,M0d586,6,0.00418410041841
6,per,1,01/04/2020,M0d586,6,0.002092050209205
6,place,1,01/04/2020,M0d586,6,0.002092050209205
6,player,1,01/04/2020,M0d586,6,0.002092050209205
6,polymerase,1,01/04/2020,M0d586,6,0.002092050209205
6,population,2,01/04/2020,M0d586,6,0.00418410041841
6,positive,1,01/04/2020,M0d586,6,0.002092050209205
6,possible,1,01/04/2020,M0d586,6,0.002092050209205
6,potential,1,01/04/2020,M0d586,6,0.002092050209205
6,practice,2,01/04/2020,M0d586,6,0.00418410041841
6,presence,3,01/04/2020,M0d586,6,0.006276150627615
6,present,2,01/04/2020,M0d586,6,0.00418410041841
6,prick,1,01/04/2020,M0d586,6,0.002092050209205
6,private,3,01/04/2020,M0d586,6,0.006276150627615
6,problem,3,01/04/2020,M0d586,6,0.006276150627615
6,procedure,1,01/04/2020,M0d586,6,0.002092050209205
6,processing,1,01/04/2020,M0d586,6,0.002092050209205
6,product,3,01/04/2020,M0d586,6,0.006276150627615
6,professor,1,01/04/2020,M0d586,6,0.002092050209205
6,prolonged,1,01/04/2020,M0d586,6,0.002092050209205
6,protein,1,01/04/2020,M0d586,6,0.002092050209205
6,province,1,01/04/2020,M0d586,6,0.002092050209205
6,public,3,01/04/2020,M0d586,6,0.006276150627615
6,question,1,01/04/2020,M0d586,6,0.002092050209205
6,race,1,01/04/2020,M0d586,6,0.002092050209205
6,rate,1,01/04/2020,M0d586,6,0.002092050209205
6,reaction,1,01/04/2020,M0d586,6,0.002092050209205
6,reader,1,01/04/2020,M0d586,6,0.002092050209205
6,ready,1,01/04/2020,M0d586,6,0.002092050209205
6,reagent,2,01/04/2020,M0d586,6,0.00418410041841
6,recent,2,01/04/2020,M0d586,6,0.00418410041841
6,regional,1,01/04/2020,M0d586,6,0.002092050209205
6,regulator,1,01/04/2020,M0d586,6,0.002092050209205
6,reinfection,1,01/04/2020,M0d586,6,0.002092050209205
6,reliability,1,01/04/2020,M0d586,6,0.002092050209205
6,reliable,2,01/04/2020,M0d586,6,0.00418410041841
6,representative,1,01/04/2020,M0d586,6,0.002092050209205
6,reproducible,1,01/04/2020,M0d586,6,0.002092050209205
6,researcher,1,01/04/2020,M0d586,6,0.002092050209205
6,resistance,1,01/04/2020,M0d586,6,0.002092050209205
6,resource,1,01/04/2020,M0d586,6,0.002092050209205
6,respiratory,1,01/04/2020,M0d586,6,0.002092050209205
6,response,1,01/04/2020,M0d586,6,0.002092050209205
6,result,3,01/04/2020,M0d586,6,0.006276150627615
6,role,1,01/04/2020,M0d586,6,0.002092050209205
6,sample,8,01/04/2020,M0d586,6,0.0167364016736401
6,scale,1,01/04/2020,M0d586,6,0.002092050209205
6,scientist,1,01/04/2020,M0d586,6,0.002092050209205
6,scratch,1,01/04/2020,M0d586,6,0.002092050209205
6,second,2,01/04/2020,M0d586,6,0.00418410041841
6,secondlarg,1,01/04/2020,M0d586,6,0.002092050209205
6,secretary,1,01/04/2020,M0d586,6,0.002092050209205
6,sector,4,01/04/2020,M0d586,6,0.00836820083682
6,sequence,1,01/04/2020,M0d586,6,0.002092050209205
6,serological,1,01/04/2020,M0d586,6,0.002092050209205
6,several,1,01/04/2020,M0d586,6,0.002092050209205
6,short,1,01/04/2020,M0d586,6,0.002092050209205
6,sign,1,01/04/2020,M0d586,6,0.002092050209205
6,simple,1,01/04/2020,M0d586,6,0.002092050209205
6,site,1,01/04/2020,M0d586,6,0.002092050209205
6,size,1,01/04/2020,M0d586,6,0.002092050209205
6,slogan,1,01/04/2020,M0d586,6,0.002092050209205
6,slow,2,01/04/2020,M0d586,6,0.00418410041841
6,small,2,01/04/2020,M0d586,6,0.00418410041841
6,society,1,01/04/2020,M0d586,6,0.002092050209205
6,special,1,01/04/2020,M0d586,6,0.002092050209205
6,specific,1,01/04/2020,M0d586,6,0.002092050209205
6,spread,1,01/04/2020,M0d586,6,0.002092050209205
6,staff,1,01/04/2020,M0d586,6,0.002092050209205
6,standard,1,01/04/2020,M0d586,6,0.002092050209205
6,station,1,01/04/2020,M0d586,6,0.002092050209205
6,storm,1,01/04/2020,M0d586,6,0.002092050209205
6,story,1,01/04/2020,M0d586,6,0.002092050209205
6,such,2,01/04/2020,M0d586,6,0.00418410041841
6,supply,2,01/04/2020,M0d586,6,0.00418410041841
6,swab,2,01/04/2020,M0d586,6,0.00418410041841
6,symptom,1,01/04/2020,M0d586,6,0.002092050209205
6,team,1,01/04/2020,M0d586,6,0.002092050209205
6,technician,2,01/04/2020,M0d586,6,0.00418410041841
6,technique,1,01/04/2020,M0d586,6,0.002092050209205
6,technology,4,01/04/2020,M0d586,6,0.00836820083682
6,test,34,01/04/2020,M0d586,6,0.0711297071129707
6,testing,9,01/04/2020,M0d586,6,0.0188284518828451
6,threat,2,01/04/2020,M0d586,6,0.00418410041841
6,throat,1,01/04/2020,M0d586,6,0.002092050209205
6,total,1,01/04/2020,M0d586,6,0.002092050209205
6,tract,1,01/04/2020,M0d586,6,0.002092050209205
6,traditional,1,01/04/2020,M0d586,6,0.002092050209205
6,trap,1,01/04/2020,M0d586,6,0.002092050209205
6,type,4,01/04/2020,M0d586,6,0.00836820083682
6,uncertainty,1,01/04/2020,M0d586,6,0.002092050209205
6,university,1,01/04/2020,M0d586,6,0.002092050209205
6,use,2,01/04/2020,M0d586,6,0.00418410041841
6,various,1,01/04/2020,M0d586,6,0.002092050209205
6,virus,8,01/04/2020,M0d586,6,0.0167364016736401
6,way,1,01/04/2020,M0d586,6,0.002092050209205
6,week,7,01/04/2020,M0d586,6,0.0146443514644351
6,welloff,1,01/04/2020,M0d586,6,0.002092050209205
6,work,1,01/04/2020,M0d586,6,0.002092050209205
6,world,5,01/04/2020,M0d586,6,0.0104602510460251
6,worry,1,01/04/2020,M0d586,6,0.002092050209205
6,year,2,01/04/2020,M0d586,6,0.00418410041841
7,104woman,1,26/07/2015,M0d0d8,7,0.0045662100456621
7,access,1,26/07/2015,M0d0d8,7,0.0045662100456621
7,advice,1,26/07/2015,M0d0d8,7,0.0045662100456621
7,alluring,1,26/07/2015,M0d0d8,7,0.0045662100456621
7,association,2,26/07/2015,M0d0d8,7,0.0091324200913242
7,attractive,1,26/07/2015,M0d0d8,7,0.0045662100456621
7,backlash,1,26/07/2015,M0d0d8,7,0.0045662100456621
7,big,1,26/07/2015,M0d0d8,7,0.0045662100456621
7,board,1,26/07/2015,M0d0d8,7,0.0045662100456621
7,bold,1,26/07/2015,M0d0d8,7,0.0045662100456621
7,book,2,26/07/2015,M0d0d8,7,0.0091324200913242
7,boy,1,26/07/2015,M0d0d8,7,0.0045662100456621
7,brand,2,26/07/2015,M0d0d8,7,0.0091324200913242
7,brave,1,26/07/2015,M0d0d8,7,0.0045662100456621
7,business,11,26/07/2015,M0d0d8,7,0.0502283105022831
7,capable,1,26/07/2015,M0d0d8,7,0.0045662100456621
7,cent,3,26/07/2015,M0d0d8,7,0.0136986301369863
7,change,2,26/07/2015,M0d0d8,7,0.0091324200913242
7,charge,1,26/07/2015,M0d0d8,7,0.0045662100456621
7,chemical,1,26/07/2015,M0d0d8,7,0.0045662100456621
7,class,1,26/07/2015,M0d0d8,7,0.0045662100456621
7,club,1,26/07/2015,M0d0d8,7,0.0045662100456621
7,college,1,26/07/2015,M0d0d8,7,0.0045662100456621
7,comfort,1,26/07/2015,M0d0d8,7,0.0045662100456621
7,comfortable,1,26/07/2015,M0d0d8,7,0.0045662100456621
7,company,1,26/07/2015,M0d0d8,7,0.0045662100456621
7,condom,1,26/07/2015,M0d0d8,7,0.0045662100456621
7,consciousness,1,26/07/2015,M0d0d8,7,0.0045662100456621
7,consulting,1,26/07/2015,M0d0d8,7,0.0045662100456621
7,copresident,1,26/07/2015,M0d0d8,7,0.0045662100456621
7,country,1,26/07/2015,M0d0d8,7,0.0045662100456621
7,course,1,26/07/2015,M0d0d8,7,0.0045662100456621
7,critical,2,26/07/2015,M0d0d8,7,0.0091324200913242
7,criticism,1,26/07/2015,M0d0d8,7,0.0045662100456621
7,day,1,26/07/2015,M0d0d8,7,0.0045662100456621
7,dean,1,26/07/2015,M0d0d8,7,0.0045662100456621
7,decade,1,26/07/2015,M0d0d8,7,0.0045662100456621
7,difficult,1,26/07/2015,M0d0d8,7,0.0045662100456621
7,dynamic,1,26/07/2015,M0d0d8,7,0.0045662100456621
7,economic,1,26/07/2015,M0d0d8,7,0.0045662100456621
7,enterprise,2,26/07/2015,M0d0d8,7,0.0091324200913242
7,entrepreneur,1,26/07/2015,M0d0d8,7,0.0045662100456621
7,entrepreneurship,1,26/07/2015,M0d0d8,7,0.0045662100456621
7,environment,1,26/07/2015,M0d0d8,7,0.0045662100456621
7,event,1,26/07/2015,M0d0d8,7,0.0045662100456621
7,evolution,1,26/07/2015,M0d0d8,7,0.0045662100456621
7,factory,1,26/07/2015,M0d0d8,7,0.0045662100456621
7,family,1,26/07/2015,M0d0d8,7,0.0045662100456621
7,fashion,1,26/07/2015,M0d0d8,7,0.0045662100456621
7,father,3,26/07/2015,M0d0d8,7,0.0136986301369863
7,favourite,2,26/07/2015,M0d0d8,7,0.0091324200913242
7,female,3,26/07/2015,M0d0d8,7,0.0136986301369863
7,finance,1,26/07/2015,M0d0d8,7,0.0045662100456621
7,first,3,26/07/2015,M0d0d8,7,0.0136986301369863
7,free,1,26/07/2015,M0d0d8,7,0.0045662100456621
7,freshman,1,26/07/2015,M0d0d8,7,0.0045662100456621
7,gender,1,26/07/2015,M0d0d8,7,0.0045662100456621
7,good,1,26/07/2015,M0d0d8,7,0.0045662100456621
7,graduate,1,26/07/2015,M0d0d8,7,0.0045662100456621
7,great,1,26/07/2015,M0d0d8,7,0.0045662100456621
7,handful,1,26/07/2015,M0d0d8,7,0.0045662100456621
7,health,1,26/07/2015,M0d0d8,7,0.0045662100456621
7,healthcare,1,26/07/2015,M0d0d8,7,0.0045662100456621
7,high,1,26/07/2015,M0d0d8,7,0.0045662100456621
7,huge,1,26/07/2015,M0d0d8,7,0.0045662100456621
7,idea,1,26/07/2015,M0d0d8,7,0.0045662100456621
7,ideal,1,26/07/2015,M0d0d8,7,0.0045662100456621
7,impact,1,26/07/2015,M0d0d8,7,0.0045662100456621
7,incredible,1,26/07/2015,M0d0d8,7,0.0045662100456621
7,industry,1,26/07/2015,M0d0d8,7,0.0045662100456621
7,initiative,1,26/07/2015,M0d0d8,7,0.0045662100456621
7,innovative,1,26/07/2015,M0d0d8,7,0.0045662100456621
7,inspiration,1,26/07/2015,M0d0d8,7,0.0045662100456621
7,interested,1,26/07/2015,M0d0d8,7,0.0045662100456621
7,issue,4,26/07/2015,M0d0d8,7,0.0182648401826484
7,job,2,26/07/2015,M0d0d8,7,0.0091324200913242
7,kitchen,1,26/07/2015,M0d0d8,7,0.0045662100456621
7,leader,1,26/07/2015,M0d0d8,7,0.0045662100456621
7,lesson,1,26/07/2015,M0d0d8,7,0.0045662100456621
7,level,1,26/07/2015,M0d0d8,7,0.0045662100456621
7,lot,1,26/07/2015,M0d0d8,7,0.0045662100456621
7,lucrative,1,26/07/2015,M0d0d8,7,0.0045662100456621
7,lunch,1,26/07/2015,M0d0d8,7,0.0045662100456621
7,m,1,26/07/2015,M0d0d8,7,0.0045662100456621
7,male,2,26/07/2015,M0d0d8,7,0.0091324200913242
7,maledominated,1,26/07/2015,M0d0d8,7,0.0045662100456621
7,management,1,26/07/2015,M0d0d8,7,0.0045662100456621
7,many,1,26/07/2015,M0d0d8,7,0.0045662100456621
7,medium,1,26/07/2015,M0d0d8,7,0.0045662100456621
7,meeting,1,26/07/2015,M0d0d8,7,0.0045662100456621
7,memory,1,26/07/2015,M0d0d8,7,0.0045662100456621
7,mindset,2,26/07/2015,M0d0d8,7,0.0091324200913242
7,mission,1,26/07/2015,M0d0d8,7,0.0045662100456621
7,needle,1,26/07/2015,M0d0d8,7,0.0045662100456621
7,new,1,26/07/2015,M0d0d8,7,0.0045662100456621
7,only,1,26/07/2015,M0d0d8,7,0.0045662100456621
7,organisation,3,26/07/2015,M0d0d8,7,0.0136986301369863
7,other,1,26/07/2015,M0d0d8,7,0.0045662100456621
7,own,1,26/07/2015,M0d0d8,7,0.0045662100456621
7,part,2,26/07/2015,M0d0d8,7,0.0091324200913242
7,partner,1,26/07/2015,M0d0d8,7,0.0045662100456621
7,peer,1,26/07/2015,M0d0d8,7,0.0045662100456621
7,people,2,26/07/2015,M0d0d8,7,0.0091324200913242
7,place,2,26/07/2015,M0d0d8,7,0.0091324200913242
7,plan,1,26/07/2015,M0d0d8,7,0.0045662100456621
7,plane,1,26/07/2015,M0d0d8,7,0.0045662100456621
7,planning,1,26/07/2015,M0d0d8,7,0.0045662100456621
7,pregnancy,1,26/07/2015,M0d0d8,7,0.0045662100456621
7,president,2,26/07/2015,M0d0d8,7,0.0091324200913242
7,pretax,1,26/07/2015,M0d0d8,7,0.0045662100456621
7,process,1,26/07/2015,M0d0d8,7,0.0045662100456621
7,product,1,26/07/2015,M0d0d8,7,0.0045662100456621
7,professor,2,26/07/2015,M0d0d8,7,0.0091324200913242
7,profit,1,26/07/2015,M0d0d8,7,0.0045662100456621
7,progressive,1,26/07/2015,M0d0d8,7,0.0045662100456621
7,question,1,26/07/2015,M0d0d8,7,0.0045662100456621
7,reproductive,1,26/07/2015,M0d0d8,7,0.0045662100456621
7,right,1,26/07/2015,M0d0d8,7,0.0045662100456621
7,school,10,26/07/2015,M0d0d8,7,0.045662100456621
7,second,2,26/07/2015,M0d0d8,7,0.0091324200913242
7,semester,1,26/07/2015,M0d0d8,7,0.0045662100456621
7,separate,1,26/07/2015,M0d0d8,7,0.0045662100456621
7,service,1,26/07/2015,M0d0d8,7,0.0045662100456621
7,sexual,1,26/07/2015,M0d0d8,7,0.0045662100456621
7,site,1,26/07/2015,M0d0d8,7,0.0045662100456621
7,situation,1,26/07/2015,M0d0d8,7,0.0045662100456621
7,skill,1,26/07/2015,M0d0d8,7,0.0045662100456621
7,social,4,26/07/2015,M0d0d8,7,0.0182648401826484
7,southern,1,26/07/2015,M0d0d8,7,0.0045662100456621
7,std,1,26/07/2015,M0d0d8,7,0.0045662100456621
7,step,1,26/07/2015,M0d0d8,7,0.0045662100456621
7,sti,1,26/07/2015,M0d0d8,7,0.0045662100456621
7,strong,1,26/07/2015,M0d0d8,7,0.0045662100456621
7,structure,1,26/07/2015,M0d0d8,7,0.0045662100456621
7,student,2,26/07/2015,M0d0d8,7,0.0091324200913242
7,sustainability,2,26/07/2015,M0d0d8,7,0.0091324200913242
7,thing,1,26/07/2015,M0d0d8,7,0.0045662100456621
7,time,2,26/07/2015,M0d0d8,7,0.0091324200913242
7,timid,1,26/07/2015,M0d0d8,7,0.0045662100456621
7,tip,1,26/07/2015,M0d0d8,7,0.0045662100456621
7,top,2,26/07/2015,M0d0d8,7,0.0091324200913242
7,toxic,1,26/07/2015,M0d0d8,7,0.0045662100456621
7,track,5,26/07/2015,M0d0d8,7,0.0228310502283105
7,traditional,1,26/07/2015,M0d0d8,7,0.0045662100456621
7,underdog,1,26/07/2015,M0d0d8,7,0.0045662100456621
7,willing,1,26/07/2015,M0d0d8,7,0.0045662100456621
7,woman,7,26/07/2015,M0d0d8,7,0.0319634703196347
7,work,1,26/07/2015,M0d0d8,7,0.0045662100456621
7,world,3,26/07/2015,M0d0d8,7,0.0136986301369863
7,year,2,26/07/2015,M0d0d8,7,0.0091324200913242
7,zone,1,26/07/2015,M0d0d8,7,0.0045662100456621
8,act,1,16/06/2020,M12fbb,8,0.0044642857142857
8,adviser,1,16/06/2020,M12fbb,8,0.0044642857142857
8,aerosol,1,16/06/2020,M12fbb,8,0.0044642857142857
8,air,1,16/06/2020,M12fbb,8,0.0044642857142857
8,airborne,1,16/06/2020,M12fbb,8,0.0044642857142857
8,argument,1,16/06/2020,M12fbb,8,0.0044642857142857
8,attache,1,16/06/2020,M12fbb,8,0.0044642857142857
8,attitude,1,16/06/2020,M12fbb,8,0.0044642857142857
8,binary,1,16/06/2020,M12fbb,8,0.0044642857142857
8,bleak,1,16/06/2020,M12fbb,8,0.0044642857142857
8,body,1,16/06/2020,M12fbb,8,0.0044642857142857
8,breathing,1,16/06/2020,M12fbb,8,0.0044642857142857
8,british,1,16/06/2020,M12fbb,8,0.0044642857142857
8,business,1,16/06/2020,M12fbb,8,0.0044642857142857
8,calculation,1,16/06/2020,M12fbb,8,0.0044642857142857
8,case,1,16/06/2020,M12fbb,8,0.0044642857142857
8,chance,2,16/06/2020,M12fbb,8,0.0089285714285714
8,chief,1,16/06/2020,M12fbb,8,0.0044642857142857
8,choice,1,16/06/2020,M12fbb,8,0.0044642857142857
8,church,1,16/06/2020,M12fbb,8,0.0044642857142857
8,conjunction,1,16/06/2020,M12fbb,8,0.0044642857142857
8,consideration,1,16/06/2020,M12fbb,8,0.0044642857142857
8,convincing,1,16/06/2020,M12fbb,8,0.0044642857142857
8,coronavirus,1,16/06/2020,M12fbb,8,0.0044642857142857
8,cough,1,16/06/2020,M12fbb,8,0.0044642857142857
8,country,2,16/06/2020,M12fbb,8,0.0089285714285714
8,covering,5,16/06/2020,M12fbb,8,0.0223214285714285
8,critical,2,16/06/2020,M12fbb,8,0.0089285714285714
8,customer,1,16/06/2020,M12fbb,8,0.0044642857142857
8,danger,1,16/06/2020,M12fbb,8,0.0044642857142857
8,day,1,16/06/2020,M12fbb,8,0.0044642857142857
8,decision,2,16/06/2020,M12fbb,8,0.0089285714285714
8,different,1,16/06/2020,M12fbb,8,0.0044642857142857
8,difficult,1,16/06/2020,M12fbb,8,0.0044642857142857
8,disagreement,1,16/06/2020,M12fbb,8,0.0044642857142857
8,discussion,2,16/06/2020,M12fbb,8,0.0089285714285714
8,disease,1,16/06/2020,M12fbb,8,0.0044642857142857
8,disperse,1,16/06/2020,M12fbb,8,0.0044642857142857
8,distance,4,16/06/2020,M12fbb,8,0.0178571428571428
8,distancing,4,16/06/2020,M12fbb,8,0.0178571428571428
8,distinction,1,16/06/2020,M12fbb,8,0.0044642857142857
8,dominant,1,16/06/2020,M12fbb,8,0.0044642857142857
8,droplet,4,16/06/2020,M12fbb,8,0.0178571428571428
8,due,1,16/06/2020,M12fbb,8,0.0044642857142857
8,early,1,16/06/2020,M12fbb,8,0.0044642857142857
8,economy,3,16/06/2020,M12fbb,8,0.0133928571428571
8,end,1,16/06/2020,M12fbb,8,0.0044642857142857
8,entertainment,1,16/06/2020,M12fbb,8,0.0044642857142857
8,etiquette,1,16/06/2020,M12fbb,8,0.0044642857142857
8,event,1,16/06/2020,M12fbb,8,0.0044642857142857
8,example,1,16/06/2020,M12fbb,8,0.0044642857142857
8,eye,1,16/06/2020,M12fbb,8,0.0044642857142857
8,fabric,1,16/06/2020,M12fbb,8,0.0044642857142857
8,face,3,16/06/2020,M12fbb,8,0.0133928571428571
8,false,1,16/06/2020,M12fbb,8,0.0044642857142857
8,fine,1,16/06/2020,M12fbb,8,0.0044642857142857
8,fixation,1,16/06/2020,M12fbb,8,0.0044642857142857
8,fool,1,16/06/2020,M12fbb,8,0.0044642857142857
8,future,1,16/06/2020,M12fbb,8,0.0044642857142857
8,government,2,16/06/2020,M12fbb,8,0.0089285714285714
8,gym,1,16/06/2020,M12fbb,8,0.0044642857142857
8,half,1,16/06/2020,M12fbb,8,0.0044642857142857
8,health,1,16/06/2020,M12fbb,8,0.0044642857142857
8,heavy,1,16/06/2020,M12fbb,8,0.0044642857142857
8,hospitality,1,16/06/2020,M12fbb,8,0.0044642857142857
8,imperfect,1,16/06/2020,M12fbb,8,0.0044642857142857
8,important,1,16/06/2020,M12fbb,8,0.0044642857142857
8,indoor,4,16/06/2020,M12fbb,8,0.0178571428571428
8,industry,1,16/06/2020,M12fbb,8,0.0044642857142857
8,infected,2,16/06/2020,M12fbb,8,0.0089285714285714
8,infection,2,16/06/2020,M12fbb,8,0.0089285714285714
8,landscape,1,16/06/2020,M12fbb,8,0.0044642857142857
8,last,1,16/06/2020,M12fbb,8,0.0044642857142857
8,layer,1,16/06/2020,M12fbb,8,0.0044642857142857
8,less,1,16/06/2020,M12fbb,8,0.0044642857142857
8,likely,1,16/06/2020,M12fbb,8,0.0044642857142857
8,long,1,16/06/2020,M12fbb,8,0.0044642857142857
8,low,1,16/06/2020,M12fbb,8,0.0044642857142857
8,magic,1,16/06/2020,M12fbb,8,0.0044642857142857
8,mandate,1,16/06/2020,M12fbb,8,0.0044642857142857
8,mantra,1,16/06/2020,M12fbb,8,0.0044642857142857
8,many,2,16/06/2020,M12fbb,8,0.0089285714285714
8,mask,2,16/06/2020,M12fbb,8,0.0089285714285714
8,mass,1,16/06/2020,M12fbb,8,0.0044642857142857
8,material,1,16/06/2020,M12fbb,8,0.0044642857142857
8,measure,1,16/06/2020,M12fbb,8,0.0044642857142857
8,medical,1,16/06/2020,M12fbb,8,0.0044642857142857
8,meeting,1,16/06/2020,M12fbb,8,0.0044642857142857
8,metre,5,16/06/2020,M12fbb,8,0.0223214285714285
8,minister,1,16/06/2020,M12fbb,8,0.0044642857142857
8,minute,1,16/06/2020,M12fbb,8,0.0044642857142857
8,month,1,16/06/2020,M12fbb,8,0.0044642857142857
8,more,2,16/06/2020,M12fbb,8,0.0089285714285714
8,new,2,16/06/2020,M12fbb,8,0.0089285714285714
8,nightclub,1,16/06/2020,M12fbb,8,0.0044642857142857
8,nose,1,16/06/2020,M12fbb,8,0.0044642857142857
8,one,1,16/06/2020,M12fbb,8,0.0044642857142857
8,onemetre,1,16/06/2020,M12fbb,8,0.0044642857142857
8,order,1,16/06/2020,M12fbb,8,0.0044642857142857
8,other,4,16/06/2020,M12fbb,8,0.0178571428571428
8,outbreak,1,16/06/2020,M12fbb,8,0.0044642857142857
8,paper,1,16/06/2020,M12fbb,8,0.0044642857142857
8,particle,1,16/06/2020,M12fbb,8,0.0044642857142857
8,pavement,1,16/06/2020,M12fbb,8,0.0044642857142857
8,people,4,16/06/2020,M12fbb,8,0.0178571428571428
8,persistent,1,16/06/2020,M12fbb,8,0.0044642857142857
8,person,1,16/06/2020,M12fbb,8,0.0044642857142857
8,portent,1,16/06/2020,M12fbb,8,0.0044642857142857
8,precaution,1,16/06/2020,M12fbb,8,0.0044642857142857
8,precautionary,1,16/06/2020,M12fbb,8,0.0044642857142857
8,principle,1,16/06/2020,M12fbb,8,0.0044642857142857
8,projection,1,16/06/2020,M12fbb,8,0.0044642857142857
8,promask,1,16/06/2020,M12fbb,8,0.0044642857142857
8,propel,1,16/06/2020,M12fbb,8,0.0044642857142857
8,public,3,16/06/2020,M12fbb,8,0.0133928571428571
8,rate,1,16/06/2020,M12fbb,8,0.0044642857142857
8,rationale,1,16/06/2020,M12fbb,8,0.0044642857142857
8,recommendation,2,16/06/2020,M12fbb,8,0.0089285714285714
8,relief,1,16/06/2020,M12fbb,8,0.0044642857142857
8,resurgence,1,16/06/2020,M12fbb,8,0.0044642857142857
8,review,1,16/06/2020,M12fbb,8,0.0044642857142857
8,risk,6,16/06/2020,M12fbb,8,0.0267857142857142
8,rule,2,16/06/2020,M12fbb,8,0.0089285714285714
8,safe,2,16/06/2020,M12fbb,8,0.0089285714285714
8,safety,1,16/06/2020,M12fbb,8,0.0044642857142857
8,same,1,16/06/2020,M12fbb,8,0.0044642857142857
8,scientific,1,16/06/2020,M12fbb,8,0.0044642857142857
8,second,1,16/06/2020,M12fbb,8,0.0044642857142857
8,sector,1,16/06/2020,M12fbb,8,0.0044642857142857
8,shame,1,16/06/2020,M12fbb,8,0.0044642857142857
8,signage,1,16/06/2020,M12fbb,8,0.0044642857142857
8,sneeze,1,16/06/2020,M12fbb,8,0.0044642857142857
8,social,3,16/06/2020,M12fbb,8,0.0133928571428571
8,society,1,16/06/2020,M12fbb,8,0.0044642857142857
8,spending,1,16/06/2020,M12fbb,8,0.0044642857142857
8,strong,1,16/06/2020,M12fbb,8,0.0044642857142857
8,such,2,16/06/2020,M12fbb,8,0.0089285714285714
8,supermarket,1,16/06/2020,M12fbb,8,0.0044642857142857
8,surface,2,16/06/2020,M12fbb,8,0.0089285714285714
8,surprise,1,16/06/2020,M12fbb,8,0.0044642857142857
8,surveillance,1,16/06/2020,M12fbb,8,0.0044642857142857
8,symptom,1,16/06/2020,M12fbb,8,0.0044642857142857
8,system,1,16/06/2020,M12fbb,8,0.0044642857142857
8,table,1,16/06/2020,M12fbb,8,0.0044642857142857
8,theme,1,16/06/2020,M12fbb,8,0.0044642857142857
8,timing,1,16/06/2020,M12fbb,8,0.0044642857142857
8,tough,1,16/06/2020,M12fbb,8,0.0044642857142857
8,trace,1,16/06/2020,M12fbb,8,0.0044642857142857
8,transmission,3,16/06/2020,M12fbb,8,0.0133928571428571
8,transport,1,16/06/2020,M12fbb,8,0.0044642857142857
8,twometre,1,16/06/2020,M12fbb,8,0.0044642857142857
8,uncertain,1,16/06/2020,M12fbb,8,0.0044642857142857
8,uncertainty,1,16/06/2020,M12fbb,8,0.0044642857142857
8,unsafe,1,16/06/2020,M12fbb,8,0.0044642857142857
8,unwelcome,1,16/06/2020,M12fbb,8,0.0044642857142857
8,vaccine,1,16/06/2020,M12fbb,8,0.0044642857142857
8,ventilation,1,16/06/2020,M12fbb,8,0.0044642857142857
8,virus,5,16/06/2020,M12fbb,8,0.0223214285714285
8,virusladen,1,16/06/2020,M12fbb,8,0.0044642857142857
8,visitor,1,16/06/2020,M12fbb,8,0.0044642857142857
8,week,1,16/06/2020,M12fbb,8,0.0044642857142857
8,worth,1,16/06/2020,M12fbb,8,0.0044642857142857
9,More,1,08/03/2019,M1a562,9,0.0019607843137254
9,abortion,1,08/03/2019,M1a562,9,0.0019607843137254
9,african,1,08/03/2019,M1a562,9,0.0019607843137254
9,air,1,08/03/2019,M1a562,9,0.0019607843137254
9,ambulance,1,08/03/2019,M1a562,9,0.0019607843137254
9,analysis,1,08/03/2019,M1a562,9,0.0019607843137254
9,angina,1,08/03/2019,M1a562,9,0.0019607843137254
9,animal,1,08/03/2019,M1a562,9,0.0019607843137254
9,annual,1,08/03/2019,M1a562,9,0.0019607843137254
9,antibiotic,1,08/03/2019,M1a562,9,0.0019607843137254
9,antimicrobial,2,08/03/2019,M1a562,9,0.0039215686274509
9,app,1,08/03/2019,M1a562,9,0.0019607843137254
9,area,3,08/03/2019,M1a562,9,0.0058823529411764
9,audit,1,08/03/2019,M1a562,9,0.0019607843137254
9,autism,1,08/03/2019,M1a562,9,0.0019607843137254
9,baby,1,08/03/2019,M1a562,9,0.0019607843137254
9,bacteria,1,08/03/2019,M1a562,9,0.0019607843137254
9,bacterial,1,08/03/2019,M1a562,9,0.0019607843137254
9,barrier,1,08/03/2019,M1a562,9,0.0019607843137254
9,battle,1,08/03/2019,M1a562,9,0.0019607843137254
9,beneficial,1,08/03/2019,M1a562,9,0.0019607843137254
9,benefit,1,08/03/2019,M1a562,9,0.0019607843137254
9,biennial,1,08/03/2019,M1a562,9,0.0019607843137254
9,biology,1,08/03/2019,M1a562,9,0.0019607843137254
9,blue,1,08/03/2019,M1a562,9,0.0019607843137254
9,board,1,08/03/2019,M1a562,9,0.0019607843137254
9,body,1,08/03/2019,M1a562,9,0.0019607843137254
9,bodys,1,08/03/2019,M1a562,9,0.0019607843137254
9,bowel,1,08/03/2019,M1a562,9,0.0019607843137254
9,british,1,08/03/2019,M1a562,9,0.0019607843137254
9,bureaucracy,1,08/03/2019,M1a562,9,0.0019607843137254
9,cancer,3,08/03/2019,M1a562,9,0.0058823529411764
9,care,1,08/03/2019,M1a562,9,0.0019607843137254
9,cause,1,08/03/2019,M1a562,9,0.0019607843137254
9,cell,1,08/03/2019,M1a562,9,0.0019607843137254
9,cent,5,08/03/2019,M1a562,9,0.0098039215686274
9,chair,1,08/03/2019,M1a562,9,0.0019607843137254
9,change,2,08/03/2019,M1a562,9,0.0039215686274509
9,cheap,1,08/03/2019,M1a562,9,0.0019607843137254
9,chief,1,08/03/2019,M1a562,9,0.0019607843137254
9,child,1,08/03/2019,M1a562,9,0.0019607843137254
9,city,1,08/03/2019,M1a562,9,0.0019607843137254
9,climate,1,08/03/2019,M1a562,9,0.0019607843137254
9,cold,1,08/03/2019,M1a562,9,0.0019607843137254
9,colonialism,1,08/03/2019,M1a562,9,0.0019607843137254
9,commentator,1,08/03/2019,M1a562,9,0.0019607843137254
9,commitment,1,08/03/2019,M1a562,9,0.0019607843137254
9,company,3,08/03/2019,M1a562,9,0.0058823529411764
9,comparable,1,08/03/2019,M1a562,9,0.0019607843137254
9,complimentary,1,08/03/2019,M1a562,9,0.0019607843137254
9,concept,1,08/03/2019,M1a562,9,0.0019607843137254
9,conclusion,1,08/03/2019,M1a562,9,0.0019607843137254
9,condition,2,08/03/2019,M1a562,9,0.0039215686274509
9,conference,1,08/03/2019,M1a562,9,0.0019607843137254
9,confused,1,08/03/2019,M1a562,9,0.0019607843137254
9,consumer,3,08/03/2019,M1a562,9,0.0058823529411764
9,consumption,1,08/03/2019,M1a562,9,0.0019607843137254
9,contract,1,08/03/2019,M1a562,9,0.0019607843137254
9,contribution,1,08/03/2019,M1a562,9,0.0019607843137254
9,correct,1,08/03/2019,M1a562,9,0.0019607843137254
9,countdown,1,08/03/2019,M1a562,9,0.0019607843137254
9,country,4,08/03/2019,M1a562,9,0.0078431372549019
9,coverage,2,08/03/2019,M1a562,9,0.0039215686274509
9,crackdown,1,08/03/2019,M1a562,9,0.0019607843137254
9,cure,2,08/03/2019,M1a562,9,0.0039215686274509
9,dark,1,08/03/2019,M1a562,9,0.0019607843137254
9,database,1,08/03/2019,M1a562,9,0.0019607843137254
9,deadly,1,08/03/2019,M1a562,9,0.0019607843137254
9,death,2,08/03/2019,M1a562,9,0.0039215686274509
9,decade,3,08/03/2019,M1a562,9,0.0058823529411764
9,defence,1,08/03/2019,M1a562,9,0.0019607843137254
9,delay,1,08/03/2019,M1a562,9,0.0019607843137254
9,dependency,1,08/03/2019,M1a562,9,0.0019607843137254
9,depression,1,08/03/2019,M1a562,9,0.0019607843137254
9,device,1,08/03/2019,M1a562,9,0.0019607843137254
9,difficult,1,08/03/2019,M1a562,9,0.0019607843137254
9,discrepancy,1,08/03/2019,M1a562,9,0.0019607843137254
9,discussion,1,08/03/2019,M1a562,9,0.0019607843137254
9,disease,4,08/03/2019,M1a562,9,0.0078431372549019
9,doctor,1,08/03/2019,M1a562,9,0.0019607843137254
9,donor,1,08/03/2019,M1a562,9,0.0019607843137254
9,drama,1,08/03/2019,M1a562,9,0.0019607843137254
9,drug,5,08/03/2019,M1a562,9,0.0098039215686274
9,drugmaker,1,08/03/2019,M1a562,9,0.0019607843137254
9,due,1,08/03/2019,M1a562,9,0.0019607843137254
9,economic,1,08/03/2019,M1a562,9,0.0019607843137254
9,economy,1,08/03/2019,M1a562,9,0.0019607843137254
9,edition,1,08/03/2019,M1a562,9,0.0019607843137254
9,effect,1,08/03/2019,M1a562,9,0.0019607843137254
9,effective,3,08/03/2019,M1a562,9,0.0058823529411764
9,effectiveness,1,08/03/2019,M1a562,9,0.0019607843137254
9,email,2,08/03/2019,M1a562,9,0.0039215686274509
9,emergency,2,08/03/2019,M1a562,9,0.0039215686274509
9,employee,1,08/03/2019,M1a562,9,0.0019607843137254
9,english,1,08/03/2019,M1a562,9,0.0019607843137254
9,environmental,1,08/03/2019,M1a562,9,0.0019607843137254
9,ethic,1,08/03/2019,M1a562,9,0.0019607843137254
9,event,1,08/03/2019,M1a562,9,0.0019607843137254
9,example,1,08/03/2019,M1a562,9,0.0019607843137254
9,executive,1,08/03/2019,M1a562,9,0.0019607843137254
9,expense,1,08/03/2019,M1a562,9,0.0019607843137254
9,expert,1,08/03/2019,M1a562,9,0.0019607843137254
9,expression,1,08/03/2019,M1a562,9,0.0019607843137254
9,faecal,2,08/03/2019,M1a562,9,0.0039215686274509
9,fairness,1,08/03/2019,M1a562,9,0.0019607843137254
9,famous,1,08/03/2019,M1a562,9,0.0019607843137254
9,few,1,08/03/2019,M1a562,9,0.0019607843137254
9,fight,1,08/03/2019,M1a562,9,0.0019607843137254
9,finance,1,08/03/2019,M1a562,9,0.0019607843137254
9,first,3,08/03/2019,M1a562,9,0.0058823529411764
9,fiveyear,1,08/03/2019,M1a562,9,0.0019607843137254
9,free,3,08/03/2019,M1a562,9,0.0058823529411764
9,french,1,08/03/2019,M1a562,9,0.0019607843137254
9,fund,1,08/03/2019,M1a562,9,0.0019607843137254
9,funding,1,08/03/2019,M1a562,9,0.0019607843137254
9,furore,1,08/03/2019,M1a562,9,0.0019607843137254
9,gap,1,08/03/2019,M1a562,9,0.0019607843137254
9,gender,1,08/03/2019,M1a562,9,0.0019607843137254
9,gene,2,08/03/2019,M1a562,9,0.0039215686274509
9,general,1,08/03/2019,M1a562,9,0.0019607843137254
9,generic,1,08/03/2019,M1a562,9,0.0019607843137254
9,genetic,1,08/03/2019,M1a562,9,0.0019607843137254
9,girl,1,08/03/2019,M1a562,9,0.0019607843137254
9,global,7,08/03/2019,M1a562,9,0.0137254901960784
9,government,4,08/03/2019,M1a562,9,0.0078431372549019
9,graphic,1,08/03/2019,M1a562,9,0.0019607843137254
9,great,3,08/03/2019,M1a562,9,0.0058823529411764
9,guidance,1,08/03/2019,M1a562,9,0.0019607843137254
9,guideline,1,08/03/2019,M1a562,9,0.0019607843137254
9,gut,1,08/03/2019,M1a562,9,0.0019607843137254
9,harassment,1,08/03/2019,M1a562,9,0.0019607843137254
9,harmful,1,08/03/2019,M1a562,9,0.0019607843137254
9,head,2,08/03/2019,M1a562,9,0.0039215686274509
9,health,18,08/03/2019,M1a562,9,0.0352941176470588
9,healthcare,2,08/03/2019,M1a562,9,0.0039215686274509
9,healthftcom,1,08/03/2019,M1a562,9,0.0019607843137254
9,healthy,1,08/03/2019,M1a562,9,0.0019607843137254
9,hearing,3,08/03/2019,M1a562,9,0.0058823529411764
9,heart,1,08/03/2019,M1a562,9,0.0019607843137254
9,here,1,08/03/2019,M1a562,9,0.0019607843137254
9,high,1,08/03/2019,M1a562,9,0.0019607843137254
9,highlight,1,08/03/2019,M1a562,9,0.0019607843137254
9,highrisk,1,08/03/2019,M1a562,9,0.0019607843137254
9,hold,1,08/03/2019,M1a562,9,0.0019607843137254
9,hope,1,08/03/2019,M1a562,9,0.0019607843137254
9,human,2,08/03/2019,M1a562,9,0.0039215686274509
9,illness,1,08/03/2019,M1a562,9,0.0019607843137254
9,imbalance,1,08/03/2019,M1a562,9,0.0019607843137254
9,immunisation,1,08/03/2019,M1a562,9,0.0019607843137254
9,incentive,1,08/03/2019,M1a562,9,0.0019607843137254
9,incident,1,08/03/2019,M1a562,9,0.0019607843137254
9,increase,2,08/03/2019,M1a562,9,0.0039215686274509
9,inequality,2,08/03/2019,M1a562,9,0.0039215686274509
9,infection,1,08/03/2019,M1a562,9,0.0019607843137254
9,infectious,1,08/03/2019,M1a562,9,0.0019607843137254
9,information,1,08/03/2019,M1a562,9,0.0019607843137254
9,injection,1,08/03/2019,M1a562,9,0.0019607843137254
9,insect,1,08/03/2019,M1a562,9,0.0019607843137254
9,insulin,1,08/03/2019,M1a562,9,0.0019607843137254
9,intake,1,08/03/2019,M1a562,9,0.0019607843137254
9,interference,1,08/03/2019,M1a562,9,0.0019607843137254
9,international,2,08/03/2019,M1a562,9,0.0039215686274509
9,intervention,1,08/03/2019,M1a562,9,0.0019607843137254
9,invading,1,08/03/2019,M1a562,9,0.0019607843137254
9,investigation,1,08/03/2019,M1a562,9,0.0019607843137254
9,investment,1,08/03/2019,M1a562,9,0.0019607843137254
9,isolation,1,08/03/2019,M1a562,9,0.0019607843137254
9,job,1,08/03/2019,M1a562,9,0.0019607843137254
9,journal,1,08/03/2019,M1a562,9,0.0019607843137254
9,knock,1,08/03/2019,M1a562,9,0.0019607843137254
9,latestage,1,08/03/2019,M1a562,9,0.0019607843137254
9,leadership,1,08/03/2019,M1a562,9,0.0019607843137254
9,legacy,1,08/03/2019,M1a562,9,0.0019607843137254
9,less,1,08/03/2019,M1a562,9,0.0019607843137254
9,level,1,08/03/2019,M1a562,9,0.0019607843137254
9,likely,1,08/03/2019,M1a562,9,0.0019607843137254
9,limit,1,08/03/2019,M1a562,9,0.0019607843137254
9,link,1,08/03/2019,M1a562,9,0.0019607843137254
9,little,1,08/03/2019,M1a562,9,0.0019607843137254
9,long,2,08/03/2019,M1a562,9,0.0039215686274509
9,loss,2,08/03/2019,M1a562,9,0.0039215686274509
9,low,1,08/03/2019,M1a562,9,0.0019607843137254
9,m,2,08/03/2019,M1a562,9,0.0039215686274509
9,main,1,08/03/2019,M1a562,9,0.0019607843137254
9,malfunction,1,08/03/2019,M1a562,9,0.0019607843137254
9,man,2,08/03/2019,M1a562,9,0.0039215686274509
9,many,2,08/03/2019,M1a562,9,0.0039215686274509
9,market,1,08/03/2019,M1a562,9,0.0019607843137254
9,mass,1,08/03/2019,M1a562,9,0.0019607843137254
9,maternal,1,08/03/2019,M1a562,9,0.0019607843137254
9,matter,1,08/03/2019,M1a562,9,0.0019607843137254
9,measle,1,08/03/2019,M1a562,9,0.0019607843137254
9,medical,2,08/03/2019,M1a562,9,0.0039215686274509
9,medicine,1,08/03/2019,M1a562,9,0.0019607843137254
9,menstruation,1,08/03/2019,M1a562,9,0.0019607843137254
9,mental,1,08/03/2019,M1a562,9,0.0019607843137254
9,merging,1,08/03/2019,M1a562,9,0.0019607843137254
9,metaphor,1,08/03/2019,M1a562,9,0.0019607843137254
9,microbe,1,08/03/2019,M1a562,9,0.0019607843137254
9,microbiota,1,08/03/2019,M1a562,9,0.0019607843137254
9,migrant,2,08/03/2019,M1a562,9,0.0039215686274509
9,min,1,08/03/2019,M1a562,9,0.0019607843137254
9,minister,2,08/03/2019,M1a562,9,0.0039215686274509
9,misinformation,1,08/03/2019,M1a562,9,0.0019607843137254
9,mixed,1,08/03/2019,M1a562,9,0.0019607843137254
9,more,7,08/03/2019,M1a562,9,0.0137254901960784
9,mortality,2,08/03/2019,M1a562,9,0.0039215686274509
9,mosquito,2,08/03/2019,M1a562,9,0.0039215686274509
9,national,1,08/03/2019,M1a562,9,0.0019607843137254
9,native,1,08/03/2019,M1a562,9,0.0019607843137254
9,nervous,1,08/03/2019,M1a562,9,0.0019607843137254
9,new,5,08/03/2019,M1a562,9,0.0098039215686274
9,next,1,08/03/2019,M1a562,9,0.0019607843137254
9,nextgeneration,1,08/03/2019,M1a562,9,0.0019607843137254
9,nicotine,1,08/03/2019,M1a562,9,0.0019607843137254
9,number,1,08/03/2019,M1a562,9,0.0019607843137254
9,nutrition,1,08/03/2019,M1a562,9,0.0019607843137254
9,official,1,08/03/2019,M1a562,9,0.0019607843137254
9,one,1,08/03/2019,M1a562,9,0.0019607843137254
9,operating,1,08/03/2019,M1a562,9,0.0019607843137254
9,organisation,2,08/03/2019,M1a562,9,0.0039215686274509
9,origin,1,08/03/2019,M1a562,9,0.0019607843137254
9,original,1,08/03/2019,M1a562,9,0.0019607843137254
9,other,2,08/03/2019,M1a562,9,0.0039215686274509
9,outside,2,08/03/2019,M1a562,9,0.0039215686274509
9,own,4,08/03/2019,M1a562,9,0.0078431372549019
9,pathogen,1,08/03/2019,M1a562,9,0.0019607843137254
9,patient,2,08/03/2019,M1a562,9,0.0039215686274509
9,patientcentred,1,08/03/2019,M1a562,9,0.0019607843137254
9,pay,1,08/03/2019,M1a562,9,0.0019607843137254
9,people,8,08/03/2019,M1a562,9,0.0156862745098039
9,per,2,08/03/2019,M1a562,9,0.0039215686274509
9,performance,1,08/03/2019,M1a562,9,0.0019607843137254
9,period,1,08/03/2019,M1a562,9,0.0019607843137254
9,person,1,08/03/2019,M1a562,9,0.0019607843137254
9,pharma,1,08/03/2019,M1a562,9,0.0019607843137254
9,physician,1,08/03/2019,M1a562,9,0.0019607843137254
9,place,1,08/03/2019,M1a562,9,0.0019607843137254
9,political,1,08/03/2019,M1a562,9,0.0019607843137254
9,pollution,2,08/03/2019,M1a562,9,0.0039215686274509
9,poor,2,08/03/2019,M1a562,9,0.0039215686274509
9,popular,1,08/03/2019,M1a562,9,0.0019607843137254
9,population,3,08/03/2019,M1a562,9,0.0058823529411764
9,positive,1,08/03/2019,M1a562,9,0.0019607843137254
9,possible,1,08/03/2019,M1a562,9,0.0019607843137254
9,potassium,1,08/03/2019,M1a562,9,0.0019607843137254
9,pound,1,08/03/2019,M1a562,9,0.0019607843137254
9,poverty,2,08/03/2019,M1a562,9,0.0039215686274509
9,precedent,1,08/03/2019,M1a562,9,0.0019607843137254
9,pregnant,1,08/03/2019,M1a562,9,0.0019607843137254
9,presence,1,08/03/2019,M1a562,9,0.0019607843137254
9,pressure,1,08/03/2019,M1a562,9,0.0019607843137254
9,previous,1,08/03/2019,M1a562,9,0.0019607843137254
9,price,2,08/03/2019,M1a562,9,0.0039215686274509
9,prime,1,08/03/2019,M1a562,9,0.0019607843137254
9,priority,1,08/03/2019,M1a562,9,0.0019607843137254
9,problem,2,08/03/2019,M1a562,9,0.0039215686274509
9,process,2,08/03/2019,M1a562,9,0.0039215686274509
9,professionalism,1,08/03/2019,M1a562,9,0.0019607843137254
9,programme,1,08/03/2019,M1a562,9,0.0019607843137254
9,progress,1,08/03/2019,M1a562,9,0.0019607843137254
9,prominent,1,08/03/2019,M1a562,9,0.0019607843137254
9,promise,1,08/03/2019,M1a562,9,0.0019607843137254
9,prosecutor,1,08/03/2019,M1a562,9,0.0019607843137254
9,public,4,08/03/2019,M1a562,9,0.0078431372549019
9,quarter,1,08/03/2019,M1a562,9,0.0019607843137254
9,quit,1,08/03/2019,M1a562,9,0.0019607843137254
9,reaction,1,08/03/2019,M1a562,9,0.0019607843137254
9,recent,1,08/03/2019,M1a562,9,0.0019607843137254
9,reform,1,08/03/2019,M1a562,9,0.0019607843137254
9,region,1,08/03/2019,M1a562,9,0.0019607843137254
9,regulation,1,08/03/2019,M1a562,9,0.0019607843137254
9,remission,1,08/03/2019,M1a562,9,0.0019607843137254
9,report,3,08/03/2019,M1a562,9,0.0058823529411764
9,reproductive,1,08/03/2019,M1a562,9,0.0019607843137254
9,research,2,08/03/2019,M1a562,9,0.0039215686274509
9,researcher,1,08/03/2019,M1a562,9,0.0019607843137254
9,resistance,1,08/03/2019,M1a562,9,0.0019607843137254
9,resistant,1,08/03/2019,M1a562,9,0.0019607843137254
9,response,1,08/03/2019,M1a562,9,0.0019607843137254
9,revamp,1,08/03/2019,M1a562,9,0.0019607843137254
9,rich,2,08/03/2019,M1a562,9,0.0039215686274509
9,right,2,08/03/2019,M1a562,9,0.0039215686274509
9,risk,4,08/03/2019,M1a562,9,0.0078431372549019
9,room,1,08/03/2019,M1a562,9,0.0019607843137254
9,row,1,08/03/2019,M1a562,9,0.0019607843137254
9,rural,1,08/03/2019,M1a562,9,0.0019607843137254
9,salt,1,08/03/2019,M1a562,9,0.0019607843137254
9,sanitary,1,08/03/2019,M1a562,9,0.0019607843137254
9,satisfaction,1,08/03/2019,M1a562,9,0.0019607843137254
9,second,1,08/03/2019,M1a562,9,0.0019607843137254
9,sector,2,08/03/2019,M1a562,9,0.0039215686274509
9,service,1,08/03/2019,M1a562,9,0.0019607843137254
9,severity,1,08/03/2019,M1a562,9,0.0019607843137254
9,sewage,1,08/03/2019,M1a562,9,0.0019607843137254
9,sexual,2,08/03/2019,M1a562,9,0.0039215686274509
9,shakeup,1,08/03/2019,M1a562,9,0.0019607843137254
9,shed,1,08/03/2019,M1a562,9,0.0019607843137254
9,show,1,08/03/2019,M1a562,9,0.0019607843137254
9,sick,1,08/03/2019,M1a562,9,0.0019607843137254
9,sign,1,08/03/2019,M1a562,9,0.0019607843137254
9,social,1,08/03/2019,M1a562,9,0.0019607843137254
9,sodium,1,08/03/2019,M1a562,9,0.0019607843137254
9,solution,1,08/03/2019,M1a562,9,0.0019607843137254
9,space,1,08/03/2019,M1a562,9,0.0019607843137254
9,spray,1,08/03/2019,M1a562,9,0.0019607843137254
9,stem,1,08/03/2019,M1a562,9,0.0019607843137254
9,stigma,1,08/03/2019,M1a562,9,0.0019607843137254
9,story,1,08/03/2019,M1a562,9,0.0019607843137254
9,success,1,08/03/2019,M1a562,9,0.0019607843137254
9,such,1,08/03/2019,M1a562,9,0.0019607843137254
9,support,1,08/03/2019,M1a562,9,0.0019607843137254
9,surgical,1,08/03/2019,M1a562,9,0.0019607843137254
9,sweeping,1,08/03/2019,M1a562,9,0.0019607843137254
9,target,1,08/03/2019,M1a562,9,0.0019607843137254
9,technology,2,08/03/2019,M1a562,9,0.0039215686274509
9,test,2,08/03/2019,M1a562,9,0.0039215686274509
9,thank,1,08/03/2019,M1a562,9,0.0019607843137254
9,threat,1,08/03/2019,M1a562,9,0.0019607843137254
9,time,2,08/03/2019,M1a562,9,0.0039215686274509
9,timeline,1,08/03/2019,M1a562,9,0.0019607843137254
9,tobacco,1,08/03/2019,M1a562,9,0.0019607843137254
9,top,1,08/03/2019,M1a562,9,0.0019607843137254
9,total,1,08/03/2019,M1a562,9,0.0019607843137254
9,transfer,1,08/03/2019,M1a562,9,0.0019607843137254
9,transparency,1,08/03/2019,M1a562,9,0.0019607843137254
9,transplant,2,08/03/2019,M1a562,9,0.0039215686274509
9,treatment,1,08/03/2019,M1a562,9,0.0019607843137254
9,trial,1,08/03/2019,M1a562,9,0.0019607843137254
9,underfive,1,08/03/2019,M1a562,9,0.0019607843137254
9,unexpected,1,08/03/2019,M1a562,9,0.0019607843137254
9,universal,2,08/03/2019,M1a562,9,0.0039215686274509
9,universality,1,08/03/2019,M1a562,9,0.0019607843137254
9,unrelated,1,08/03/2019,M1a562,9,0.0019607843137254
9,unsafe,1,08/03/2019,M1a562,9,0.0019607843137254
9,use,1,08/03/2019,M1a562,9,0.0019607843137254
9,vaccination,2,08/03/2019,M1a562,9,0.0039215686274509
9,vaccine,3,08/03/2019,M1a562,9,0.0058823529411764
9,version,1,08/03/2019,M1a562,9,0.0019607843137254
9,video,1,08/03/2019,M1a562,9,0.0019607843137254
9,view,1,08/03/2019,M1a562,9,0.0019607843137254
9,virus,1,08/03/2019,M1a562,9,0.0019607843137254
9,visualisation,1,08/03/2019,M1a562,9,0.0019607843137254
9,wait,1,08/03/2019,M1a562,9,0.0019607843137254
9,war,1,08/03/2019,M1a562,9,0.0019607843137254
9,way,3,08/03/2019,M1a562,9,0.0058823529411764
9,website,1,08/03/2019,M1a562,9,0.0019607843137254
9,week,2,08/03/2019,M1a562,9,0.0039215686274509
9,well,1,08/03/2019,M1a562,9,0.0019607843137254
9,wide,1,08/03/2019,M1a562,9,0.0019607843137254
9,woman,4,08/03/2019,M1a562,9,0.0078431372549019
9,workforce,1,08/03/2019,M1a562,9,0.0019607843137254
9,workplace,1,08/03/2019,M1a562,9,0.0019607843137254
9,world,5,08/03/2019,M1a562,9,0.0098039215686274
9,year,5,08/03/2019,M1a562,9,0.0098039215686274
9,young,1,08/03/2019,M1a562,9,0.0019607843137254
