,doc_id,word,JSD,kl_distance
0,1,Most,0.0,0.0
1,1,able,0.008728668449199116,-0.17066559091210268
2,1,advocate,0.0,0.0
3,1,age,0.0,0.0
4,1,attention,0.0,0.0
5,1,autism,0.04843516090238256,-0.28644632213499716
6,1,autistic,0.0,0.0
7,1,average,0.0,0.0
8,1,bowel,0.015500169454980811,-0.2200782845394479
9,1,boy,0.009756107109461669,-0.13159982549938312
10,1,british,0.005696347982796367,-0.10737869196439308
11,1,bulk,0.0,0.0
12,1,case,0.007385306492693785,-0.14203151713171058
13,1,central,0.004396168972807114,-0.08164650043586774
14,1,certain,0.009569638592506697,-0.18911176904819488
15,1,child,0.035849440472692035,-0.23944174411879396
16,1,childhood,0.0,0.0
17,1,children,0.0,0.0
18,1,claim,0.0,0.0
19,1,coauthor,0.0,0.0
20,1,colonoscopy,0.0,0.0
21,1,complaint,0.0,0.0
22,1,concern,0.0,0.0
23,1,condition,0.0022628977861812627,-0.041052195543059104
24,1,confident,0.0,0.0
25,1,country,0.008641576517007938,0.14108641262087995
26,1,critic,0.0,0.0
27,1,decade,0.003311697505862816,-0.06076764567267181
28,1,disorder,0.0,0.0
29,1,distress,0.0,0.0
30,1,early,0.003469632047762847,-0.06377648418476717
31,1,estimate,0.0,0.0
32,1,evidence,0.00024632178928898235,-0.0030837607570671274
33,1,fact,0.0,0.0
34,1,fear,0.010490038842708497,-0.1423876336565341
35,1,first,0.020084035108185877,0.29915299287672303
36,1,further,0.0,0.0
37,1,gastrointestinal,0.0,0.0
38,1,genetic,0.026256258306880845,-0.32236457080049413
39,1,gi,0.0,0.0
40,1,half,0.0008277431608875488,-0.014790117644778781
41,1,hundred,0.009569638592506697,-0.18911176904819488
42,1,infant,0.0,0.0
43,1,infectious,0.00785219776830792,-0.15187128137904696
44,1,international,0.0010836422045468132,0.01898788819226976
45,1,intestine,0.0,0.0
46,1,issue,0.026895974111248794,0.3817783491296108
47,1,journal,0.00785219776830792,-0.15187128137904696
48,1,kid,0.0,0.0
49,1,last,0.001036477154612004,-0.01856020078781405
50,1,link,0.020900729230024364,-0.24542184447887247
51,1,many,0.0073056271626807945,0.12069263151527775
52,1,material,0.003469632047762847,-0.06377648418476717
53,1,measle,0.04368509918781251,-0.2835874464207622
54,1,medicine,0.00785219776830792,-0.15187128137904696
55,1,modern,0.0014699949009905663,-0.026443482961948598
56,1,month,0.0019418949321278061,-0.03510786858718273
57,1,more,0.029810258369320667,0.4150047015938832
58,1,mump,0.0,0.0
59,1,nervous,0.00785219776830792,-0.15187128137904696
60,1,neurologic,0.0,0.0
61,1,new,0.00017436029139945036,0.0021761947086262542
62,1,one,0.0024567456973782595,-0.04466199254769201
63,1,online,0.009569638592506697,-0.18911176904819488
64,1,other,0.00011515512195180456,-0.0014402778596657702
65,1,pain,0.0,0.0
66,1,parent,0.0,0.0
67,1,part,0.004424284808045545,0.07504894083882149
68,1,patient,0.005377937632959033,-0.05657934957870942
69,1,population,0.0019264357866830037,-0.0348226361201429
70,1,precede,0.0,0.0
71,1,problem,0.011804117078162556,-0.16206206546071256
72,1,product,0.013359125055805013,0.2096113794326628
73,1,prominent,0.00785219776830792,-0.15187128137904696
74,1,quarter,0.00785219776830792,-0.15187128137904696
75,1,question,0.0062180489954532245,-0.11792975962386062
76,1,rarity,0.0,0.0
77,1,rash,0.0,0.0
78,1,red,0.0,0.0
79,1,relationship,0.0,0.0
80,1,research,0.011127379714353106,-0.15187128137904046
81,1,researcher,0.029262444484511707,-0.36911553482320003
82,1,respect,0.0,0.0
83,1,role,0.01110693871087583,-0.22394867787458772
84,1,rubella,0.0,0.0
85,1,safe,0.009605501982146299,-0.12940339846110685
86,1,same,0.009676637794462687,0.1565737341361245
87,1,sample,0.011979293874953422,0.1381374729476597
88,1,serious,0.0,0.0
89,1,sign,0.010527605228851308,-0.2106443860710046
90,1,significant,0.0037136964797967464,0.06342069868908047
91,1,similar,0.0,0.0
92,1,skin,0.0,0.0
93,1,son,0.0,0.0
94,1,study,0.0,0.0
95,1,subgroup,0.0,0.0
96,1,suffering,0.0,0.0
97,1,surge,0.0,0.0
98,1,symptom,0.005444012315632096,-0.10232266392609914
99,1,system,0.014010538504992207,0.21867866421711513
100,1,team,0.015197096921158969,-0.21516196257804415
101,1,technology,0.0009497547401068133,0.016664259592199016
102,1,test,0.0651235373185971,0.7452236090527877
103,1,thousand,0.0,0.0
104,1,tissue,0.0,0.0
105,1,trace,0.009970911614133783,-0.13474264010234768
106,1,turn,0.016797913095518115,-0.24147563101745836
107,1,unvaccinated,0.0,0.0
108,1,vaccination,0.017188058460620773,-0.19613247393898497
109,1,vaccine,0.06750761068314998,-0.4965378222718152
110,1,virus,0.040938659478747516,-0.32777683561639975
111,1,waste,0.0,0.0
112,1,work,0.02187618800443413,-0.2588907705435641
113,1,year,0.007604060843214119,-0.08115393638794934
114,1,young,0.015500169454980811,-0.2200782845394479
115,1,youngster,0.0,0.0
116,2,aftermath,0.0,0.0
117,2,american,0.0,0.0
118,2,attraction,0.0,0.0
119,2,building,0.03372312281520177,-0.2807433236454551
120,2,child,0.010020152007429513,-0.07386660374826719
121,2,contributor,0.0,0.0
122,2,cult,0.0,0.0
123,2,cyanide,0.0,0.0
124,2,day,0.05237892513978835,-0.4934313887460984
125,2,dead,0.03129409922309654,-0.256914452170283
126,2,death,0.045234538360158456,-0.4048149851475106
127,2,excerpt,0.0,0.0
128,2,first,0.05208076089280102,-0.48951437619207605
129,2,follower,0.0,0.0
130,2,government,0.04132146293803256,-0.36035852943691404
131,2,grim,0.0,0.0
132,2,grisly,0.0,0.0
133,2,history,0.029821313363527478,-0.24280905079968085
134,2,jonestown,0.0,0.0
135,2,jungle,0.0,0.0
136,2,leader,0.04161532980543575,-0.3636087166084906
137,2,local,0.0,0.0
138,2,man,0.04339665755771731,-0.3836114684349249
139,2,massacre,0.0,0.0
140,2,more,0.042516504739680716,-0.3736626674749159
141,2,program,0.0,0.0
142,2,report,0.02758386527735108,-0.2218487496163583
143,2,story,0.054951021065657524,-0.5281158131954368
144,2,superstitious,0.0,0.0
145,2,today,0.03129409922309654,-0.256914452170283
146,2,tourist,0.048238951006696854,-0.2807433236454559
147,2,year,0.04419072473186709,-0.39270005073708597
148,3,10bn,0.0,0.0
149,3,1970,0.0,0.0
150,3,1980,0.0,0.0
151,3,25bn,0.0,0.0
152,3,39bn,0.0,0.0
153,3,59th,0.0,0.0
154,3,6th,0.0,0.0
155,3,70,0.0,0.0
156,3,74bn,0.0,0.0
157,3,80,0.0,0.0
158,3,89bn,0.0,0.0
159,3,92nd,0.0,0.0
160,3,More,0.0024965337991555174,0.07811549218294775
161,3,able,0.002686991941070341,0.06002772804264006
162,3,absence,0.0030564647495984554,0.09472396234258401
163,3,accessible,0.007201805129362637,0.2089582591140264
164,3,additional,0.0,0.0
165,3,administration,0.0,0.0
166,3,advisory,0.0,0.0
167,3,affordable,0.0,0.0
168,3,afternoon,0.0,0.0
169,3,aid,0.0,0.0
170,3,alchemy,0.0,0.0
171,3,anchor,0.0,0.0
172,3,anew,0.0,0.0
173,3,annual,0.0024965337991555174,0.07811549218294775
174,3,antiquated,0.0,0.0
175,3,apartment,0.0,0.0
176,3,app,0.0024965337991555174,0.07811549218294775
177,3,appeal,0.0,0.0
178,3,architecture,0.0,0.0
179,3,ardent,0.0,0.0
180,3,area,0.016042090254968788,0.4134969913697928
181,3,art,0.0,0.0
182,3,article,0.0,0.0
183,3,attack,0.0,0.0
184,3,authority,0.01715493011494017,0.43634897954684543
185,3,bad,0.0,0.0
186,3,bailout,0.0,0.0
187,3,bankruptcy,0.0,0.0
188,3,base,0.0,0.0
189,3,basic,0.0,0.0
190,3,bastion,0.0,0.0
191,3,beautiful,0.0,0.0
192,3,big,0.004382161044868058,0.09589108712554273
193,3,billion,0.0,0.0
194,3,billionaire,0.0,0.0
195,3,bluestate,0.0,0.0
196,3,breakpoint,0.0,0.0
197,3,brutal,0.0,0.0
198,3,budget,0.0,0.0
199,3,building,0.058606344013921424,1.0396473600420677
200,3,burden,0.0,0.0
201,3,business,0.022550850264610466,0.279755734190868
202,3,button,0.0,0.0
203,3,cake,0.0,0.0
204,3,campaign,0.0,0.0
205,3,capital,0.0,0.0
206,3,car,0.0,0.0
207,3,careful,0.0,0.0
208,3,case,0.014911085626243187,0.3896917974870134
209,3,catastrophe,0.0,0.0
210,3,cent,0.025479458082995475,0.4532075629353672
211,3,centre,0.007201805129362637,0.2089582591140264
212,3,certain,0.012756721452766556,0.342611545570529
213,3,chairman,0.0,0.0
214,3,challenge,0.0,0.0
215,3,challenging,0.0,0.0
216,3,champagne,0.0,0.0
217,3,chance,0.016619937858615402,0.3195335968743822
218,3,characteristic,0.0,0.0
219,3,charitable,0.0,0.0
220,3,cheap,0.0029598759762064783,-0.07133309955050791
221,3,cheaper,0.0,0.0
222,3,cheapmoney,0.0,0.0
223,3,chef,0.0,0.0
224,3,chief,0.009581653818939318,0.26859550475811683
225,3,circle,0.0,0.0
226,3,circulatory,0.0,0.0
227,3,city,0.03573053566414371,-0.2765081100975958
228,3,citys,0.0,0.0
229,3,civic,0.0,0.0
230,3,class,0.012066279370049775,0.32700883804984515
231,3,cleaner,0.0,0.0
232,3,cleaning,0.0,0.0
233,3,cleanliness,0.0,0.0
234,3,collaboration,0.0,0.0
235,3,community,0.0,0.0
236,3,company,0.04069453103873356,0.8236800128537063
237,3,complicated,0.0,0.0
238,3,conclusion,0.006418799233646161,0.1884566130871361
239,3,confidence,0.0,0.0
240,3,consensus,0.0,0.0
241,3,consequential,0.0,0.0
242,3,constructive,0.0,0.0
243,3,convenient,0.0,0.0
244,3,convention,0.0,0.0
245,3,coronavirus,0.008413796583128283,0.12761207921101217
246,3,cost,0.010194207767087586,0.2089582591140264
247,3,course,0.012066279370049775,0.32700883804984515
248,3,crash,0.0,0.0
249,3,credit,0.0,0.0
250,3,crisis,0.0,0.0
251,3,critical,0.029831325118273255,0.6640576656025972
252,3,crowded,0.0,0.0
253,3,cultural,0.0,0.0
254,3,culture,0.005334458198422526,0.09526806594107977
255,3,cut,0.0,0.0
256,3,darker,0.0,0.0
257,3,daughter,0.0,0.0
258,3,day,0.015689773333655607,0.2248993036134544
259,3,death,0.04782157423387115,0.9155756985400124
260,3,decade,0.018892094203542553,0.4709556689460521
261,3,decay,0.0,0.0
262,3,decision,0.030250331941576926,0.6707331232903491
263,3,decontamination,0.0,0.0
264,3,deep,0.0,0.0
265,3,delivery,0.0,0.0
266,3,density,0.0,0.0
267,3,dependence,0.0,0.0
268,3,depth,0.0,0.0
269,3,design,0.0,0.0
270,3,devastating,0.0,0.0
271,3,developer,0.0030298629205537777,-0.059164132525743394
272,3,development,0.005302321967174589,0.09472396234259021
273,3,different,0.027021349824169722,0.6180485252523209
274,3,difficult,0.0127808655854759,0.3431524781845469
275,3,direct,0.0,0.0
276,3,disaster,0.0,0.0
277,3,disparity,0.0,0.0
278,3,divisive,0.0,0.0
279,3,dollar,0.0,0.0
280,3,done,0.0,0.0
281,3,doomsayer,0.0,0.0
282,3,door,0.0,0.0
283,3,doubt,0.0,0.0
284,3,downtown,0.0,0.0
285,3,downturn,0.0,0.0
286,3,driver,0.0,0.0
287,3,drove,0.0,0.0
288,3,easy,0.010825450172645091,0.2982957086767273
289,3,economic,0.004268123770318245,-0.08457632910704556
290,3,economy,0.025898331425316216,0.5990252422243406
291,3,elder,0.0,0.0
292,3,elevator,0.0,0.0
293,3,emergency,0.008627906249486696,0.2451574368955903
294,3,employer,0.0,0.0
295,3,empty,0.0,0.0
296,3,end,0.01173955107218389,0.3195335968743822
297,3,era,0.0,0.0
298,3,essential,0.0024879023707426954,-0.059552288112090145
299,3,estate,0.0,0.0
300,3,everpresent,0.0,0.0
301,3,example,0.006556775023231634,0.13987605353303342
302,3,executive,0.0029598759762064783,-0.07133309955050791
303,3,exodus,0.0,0.0
304,3,expense,0.0024965337991555174,0.07811549218294775
305,3,expensive,0.0,0.0
306,3,experience,0.010825450172645091,0.2982957086767273
307,3,eye,0.01173955107218389,0.3195335968743822
308,3,failure,0.0,0.0
309,3,faith,0.0,0.0
310,3,fare,0.0,0.0
311,3,fatality,0.0,0.0
312,3,fear,0.012784812172125286,0.21324442190649825
313,3,federal,0.0,0.0
314,3,few,0.019333232565273438,0.47954670644972525
315,3,field,0.007201805129362637,0.2089582591140264
316,3,figure,0.0030564647495984554,0.09472396234258401
317,3,finance,0.009813785082521355,0.274211207958428
318,3,financial,0.0,0.0
319,3,firm,0.0,0.0
320,3,first,0.0412282170659514,0.8308763074954469
321,3,firstclass,0.0,0.0
322,3,fiscal,0.0,0.0
323,3,fix,0.0,0.0
324,3,flight,0.0,0.0
325,3,flood,0.0,0.0
326,3,flow,0.0,0.0
327,3,focus,0.0,0.0
328,3,foot,0.0,0.0
329,3,force,0.0,0.0
330,3,former,0.007201805129362637,0.2089582591140264
331,3,free,0.020852297487906388,0.5085508068853027
332,3,frontline,0.0,0.0
333,3,fund,0.0024965337991555174,0.07811549218294775
334,3,funding,0.0024965337991555174,0.07811549218294775
335,3,future,0.01738300712811109,0.2790726947477351
336,3,gallery,0.0,0.0
337,3,gamechanger,0.0,0.0
338,3,generation,0.0,0.0
339,3,ghost,0.0,0.0
340,3,giant,0.0,0.0
341,3,global,0.03636036162631569,0.7631421031392815
342,3,good,0.02002242345914522,0.4928152034117357
343,3,government,0.020815669382749806,0.2610621499145777
344,3,governor,0.0,0.0
345,3,great,0.014723546835888692,0.3856857990044709
346,3,gritty,0.0,0.0
347,3,group,0.0036144379068124947,0.0798288542268312
348,3,guard,0.0,0.0
349,3,gunpoint,0.0,0.0
350,3,hastilyerected,0.0,0.0
351,3,head,0.008627906249486696,0.2451574368955903
352,3,headquarters,0.0,0.0
353,3,health,0.04805531035822867,0.9184443590115523
354,3,heavy,0.01173955107218389,0.3195335968743822
355,3,high,0.00886000553516903,0.25091627146517353
356,3,hightax,0.0,0.0
357,3,history,0.04515136749357901,0.6004603781681694
358,3,hole,0.0,0.0
359,3,hope,0.006514517500821541,-0.13273116209819685
360,3,hospital,0.010825450172645091,0.2982957086767273
361,3,hostility,0.0,0.0
362,3,housing,0.0,0.0
363,3,hub,0.0,0.0
364,3,huge,0.010872099770954905,0.29939136047477427
365,3,hundred,0.012756721452766556,0.342611545570529
366,3,hurricane,0.0,0.0
367,3,icing,0.0,0.0
368,3,immediate,0.0,0.0
369,3,impact,0.012066279370049775,0.32700883804984515
370,3,impossible,0.0,0.0
371,3,inch,0.0,0.0
372,3,inclined,0.0,0.0
373,3,indignity,0.0,0.0
374,3,industry,0.01767949446678169,0.33656175884531087
375,3,inequity,0.0,0.0
376,3,infection,0.030850210361245686,0.6802100536400685
377,3,infusion,0.0,0.0
378,3,institution,0.0,0.0
379,3,intellectual,0.01719157272110992,0.4370921326341889
380,3,interest,0.007201805129362637,0.2089582591140264
381,3,internal,0.0,0.0
382,3,interval,0.0,0.0
383,3,investment,0.0029598759762064783,-0.07133309955050791
384,3,job,0.018927447887467197,0.47164703823621257
385,3,key,0.0030564647495984554,0.09472396234258401
386,3,kitchen,0.012066279370049775,0.32700883804984515
387,3,large,0.0020641729108718883,-0.039859973800128776
388,3,last,0.010368122655178384,0.2121331181669287
389,3,late,0.0,0.0
390,3,launch,0.0,0.0
391,3,leader,0.03358738118250229,0.47966071235935964
392,3,least,0.0,0.0
393,3,less,0.0017380900771673013,0.03929675720969634
394,3,life,0.0030298629205537777,-0.059164132525743394
395,3,like,0.0,0.0
396,3,liquidity,0.0,0.0
397,3,longerlasting,0.0,0.0
398,3,magnetic,0.0,0.0
399,3,majority,0.0,0.0
400,3,mall,0.0,0.0
401,3,many,0.010280952374537567,0.1752946914143289
402,3,market,0.062032061809144716,1.0758699299052077
403,3,matter,0.0029598759762064783,-0.07133309955050791
404,3,mayor,0.0,0.0
405,3,meal,0.0,0.0
406,3,mean,0.0,0.0
407,3,member,0.0010913385679644876,0.024880484410588866
408,3,metropolis,0.0,0.0
409,3,million,0.0030564647495984554,0.09472396234258401
410,3,modern,0.001516686069369607,0.028158576937102567
411,3,moment,0.0010913385679644876,0.024880484410588866
412,3,month,0.001044755123522753,0.01949419131186843
413,3,more,0.013964410213313391,0.1685767658289531
414,3,morgue,0.0,0.0
415,3,motion,0.0,0.0
416,3,mould,0.0,0.0
417,3,murder,0.0,0.0
418,3,museum,0.0,0.0
419,3,nation,0.0,0.0
420,3,nearby,0.0,0.0
421,3,need,0.007201805129362637,0.2089582591140264
422,3,neighbourhood,0.0,0.0
423,3,nettlesome,0.0,0.0
424,3,new,0.0008205869587164137,-0.0101685350229343
425,3,next,0.011890804079383277,-0.19421937729198852
426,3,nightfall,0.0,0.0
427,3,note,0.0,0.0
428,3,office,0.0,0.0
429,3,offlimit,0.0,0.0
430,3,old,0.007201805129362637,0.2089582591140264
431,3,one,0.0005297850135170019,0.009940067351359197
432,3,onetime,0.0,0.0
433,3,online,0.012756721452766556,0.342611545570529
434,3,only,0.012401477591452307,0.33461620581491835
435,3,opportunity,0.0,0.0
436,3,other,0.02662519619377648,-0.2826303198838093
437,3,outbreak,0.014325403496148211,0.37712419666990243
438,3,overabundance,0.0,0.0
439,3,overheated,0.0,0.0
440,3,own,0.010405633547677293,0.21281644253368653
441,3,oyster,0.0,0.0
442,3,pandemic,0.0024879023707426954,-0.059552288112090145
443,3,partisan,0.0,0.0
444,3,partner,0.012066279370049775,0.32700883804984515
445,3,party,0.0,0.0
446,3,passenger,0.0,0.0
447,3,patient,0.05086489897758736,0.9522652197596768
448,3,payroll,0.0,0.0
449,3,pendulum,0.0,0.0
450,3,people,0.03256665050007641,0.5479889188101233
451,3,per,0.008627906249486696,0.2451574368955903
452,3,periodic,0.0,0.0
453,3,phase,0.0,0.0
454,3,place,0.000713146498351916,0.013353995683245514
455,3,plague,0.0,0.0
456,3,plan,0.012066279370049775,0.32700883804984515
457,3,plea,0.0,0.0
458,3,policy,0.0010913385679644876,0.024880484410588866
459,3,politic,0.0,0.0
460,3,poor,0.009946514660783657,0.27740695031754337
461,3,population,0.009483649812902846,0.19587068283459985
462,3,position,0.0,0.0
463,3,possibility,0.0,0.0
464,3,postal,0.0,0.0
465,3,power,0.03725240054640358,0.775918368951361
466,3,president,0.024433727834229445,0.5736344705490004
467,3,progressive,0.012066279370049775,0.32700883804984515
468,3,property,0.01775955423034228,0.33783584443318404
469,3,prying,0.0,0.0
470,3,psychological,0.0,0.0
471,3,public,0.013822488287353062,0.1815718340567098
472,3,pull,0.0,0.0
473,3,purpose,0.0,0.0
474,3,quality,0.0,0.0
475,3,quick,0.0,0.0
476,3,race,0.0030564647495984554,0.09472396234258401
477,3,radow,0.0,0.0
478,3,rare,0.0,0.0
479,3,rate,0.009880316264866993,0.27581446381768515
480,3,real,0.0,0.0
481,3,recent,0.008935155582096375,0.25277320440625806
482,3,reckoning,0.0,0.0
483,3,recovery,0.0,0.0
484,3,reflexive,0.0,0.0
485,3,reform,0.0024965337991555174,0.07811549218294775
486,3,regime,0.0,0.0
487,3,regulation,0.0024965337991555174,0.07811549218294775
488,3,reliance,0.0,0.0
489,3,reminder,0.0,0.0
490,3,remote,0.0,0.0
491,3,rent,0.0,0.0
492,3,reopening,0.0,0.0
493,3,resentment,0.0,0.0
494,3,reset,0.0,0.0
495,3,resident,0.0,0.0
496,3,resilience,0.0,0.0
497,3,response,0.006270002133339854,0.18450790989613855
498,3,restaurant,0.0,0.0
499,3,retail,0.0,0.0
500,3,retailer,0.0,0.0
501,3,revenue,0.0,0.0
502,3,reversion,0.0,0.0
503,3,reviewer,0.0,0.0
504,3,revival,0.0,0.0
505,3,rich,0.0110162896970867,0.30276978961446993
506,3,ridership,0.0,0.0
507,3,rise,0.0,0.0
508,3,risktaker,0.0,0.0
509,3,role,0.011230858882670497,0.30777463674413624
510,3,safe,0.021957338232962177,0.4023199161576171
511,3,safety,0.01173955107218389,0.3195335968743822
512,3,same,0.02095143518490277,0.38726705309086723
513,3,science,0.007201805129362637,0.2089582591140264
514,3,scrub,0.0,0.0
515,3,sculpture,0.0,0.0
516,3,second,0.0192622792777567,0.4781701364156299
517,3,sector,0.02087289102539923,0.5089380072770975
518,3,security,0.0,0.0
519,3,selfdescribed,0.0,0.0
520,3,senior,0.0,0.0
521,3,sense,0.0,0.0
522,3,service,0.0019542326751700568,0.04406215215042405
523,3,shard,0.0,0.0
524,3,shopping,0.0,0.0
525,3,shortfall,0.0,0.0
526,3,shutdown,0.0,0.0
527,3,side,0.01775955423034228,0.33783584443318404
528,3,sight,0.0,0.0
529,3,single,0.0,0.0
530,3,situation,0.012066279370049775,0.32700883804984515
531,3,sixfoot,0.0,0.0
532,3,skyhigh,0.0,0.0
533,3,small,0.010825450172645091,0.2982957086767273
534,3,smartphone,0.0,0.0
535,3,social,0.03854877152947201,0.7941871507423651
536,3,soft,0.0,0.0
537,3,soldier,0.0,0.0
538,3,sort,0.0,0.0
539,3,soup,0.0,0.0
540,3,source,0.007201805129362637,0.2089582591140264
541,3,space,0.006629831762649595,-0.1352795699465244
542,3,spot,0.0,0.0
543,3,state,0.0,0.0
544,3,steady,0.0,0.0
545,3,stock,0.0,0.0
546,3,storefront,0.0,0.0
547,3,story,0.03841191254705376,0.7922748704920863
548,3,stream,0.0,0.0
549,3,strong,0.019007404823180564,0.47320880839739426
550,3,struggle,0.0,0.0
551,3,subway,0.0,0.0
552,3,success,0.0024965337991555174,0.07811549218294775
553,3,successor,0.0,0.0
554,3,such,0.011652751504896228,0.23524872784715023
555,3,sum,0.0,0.0
556,3,support,0.0024965337991555174,0.07811549218294775
557,3,supporter,0.0,0.0
558,3,sustained,0.0,0.0
559,3,sympathy,0.0,0.0
560,3,system,0.00363028167303036,0.051431974499807895
561,3,tableau,0.0,0.0
562,3,talent,0.0,0.0
563,3,task,0.0,0.0
564,3,taste,0.0,0.0
565,3,tax,0.01719157272110992,0.4370921326341889
566,3,taxis,0.0,0.0
567,3,tech,0.0,0.0
568,3,technology,0.01233874147153991,0.2473575785469417
569,3,tenant,0.0,0.0
570,3,term,0.007201805129362637,0.2089582591140264
571,3,terror,0.0,0.0
572,3,terrorist,0.0,0.0
573,3,tester,0.0,0.0
574,3,testing,0.04319521006588965,0.8569411320659323
575,3,thing,0.018502797466056486,0.4633092321720807
576,3,third,0.0,0.0
577,3,thirdgeneration,0.0,0.0
578,3,threat,0.008935155582096375,0.25277320440625806
579,3,time,0.0045930080653405585,-0.05459531555227602
580,3,toll,0.0,0.0
581,3,top,0.018927447887467197,0.47164703823621257
582,3,tourism,0.0,0.0
583,3,tourist,0.08318467242205053,1.0396473600420677
584,3,town,0.0,0.0
585,3,traffic,0.0,0.0
586,3,transport,0.01173955107218389,0.3195335968743822
587,3,trapping,0.0,0.0
588,3,treatment,0.0024965337991555174,0.07811549218294775
589,3,trepidation,0.0,0.0
590,3,trick,0.0,0.0
591,3,tristate,0.0,0.0
592,3,troubling,0.0,0.0
593,3,turn,0.025447310822620164,0.5912776792652468
594,3,twobedroom,0.0,0.0
595,3,ugly,0.0,0.0
596,3,unable,0.0,0.0
597,3,uncertainty,0.009880316264866993,0.27581446381768515
598,3,underground,0.0,0.0
599,3,undertaking,0.0,0.0
600,3,unemployment,0.0,0.0
601,3,unimaginable,0.0,0.0
602,3,unique,0.0,0.0
603,3,unused,0.0,0.0
604,3,urban,0.0,0.0
605,3,vaccine,0.04872145298886283,0.7341554966829283
606,3,value,0.0,0.0
607,3,various,0.0030564647495984554,0.09472396234258401
608,3,vast,0.0,0.0
609,3,versailleslike,0.0,0.0
610,3,very,0.0,0.0
611,3,veteran,0.0,0.0
612,3,viability,0.0,0.0
613,3,vibrant,0.0,0.0
614,3,vintage,0.0,0.0
615,3,virtuous,0.0,0.0
616,3,virus,0.0422847950558072,0.5719232642969082
617,3,vulnerability,0.0,0.0
618,3,vulnerable,0.0,0.0
619,3,wake,0.0,0.0
620,3,way,0.007297812714731923,-0.12836688262802554
621,3,wealthy,0.0,0.0
622,3,week,0.028214317989563524,0.6378517323684085
623,3,well,0.0024965337991555174,0.07811549218294775
624,3,west,0.0,0.0
625,3,widespread,0.0,0.0
626,3,worker,0.0,0.0
627,3,workforce,0.0024965337991555174,0.07811549218294775
628,3,world,0.016990116759596004,0.24123633649093273
629,3,wreckage,0.0,0.0
630,3,wrong,0.007201805129362637,0.2089582591140264
631,3,year,0.017896322259047474,0.22872062861440579
632,4,access,0.03987030993598193,-0.2600581676541228
633,4,balanced,0.0,0.0
634,4,clarity,0.0,0.0
635,4,company,0.05534672874074204,-0.5163062268971973
636,4,concept,0.02191167392019153,-0.24893232707229151
637,4,decisionmaker,0.019713289304947545,-0.2202583416797911
638,4,difference,0.0,0.0
639,4,different,0.03354034062270637,-0.4209077188346
640,4,drug,0.03418036484619807,-0.21737751253051638
641,4,evolve,0.0,0.0
642,4,factor,0.0,0.0
643,4,full,0.021664606954594403,-0.2456580626872559
644,4,future,0.024405719476995998,-0.2827622946195131
645,4,global,0.023902127395524702,-0.27581414094763934
646,4,government,0.007669614763720405,-0.078924089836312
647,4,host,0.0,0.0
648,4,innovative,0.03150810032216012,-0.38796105862440955
649,4,landscape,0.030451513420703662,-0.24219064455030898
650,4,low,0.03292113693321345,-0.4107171963471843
651,4,market,0.08409733142955735,-0.5651463055096778
652,4,model,0.0,0.0
653,4,more,0.008893196919012655,-0.09222822787431388
654,4,much,0.019713289304947545,-0.2202583416797911
655,4,new,0.018433627203483474,-0.20402673909558952
656,4,patient,0.044776491017201096,-0.38772101999122666
657,4,pbm,0.0,0.0
658,4,perspective,0.0,0.0
659,4,pharma,0.02191167392019153,-0.24893232707229151
660,4,pharmaceutical,0.0,0.0
661,4,power,0.02296450908261454,-0.26303787513556
662,4,price,0.031175689975340135,-0.24893232707228802
663,4,pricing,0.0,0.0
664,4,product,0.02546792883097812,-0.2976215500355342
665,4,provider,0.0,0.0
666,4,reality,0.0,0.0
667,4,rebate,0.0,0.0
668,4,revolutionary,0.0,0.0
669,4,same,0.029099107569090458,-0.3506591953320725
670,4,spectrum,0.0,0.0
671,4,stakeholder,0.0,0.0
672,4,strategy,0.0,0.0
673,4,system,0.024822140356639287,-0.28855426525108185
674,4,therapy,0.0,0.0
675,4,time,0.01734429119228732,-0.19046157264724178
676,4,transition,0.0,0.0
677,4,work,0.02485423552640179,-0.2890024452920987
678,5,20th,0.0,0.0
679,5,academic,0.0,0.0
680,5,accessible,0.00592314598796822,-0.1404842216313178
681,5,air,0.0002847468328486062,0.006205283020793702
682,5,anecdote,0.0,0.0
683,5,answer,0.0,0.0
684,5,anticompetitive,0.0,0.0
685,5,arrangement,0.0,0.0
686,5,artist,0.0,0.0
687,5,assessment,0.0,0.0
688,5,author,0.0,0.0
689,5,available,0.0031560979828545235,0.06642729856160275
690,5,basis,0.0,0.0
691,5,benefit,0.01067023404167531,-0.18317405399409872
692,5,big,0.0022312481642174785,0.047478602044179724
693,5,blue,0.003930220894371026,-0.0905698349770528
694,5,board,0.0013079014171481283,-0.029088980417830024
695,5,brow,0.0,0.0
696,5,bureaucracy,0.003930220894371026,-0.0905698349770528
697,5,business,0.04150040444655194,0.629283257781555
698,5,capture,0.0,0.0
699,5,case,0.0018836270816355858,0.040249316741669164
700,5,cent,0.005509718419934025,-0.07232617686565829
701,5,central,0.00487678914206464,0.10063433343751198
702,5,centre,0.00592314598796822,-0.1404842216313178
703,5,century,0.0,0.0
704,5,citizenpublisher,0.0,0.0
705,5,clear,0.0031560979828545235,0.06642729856160275
706,5,clearance,0.0,0.0
707,5,closedmindedness,0.0,0.0
708,5,code,0.0034738319987314536,-0.07954482453844029
709,5,column,0.0,0.0
710,5,committee,0.0,0.0
711,5,communism,0.0,0.0
712,5,company,0.028547556309696874,0.47423753210836206
713,5,competition,0.0,0.0
714,5,compilation,0.0,0.0
715,5,complex,0.0,0.0
716,5,conclusion,0.0067077453757244995,-0.1609858676582081
717,5,consumer,0.007857064465944346,0.15694090496044866
718,5,contract,0.01067023404167531,-0.18317405399409872
719,5,contribution,0.003930220894371026,-0.0905698349770528
720,5,control,0.0,0.0
721,5,conversation,0.0,0.0
722,5,copyright,0.0,0.0
723,5,corporate,0.0,0.0
724,5,corruption,0.0,0.0
725,5,cost,0.008387949221673203,-0.1404842216313178
726,5,cosy,0.0,0.0
727,5,country,0.017827529774241086,0.3233672464942597
728,5,creativity,0.0,0.0
729,5,culture,0.004833527395349404,-0.07808315574857286
730,5,cyberspace,0.0,0.0
731,5,cynical,0.0,0.0
732,5,dance,0.0,0.0
733,5,dataanalysis,0.0,0.0
734,5,database,0.014540918317341578,-0.26111360460440863
735,5,datum,0.0019769205316052417,-0.02525135473416185
736,5,dauteur,0.0,0.0
737,5,day,0.028800170790351243,0.4775168141960804
738,5,dead,0.049526328480002525,0.7140337507718958
739,5,decision,0.011309763857433056,-0.1558306121746575
740,5,decisionmaker,0.02816543939568461,0.46925542166178563
741,5,delusion,0.0,0.0
742,5,developer,0.003259199918532055,0.06851464144858517
743,5,directive,0.0,0.0
744,5,documentary,0.0,0.0
745,5,domain,0.0,0.0
746,5,doughnut,0.0,0.0
747,5,droit,0.0,0.0
748,5,early,0.0058023982205871235,0.11850434968861254
749,5,earthism,0.0,0.0
750,5,economic,0.0020204776162352093,0.04310244486728299
751,5,effect,0.01067023404167531,-0.18317405399409872
752,5,electronic,0.0,0.0
753,5,european,0.010311659070448023,-0.1763184599407502
754,5,evidence,0.00024719254449864764,0.0031058140606313785
755,5,evidencefree,0.0,0.0
756,5,example,0.012022894133297416,-0.20956642721231078
757,5,exchange,0.0,0.0
758,5,explanation,0.0,0.0
759,5,factory,0.004258794480608936,0.08850017519545726
760,5,few,0.006413228719456268,0.13010422570438104
761,5,field,0.00592314598796822,-0.1404842216313178
762,5,film,0.0,0.0
763,5,filmmaker,0.0,0.0
764,5,fine,0.003967432778140663,0.08272127254024333
765,5,first,0.029103061755844126,0.48143382675010277
766,5,flat,0.0,0.0
767,5,flavour,0.0,0.0
768,5,former,0.00592314598796822,-0.1404842216313178
769,5,founder,0.0,0.0
770,5,free,0.008466734473722017,-0.14192166952402263
771,5,freesoftware,0.0,0.0
772,5,gene,0.007508708954624404,0.15053895407621481
773,5,godless,0.0,0.0
774,5,good,0.0218541361556016,-0.3337485320532709
775,5,great,0.001692230274822995,0.03624331825912674
776,5,ground,0.0,0.0
777,5,group,0.0014627721881008383,0.03141636914546823
778,5,harm,0.0,0.0
779,5,honest,0.0,0.0
780,5,hope,0.00023034071332937508,-0.005052388123868353
781,5,huge,0.002223332842439122,-0.050051120270569946
782,5,idea,0.003993110441446302,-0.06398231066687737
783,5,ideology,0.0,0.0
784,5,important,0.0042387341834240495,-0.06807924002952503
785,5,incentive,0.003930220894371026,-0.0905698349770528
786,5,industry,0.024035994303795463,-0.3139107175640145
787,5,information,0.01067023404167531,-0.18317405399409872
788,5,innovation,0.0,0.0
789,5,innovative,0.016415695493427543,0.3015527047171671
790,5,intellectual,0.012214760453800707,-0.21338034377513648
791,5,interest,0.00592314598796822,-0.1404842216313178
792,5,international,0.006098466970565544,-0.09976127359833172
793,5,inventor,0.0,0.0
794,5,landmine,0.0,0.0
795,5,large,0.004224341894674224,0.08781880017419973
796,5,latter,0.0,0.0
797,5,law,0.0,0.0
798,5,life,0.003259199918532055,0.06851464144858517
799,5,line,0.0,0.0
800,5,little,0.003930220894371026,-0.0905698349770528
801,5,lock,0.0,0.0
802,5,maker,0.0,0.0
803,5,making,0.0,0.0
804,5,man,0.03778498691523358,0.5873367345072539
805,5,many,0.0125057378259803,-0.17414778933100497
806,5,material,0.0058023982205871235,0.11850434968861254
807,5,maximalism,0.0,0.0
808,5,member,0.0010614481209211466,-0.023532000670774163
809,5,mistake,0.0,0.0
810,5,moment,0.0010614481209211466,-0.023532000670774163
811,5,money,0.0,0.0
812,5,monopolistic,0.0,0.0
813,5,more,0.0004374727441961089,-0.004774455860699519
814,5,most,0.0,0.0
815,5,much,0.02816543939568461,0.46925542166178563
816,5,music,0.0,0.0
817,5,natural,0.0,0.0
818,5,necessary,0.0,0.0
819,5,need,0.00592314598796822,-0.1404842216313178
820,5,new,0.013295629514969844,0.18445702858200602
821,5,obvious,0.0,0.0
822,5,official,0.003906541317067926,0.08150876515504653
823,5,old,0.00592314598796822,-0.1404842216313178
824,5,one,0.009628369394011158,-0.16341115433829348
825,5,only,0.0006721326881946511,-0.014826274930425825
826,5,open,0.0,0.0
827,5,other,0.013007587898080196,0.18084055601371396
828,5,own,0.00826629487498822,0.16440395745232358
829,5,pact,0.0,0.0
830,5,part,0.01365368805254477,0.25732977471220125
831,5,past,0.008880195808917943,0.17548512569573058
832,5,patent,0.0,0.0
833,5,point,0.0,0.0
834,5,policy,0.0010614481209211466,-0.023532000670774163
835,5,policyprocess,0.0,0.0
836,5,press,0.0,0.0
837,5,process,0.004384224638166164,0.0909764161292057
838,5,property,0.013373406674080662,-0.18769789536784143
839,5,proposal,0.0,0.0
840,5,protection,0.0,0.0
841,5,public,0.024141705334528436,-0.24705189273624684
842,5,question,0.0030537871362782028,0.06435107424951911
843,5,reader,0.0034738319987314536,-0.07954482453844029
844,5,remarkable,0.0,0.0
845,5,response,0.006856640948956541,-0.16493457084920565
846,5,responsible,0.0,0.0
847,5,rich,0.002077306362954921,-0.04667269113087426
848,5,right,0.04697750611414527,-0.38182147222829677
849,5,role,0.0018599170142039776,-0.041667844001207974
850,5,rule,0.005620589712105124,0.08272127254024333
851,5,salad,0.0,0.0
852,5,science,0.00592314598796822,-0.1404842216313178
853,5,scientist,0.010311659070448023,-0.1763184599407502
854,5,sequence,0.0034738319987314536,-0.07954482453844029
855,5,side,0.013373406674080662,-0.18769789536784143
856,5,significant,0.003470368902685931,-0.05532846310152102
857,5,silly,0.0,0.0
858,5,simple,0.0034738319987314536,-0.07954482453844029
859,5,slim,0.0,0.0
860,5,society,0.0005581523106738266,0.01212192268662424
861,5,software,0.0,0.0
862,5,source,0.00592314598796822,-0.1404842216313178
863,5,speech,0.0,0.0
864,5,stake,0.0,0.0
865,5,strand,0.0,0.0
866,5,strong,0.010361275754238735,-0.17726366801193105
867,5,structure,0.004258794480608936,0.08850017519545726
868,5,stupidity,0.0,0.0
869,5,subject,0.0,0.0
870,5,such,0.006922686721442323,-0.11419375289819399
871,5,sweat,0.0,0.0
872,5,tax,0.012214760453800707,-0.21338034377513648
873,5,technologist,0.0,0.0
874,5,term,0.00592314598796822,-0.1404842216313178
875,5,theatre,0.0,0.0
876,5,theme,0.003967432778140663,0.08272127254024333
877,5,thin,0.0,0.0
878,5,thing,0.010877506322721189,-0.18716324423724465
879,5,tiny,0.0,0.0
880,5,today,0.049526328480002525,0.7140337507718958
881,5,tomb,0.0,0.0
882,5,trivial,0.0,0.0
883,5,true,0.0,0.0
884,5,tune,0.0,0.0
885,5,university,0.0034738319987314536,-0.07954482453844029
886,5,unoriginal,0.0,0.0
887,5,valley,0.0,0.0
888,5,viable,0.0,0.0
889,5,view,0.003930220894371026,-0.0905698349770528
890,5,way,0.0061039976107740155,0.12425062795460043
891,5,weak,0.0,0.0
892,5,work,0.023093780664944646,0.4005113180494781
893,5,world,0.0013423411889674339,0.01673259235389625
894,5,worldview,0.0,0.0
895,5,worried,0.0,0.0
896,5,writer,0.0,0.0
897,5,wrong,0.00592314598796822,-0.1404842216313178
898,5,year,0.008521010332503519,0.10112689748543041
899,6,able,0.007839170559835474,0.18861601958896562
900,6,absence,0.002769903179466205,-0.07771774177507158
901,6,accuracy,0.0,0.0
902,6,accurate,0.0,0.0
903,6,addition,0.0,0.0
904,6,ample,0.0,0.0
905,6,antibody,0.0,0.0
906,6,antigen,0.0,0.0
907,6,authority,0.012193570731599873,-0.21321397929047267
908,6,available,0.0029400957665958777,-0.057601920474689886
909,6,back,0.0,0.0
910,6,biotech,0.0,0.0
911,6,blood,0.0,0.0
912,6,board,0.006004606573542805,0.1479117962098585
913,6,body,0.0053356071526261505,0.13259942016895848
914,6,business,0.04813317861747192,0.8062840344092436
915,6,capacity,0.0,0.0
916,6,cent,0.01743183929665545,0.28076585881771154
917,6,centralised,0.0,0.0
918,6,chain,0.0,0.0
919,6,champion,0.0,0.0
920,6,change,0.017791907486833118,0.3826057105955788
921,6,chemical,0.008449315474196655,0.20175866759390632
922,6,chinese,0.0,0.0
923,6,clear,0.0029400957665958777,-0.057601920474689886
924,6,clinical,0.0,0.0
925,6,code,0.003842735935904476,0.09745595208924829
926,6,collection,0.0,0.0
927,6,colour,0.0,0.0
928,6,company,0.0038857833890909555,-0.04773169559997238
929,6,component,0.0,0.0
930,6,contrast,0.0,0.0
931,6,conventional,0.0,0.0
932,6,coronavirus,0.01783289471335786,-0.2209208839623204
933,6,country,0.014812547415705759,-0.19860198121407477
934,6,couple,0.0,0.0
935,6,cumulative,0.0,0.0
936,6,current,0.0,0.0
937,6,database,0.009164056000676527,0.21691716768726102
938,6,datum,0.0020364800695311693,0.026810685285226708
939,6,delay,0.0005118949972693203,-0.013843227174296957
940,6,development,0.004806859790115462,-0.07771774177505515
941,6,diagnosis,0.0,0.0
942,6,diagnostic,0.0,0.0
943,6,different,0.021495003967690773,0.4456068211346653
944,6,disease,0.01655869627963641,0.3606532451055984
945,6,doctor,0.0005118949972693203,-0.013843227174296957
946,6,drawing,0.0,0.0
947,6,drivein,0.0,0.0
948,6,durable,0.0,0.0
949,6,easy,0.008354324383204687,-0.1751759911049096
950,6,editing,0.0,0.0
951,6,effort,0.0,0.0
952,6,emergency,0.002826570914939229,0.07271573277793465
953,6,enough,0.0,0.0
954,6,epidemiological,0.0,0.0
955,6,equivalent,0.0,0.0
956,6,essential,0.0026778421346733672,0.0690360034342354
957,6,european,0.013387235790350043,0.30171231235091955
958,6,exhaustive,0.0,0.0
959,6,experience,0.008354324383204687,-0.1751759911049096
960,6,experienced,0.0,0.0
961,6,extensive,0.0,0.0
962,6,false,0.004211694555823447,-0.06770142836419754
963,6,fast,0.0,0.0
964,6,few,0.026138737034786936,-0.3918650020039534
965,6,figure,0.002769903179466205,-0.07771774177507158
966,6,finger,0.0,0.0
967,6,first,0.00435626676135221,0.0563746120498289
968,6,full,0.03318749963437891,0.6208564772820094
969,6,gene,0.008874917728338117,-0.14958152401575908
970,6,genetic,0.012715074491530084,0.21300829875625535
971,6,genevabased,0.0,0.0
972,6,global,0.031019445023891402,0.590700399021626
973,6,glue,0.0,0.0
974,6,goal,0.0,0.0
975,6,good,0.01436975209778398,0.32037349929408004
976,6,government,0.015455650200553717,0.1855304588049909
977,6,great,0.008989775847528652,0.21324409488681534
978,6,group,0.0046324581163867205,-0.09261284989082444
979,6,head,0.002826570914939229,0.07271573277793465
980,6,health,0.002896017136651614,-0.032148595489750444
981,6,high,0.0030605796440247744,0.07847456734751786
982,6,highquality,0.0,0.0
983,6,hospital,0.008354324383204687,-0.1751759911049096
984,6,hour,0.0,0.0
985,6,huge,0.005091634728423491,0.12694965635711858
986,6,hunger,0.0,0.0
987,6,imaginative,0.0,0.0
988,6,immune,0.0,0.0
989,6,immunity,0.0,0.0
990,6,immunology,0.0,0.0
991,6,impatience,0.0,0.0
992,6,imperative,0.0,0.0
993,6,inaccurate,0.0,0.0
994,6,incorrect,0.0,0.0
995,6,individual,0.0,0.0
996,6,infection,0.02751525214479079,-0.337329690491847
997,6,infrastructure,0.0,0.0
998,6,innovative,0.02353204974972186,0.4785534813448557
999,6,instance,0.0,0.0
1000,6,key,0.002769903179466205,-0.07771774177507158
1001,6,kit,0.0,0.0
1002,6,lab,0.0,0.0
1003,6,laboratory,0.0,0.0
1004,6,laggard,0.0,0.0
1005,6,large,0.0018712267900091526,-0.036210418862092905
1006,6,last,0.008154751194112136,-0.13639984500640823
1007,6,lecturer,0.0,0.0
1008,6,limitation,0.0,0.0
1009,6,list,0.0,0.0
1010,6,low,0.02211752420945306,0.455797343622081
1011,6,main,0.0005118949972693203,-0.013843227174296957
1012,6,major,0.0,0.0
1013,6,manufacturer,0.0,0.0
1014,6,manufacturing,0.0,0.0
1015,6,many,0.008506024117684663,-0.12208574931161639
1016,6,market,0.057204214288497805,0.903428225787552
1017,6,medical,0.009434173177101976,0.22258107979249078
1018,6,microbial,0.0,0.0
1019,6,mild,0.0,0.0
1020,6,million,0.002769903179466205,-0.07771774177507158
1021,6,minute,0.0081371885587783,0.19505909813165667
1022,6,mobilisation,0.0,0.0
1023,6,molecule,0.0,0.0
1024,6,month,0.0012377321586089216,0.023143746249904333
1025,6,more,0.02284813729745348,0.297165057375289
1026,6,mount,0.0,0.0
1027,6,negative,0.0,0.0
1028,6,new,0.009924920274368351,-0.11566344950997134
1029,6,nonprofit,0.0,0.0
1030,6,nose,0.0081371885587783,0.19505909813165667
1031,6,number,0.006549652833662496,-0.13411835406245604
1032,6,official,0.012463347082899685,-0.21861171293692738
1033,6,one,0.0007227722531704925,0.013589622289395071
1034,6,operating,0.0005118949972693203,-0.013843227174296957
1035,6,option,0.0,0.0
1036,6,other,0.013066122173465311,0.18175007358572123
1037,6,outbreak,0.004808878952360627,-0.0963475031117344
1038,6,outsized,0.0,0.0
1039,6,pandemic,0.0026778421346733672,0.0690360034342354
1040,6,past,0.007502277714322825,-0.12463535239624336
1041,6,pathogenesis,0.0,0.0
1042,6,patient,0.0001536398509674549,0.0016722652583741708
1043,6,people,0.02463876274269572,0.37554721469246777
1044,6,per,0.002826570914939229,0.07271573277793465
1045,6,place,0.014245470066932706,0.31803354628526265
1046,6,player,0.0,0.0
1047,6,polymerase,0.0,0.0
1048,6,population,0.0012531931007538786,0.023428978716944215
1049,6,positive,0.0005118949972693203,-0.013843227174296957
1050,6,possible,0.0005118949972693203,-0.013843227174296957
1051,6,potential,0.0,0.0
1052,6,practice,0.0,0.0
1053,6,presence,0.010647751351320442,-0.18295771800860203
1054,6,present,0.0,0.0
1055,6,prick,0.0,0.0
1056,6,private,0.0,0.0
1057,6,problem,0.001383773174569785,0.021128285984674457
1058,6,procedure,0.0,0.0
1059,6,processing,0.0,0.0
1060,6,product,0.006261744748259342,0.09177173521406862
1061,6,professor,0.02046873652933795,0.42856375610365904
1062,6,prolonged,0.0,0.0
1063,6,protein,0.0,0.0
1064,6,province,0.0,0.0
1065,6,public,0.017087451439832303,0.2309788795554229
1066,6,question,0.010341398786339795,0.24135185087720767
1067,6,race,0.002769903179466205,-0.07771774177507158
1068,6,rate,0.004089981834869884,0.1033727597000295
1069,6,reaction,0.0005118949972693203,-0.013843227174296957
1070,6,reader,0.003842735935904476,0.09745595208924829
1071,6,ready,0.0,0.0
1072,6,reagent,0.0,0.0
1073,6,recent,0.010252507267606127,-0.22069849537537875
1074,6,regional,0.0,0.0
1075,6,regulator,0.0,0.0
1076,6,reinfection,0.0,0.0
1077,6,reliability,0.0,0.0
1078,6,reliable,0.0,0.0
1079,6,representative,0.0,0.0
1080,6,reproducible,0.0,0.0
1081,6,researcher,0.022827502383055493,0.4672873303975306
1082,6,resistance,0.0005118949972693203,-0.013843227174296957
1083,6,resource,0.0,0.0
1084,6,respiratory,0.0,0.0
1085,6,response,0.00045290298468989373,0.012066205778482907
1086,6,result,0.0,0.0
1087,6,role,0.005454200375000524,0.13533293262648058
1088,6,sample,0.010454554446729597,-0.10464090787923702
1089,6,scale,0.0,0.0
1090,6,scientist,0.013387235790350043,0.30171231235091955
1091,6,scratch,0.0,0.0
1092,6,second,0.00024860803323409044,0.004698436633993014
1093,6,secondlarg,0.0,0.0
1094,6,secretary,0.0,0.0
1095,6,sector,0.017028462881164448,-0.2655636881685205
1096,6,sequence,0.003842735935904476,0.09745595208924829
1097,6,serological,0.0,0.0
1098,6,several,0.0,0.0
1099,6,short,0.0,0.0
1100,6,sign,0.006036583985267361,0.14863722443006366
1101,6,simple,0.003842735935904476,0.09745595208924829
1102,6,site,0.008449315474196655,0.20175866759390632
1103,6,size,0.0,0.0
1104,6,slogan,0.0,0.0
1105,6,slow,0.0,0.0
1106,6,small,0.008354324383204687,-0.1751759911049096
1107,6,society,0.007862530099464018,0.18912269931431278
1108,6,special,0.0,0.0
1109,6,specific,0.0,0.0
1110,6,spread,0.0,0.0
1111,6,staff,0.0,0.0
1112,6,standard,0.0,0.0
1113,6,station,0.0,0.0
1114,6,storm,0.0,0.0
1115,6,story,0.033112802491974985,0.6198331663744306
1116,6,such,0.0034368645119130414,0.06280702372949458
1117,6,supply,0.0,0.0
1118,6,swab,0.0,0.0
1119,6,symptom,0.011109960013644327,0.25695894657496915
1120,6,team,0.021467232531498466,0.4451496435870053
1121,6,technician,0.0,0.0
1122,6,technique,0.0,0.0
1123,6,technology,0.014833270002644406,-0.22611412123469515
1124,6,test,0.07430467755623159,-0.42697369748840336
1125,6,testing,0.02598587323061384,-0.2697430814910506
1126,6,threat,0.010252507267606127,-0.22069849537537875
1127,6,throat,0.0,0.0
1128,6,total,0.0005118949972693203,-0.013843227174296957
1129,6,tract,0.0,0.0
1130,6,traditional,0.008449315474196655,0.20175866759390632
1131,6,trap,0.0,0.0
1132,6,type,0.0,0.0
1133,6,uncertainty,0.004089981834869884,0.1033727597000295
1134,6,university,0.003842735935904476,0.09745595208924829
1135,6,use,0.006549652833662496,-0.13411835406245604
1136,6,various,0.002769903179466205,-0.07771774177507158
1137,6,virus,0.0027699421613978656,-0.026487172093020834
1138,6,way,0.013363217511694359,0.301251404582289
1139,6,week,0.03022146723010413,-0.37968801176350686
1140,6,welloff,0.0,0.0
1141,6,work,0.03009257565501837,0.5775120946771667
1142,6,world,0.002315090292168789,-0.02811538063477572
1143,6,worry,0.0,0.0
1144,6,year,0.031202449319544343,0.4542189331688002
1145,7,104woman,0.0,0.0
1146,7,access,0.06352036382618323,0.7445938452628019
1147,7,advice,0.0,0.0
1148,7,alluring,0.0,0.0
1149,7,association,0.0,0.0
1150,7,attractive,0.0,0.0
1151,7,backlash,0.0,0.0
1152,7,big,0.005909102524575049,-0.11450440310013657
1153,7,board,0.009433977251652903,-0.19107198556214636
1154,7,bold,0.0,0.0
1155,7,book,0.0,0.0
1156,7,boy,0.0116755099393588,0.18972799889366146
1157,7,brand,0.0,0.0
1158,7,brave,0.0,0.0
1159,7,business,0.07651228909818626,-0.5740924325209864
1160,7,capable,0.0,0.0
1161,7,cent,0.01961447342668993,-0.23430918200997458
1162,7,change,0.017329263391039268,-0.2574080668404073
1163,7,charge,0.0,0.0
1164,7,chemical,0.006989292628686089,-0.13722511417809852
1165,7,class,0.009140420814011103,-0.1844166478398154
1166,7,club,0.0,0.0
1167,7,college,0.0,0.0
1168,7,comfort,0.0,0.0
1169,7,comfortable,0.0,0.0
1170,7,company,0.020632783834759867,0.3122545269640457
1171,7,condom,0.0,0.0
1172,7,consciousness,0.0,0.0
1173,7,consulting,0.0,0.0
1174,7,copresident,0.0,0.0
1175,7,country,0.00976946048196097,0.16138424134994334
1176,7,course,0.009140420814011103,-0.1844166478398154
1177,7,critical,0.01064115691136823,-0.14839781595104448
1178,7,criticism,0.0,0.0
1179,7,day,0.02088929888836245,0.3155338090517641
1180,7,dean,0.0,0.0
1181,7,decade,0.002179774646040213,-0.04046981694360841
1182,7,difficult,0.008418366387655397,-0.16827300770511355
1183,7,dynamic,0.0,0.0
1184,7,economic,0.00611944832369749,-0.11888056027703332
1185,7,enterprise,0.0,0.0
1186,7,entrepreneur,0.0,0.0
1187,7,entrepreneurship,0.0,0.0
1188,7,environment,0.0,0.0
1189,7,event,0.004989125999569473,-0.09562886542157491
1190,7,evolution,0.0,0.0
1191,7,factory,0.003883105314807989,-0.07348282994885907
1192,7,family,0.0,0.0
1193,7,fashion,0.0,0.0
1194,7,father,0.0,0.0
1195,7,favourite,0.0,0.0
1196,7,female,0.0,0.0
1197,7,finance,0.011404527714135533,-0.23721427793123254
1198,7,first,0.013799650481262549,-0.15767043311387607
1199,7,free,0.00015823765824965542,-0.002874679004357799
1200,7,freshman,0.0,0.0
1201,7,gender,0.007392724739620823,-0.14587264344395554
1202,7,good,0.0010151305059265393,-0.018610282477924817
1203,7,graduate,0.0,0.0
1204,7,great,0.006446931509372408,-0.12573968688518958
1205,7,handful,0.0,0.0
1206,7,health,0.028422807076350434,0.4070188731218918
1207,7,healthcare,0.001720975613915162,-0.03179183442385539
1208,7,high,0.012357384924337184,-0.260509214424487
1209,7,huge,0.01034308792071079,-0.21203412541488625
1210,7,idea,0.004322520560069359,0.07506467985278745
1211,7,ideal,0.0,0.0
1212,7,impact,0.009140420814011103,-0.1844166478398154
1213,7,incredible,0.0,0.0
1214,7,industry,0.007483289268215461,0.12616626861963157
1215,7,initiative,0.0,0.0
1216,7,innovative,0.008342800287735711,0.1395696995728508
1217,7,inspiration,0.0,0.0
1218,7,interested,0.0,0.0
1219,7,issue,0.01975680339188807,-0.19998381346928823
1220,7,job,0.02186529008456445,-0.34080844331742915
1221,7,kitchen,0.009140420814011103,-0.1844166478398154
1222,7,leader,0.03180578792544069,0.44535648118937193
1223,7,lesson,0.0,0.0
1224,7,level,0.007392724739620823,-0.14587264344395554
1225,7,lot,0.0,0.0
1226,7,lucrative,0.0,0.0
1227,7,lunch,0.0,0.0
1228,7,m,0.001720975613915162,-0.03179183442385539
1229,7,male,0.0,0.0
1230,7,maledominated,0.0,0.0
1231,7,management,0.0,0.0
1232,7,many,0.00843466514594612,0.1409904602443411
1233,7,medium,0.0,0.0
1234,7,meeting,0.0002679967200054741,-0.004874287775075131
1235,7,memory,0.0,0.0
1236,7,mindset,0.0,0.0
1237,7,mission,0.0,0.0
1238,7,needle,0.0,0.0
1239,7,new,0.021516551939617337,0.3235040191016708
1240,7,only,0.008801936249176561,-0.17680928007474217
1241,7,organisation,0.016449183883476978,-0.19169633238625927
1242,7,other,0.021231267796556205,0.3198875465333788
1243,7,own,0.00013367084763255457,0.0024209523080072344
1244,7,part,0.014267616238727184,-0.20568322609609632
1245,7,partner,0.009140420814011103,-0.1844166478398154
1246,7,peer,0.0,0.0
1247,7,people,0.0029189789357098876,0.03656343292046289
1248,7,place,0.02088288503685715,-0.32198023115072344
1249,7,plan,0.009140420814011103,-0.1844166478398154
1250,7,plane,0.0,0.0
1251,7,planning,0.0,0.0
1252,7,pregnancy,0.0,0.0
1253,7,president,0.01625167542537476,-0.23882101100464123
1254,7,pretax,0.0,0.0
1255,7,process,0.003757625202435205,-0.07100658901511057
1256,7,product,0.014481829059677102,0.22990920816172625
1257,7,professor,0.014618766440604423,-0.211450021332327
1258,7,profit,0.0,0.0
1259,7,progressive,0.009140420814011103,-0.1844166478398154
1260,7,question,0.005087737659023915,-0.09763193089479726
1261,7,reproductive,0.007392724739620823,-0.14587264344395554
1262,7,right,0.03664266742300489,0.49758820778561325
1263,7,school,0.0,0.0
1264,7,second,0.021527613748578613,-0.33428534513801184
1265,7,semester,0.0,0.0
1266,7,separate,0.0,0.0
1267,7,service,0.008330652423448177,-0.16633333807525522
1268,7,sexual,0.001720975613915162,-0.03179183442385539
1269,7,site,0.006989292628686089,-0.13722511417809852
1270,7,situation,0.009140420814011103,-0.1844166478398154
1271,7,skill,0.0,0.0
1272,7,social,0.029430368156585344,-0.31929832647525785
1273,7,southern,0.0,0.0
1274,7,std,0.0,0.0
1275,7,step,0.0,0.0
1276,7,sti,0.0,0.0
1277,7,strong,0.002061099519605975,-0.03821667749226621
1278,7,structure,0.003883105314807989,-0.07348282994885907
1279,7,student,0.0,0.0
1280,7,sustainability,0.0,0.0
1281,7,thing,0.0025801949072440456,-0.048116253717579764
1282,7,time,0.002876250181517297,0.0360391898860374
1283,7,timid,0.0,0.0
1284,7,tip,0.0,0.0
1285,7,top,0.02186529008456445,-0.34080844331742915
1286,7,toxic,0.0,0.0
1287,7,track,0.0,0.0
1288,7,traditional,0.006989292628686089,-0.13722511417809852
1289,7,underdog,0.0,0.0
1290,7,willing,0.0,0.0
1291,7,woman,0.026947851766162812,-0.2057287534132033
1292,7,work,0.015100096169052798,0.2385283129051618
1293,7,world,0.012804763707284028,-0.14525041279042006
1294,7,year,0.00963048510170184,0.11523515139679533
1295,7,zone,0.0,0.0
1296,8,act,0.0,0.0
1297,8,adviser,0.0,0.0
1298,8,aerosol,0.0,0.0
1299,8,air,0.007314074271742173,-0.14597381862947686
1300,8,airborne,0.0,0.0
1301,8,argument,0.0,0.0
1302,8,attache,0.0,0.0
1303,8,attitude,0.0,0.0
1304,8,binary,0.0,0.0
1305,8,bleak,0.0,0.0
1306,8,body,0.009566157448758814,-0.19658045810900057
1307,8,breathing,0.0,0.0
1308,8,british,0.004028735176945155,-0.07727695974128386
1309,8,business,0.03432071171467458,0.47710415613128454
1310,8,calculation,0.0,0.0
1311,8,case,0.005719648850361706,-0.11192978490860134
1312,8,chance,0.012659833535996623,-0.1820879855212324
1313,8,chief,0.011103775109307216,-0.23302607763749786
1314,8,choice,0.0,0.0
1315,8,church,0.0,0.0
1316,8,conjunction,0.0,0.0
1317,8,consideration,0.0,0.0
1318,8,convincing,0.0,0.0
1319,8,coronavirus,0.014187242659267808,0.22805048814336762
1320,8,cough,0.0,0.0
1321,8,country,0.009304779562579404,-0.12984185081999203
1322,8,covering,0.0,0.0
1323,8,critical,0.00988172410165319,-0.1385939124569987
1324,8,customer,0.0,0.0
1325,8,danger,0.0,0.0
1326,8,day,0.0214168297878899,0.32533771254580984
1327,8,decision,0.009442222978487794,-0.1319184547692468
1328,8,different,0.006789313844073441,0.11642694285670624
1329,8,difficult,0.007883074283320449,-0.15846910421106772
1330,8,disagreement,0.0,0.0
1331,8,discussion,0.014654639579004187,-0.2148097870711022
1332,8,disease,0.001747294827447463,0.031473366827639335
1333,8,disperse,0.0,0.0
1334,8,distance,0.0,0.0
1335,8,distancing,0.0,0.0
1336,8,distinction,0.0,0.0
1337,8,dominant,0.0,0.0
1338,8,droplet,0.0,0.0
1339,8,due,0.007172969240243866,-0.14290411184585944
1340,8,early,0.0018003934819977147,-0.03367475196165796
1341,8,economy,0.028890474917784143,-0.37971759489093654
1342,8,end,0.00893533580716782,-0.1820879855212324
1343,8,entertainment,0.0,0.0
1344,8,etiquette,0.0,0.0
1345,8,event,0.004452328619422907,-0.08582496192752907
1346,8,example,0.0031957663209058926,-0.060715533198600125
1347,8,eye,0.00893533580716782,-0.1820879855212324
1348,8,fabric,0.0,0.0
1349,8,face,0.0,0.0
1350,8,false,0.0045821195902080855,0.08023994807750585
1351,8,fine,0.0036374935583307916,-0.06945782911002721
1352,8,fixation,0.0,0.0
1353,8,fool,0.0,0.0
1354,8,future,0.016082894780763708,0.2545723670717932
1355,8,government,0.013326729704437986,0.15738057619101303
1356,8,gym,0.0,0.0
1357,8,half,0.000842140545821641,0.015311614578330393
1358,8,health,0.02894363801024114,0.4168227766159376
1359,8,heavy,0.00893533580716782,-0.1820879855212324
1360,8,hospitality,0.0,0.0
1361,8,imperfect,0.0,0.0
1362,8,important,0.004613902214986206,0.0807716539841856
1363,8,indoor,0.0,0.0
1364,8,industry,0.008019193361302322,0.13597017211367732
1365,8,infected,0.0,0.0
1366,8,infection,0.008812172358607843,-0.12244152441952746
1367,8,landscape,0.04600767827943217,0.5961740128049798
1368,8,last,0.0006334030777820913,0.01154153143529518
1369,8,layer,0.0,0.0
1370,8,less,0.008010561062969287,-0.1612948295219372
1371,8,likely,0.007172969240243866,-0.14290411184585944
1372,8,long,0.0014615102150754634,-0.027234662683387062
1373,8,low,0.0074272577067319295,0.12661746534412197
1374,8,magic,0.0,0.0
1375,8,mandate,0.0,0.0
1376,8,mantra,0.0,0.0
1377,8,many,0.010639762261442299,-0.15023563192559425
1378,8,mask,0.0,0.0
1379,8,mass,0.007172969240243866,-0.14290411184585944
1380,8,material,0.0018003934819977147,-0.03367475196165796
1381,8,measure,0.0,0.0
1382,8,medical,0.005464034821195701,-0.10659879848546831
1383,8,meeting,0.0002695065259682021,0.004929615718970682
1384,8,metre,0.0,0.0
1385,8,minister,0.0014615102150754634,-0.027234662683387062
1386,8,minute,0.006766330696455157,-0.13412078014630238
1387,8,month,0.00027212210345066017,-0.00500613636407349
1388,8,more,0.012105930603574741,0.14407643815301116
1389,8,new,0.002541319946457725,0.03227792693173545
1390,8,nightclub,0.0,0.0
1391,8,nose,0.006766330696455157,-0.13412078014630238
1392,8,one,0.0007871024098470911,-0.014560260324582786
1393,8,onemetre,0.0,0.0
1394,8,order,0.0,0.0
1395,8,other,0.025504585064630218,-0.2723685413005378
1396,8,outbreak,0.006315841503265567,-0.12449738572571224
1397,8,paper,0.0,0.0
1398,8,particle,0.0,0.0
1399,8,pavement,0.0,0.0
1400,8,people,0.024093236016479305,-0.2546626592494725
1401,8,persistent,0.0,0.0
1402,8,person,0.007172969240243866,-0.14290411184585944
1403,8,portent,0.0,0.0
1404,8,precaution,0.0,0.0
1405,8,precautionary,0.0,0.0
1406,8,principle,0.0,0.0
1407,8,projection,0.0,0.0
1408,8,promask,0.0,0.0
1409,8,propel,0.0,0.0
1410,8,public,0.008796253359779958,-0.0982009987225361
1411,8,rate,0.010804680669734348,-0.22580711857792954
1412,8,rationale,0.0,0.0
1413,8,recommendation,0.0,0.0
1414,8,relief,0.0,0.0
1415,8,resurgence,0.0,0.0
1416,8,review,0.0,0.0
1417,8,risk,0.022890636044141145,-0.18949513922042116
1418,8,rule,0.005154892928208354,-0.06945782911002721
1419,8,safe,0.007243312710067971,-0.0993016662379976
1420,8,safety,0.00893533580716782,-0.1820879855212324
1421,8,same,0.011337912050322087,0.18667546635923374
1422,8,scientific,0.0,0.0
1423,8,second,0.0012612446087077824,-0.02345144597998486
1424,8,sector,0.00040054798219403006,0.00731642488148283
1425,8,shame,0.0,0.0
1426,8,signage,0.0,0.0
1427,8,sneeze,0.0,0.0
1428,8,social,0.015721804508175286,-0.184555686372912
1429,8,society,0.007041636777845976,-0.1400571789636463
1430,8,spending,0.0,0.0
1431,8,strong,0.001523693841008859,-0.028412773998220373
1432,8,such,0.017638500323463167,-0.26637285454846443
1433,8,supermarket,0.0,0.0
1434,8,surface,0.0,0.0
1435,8,surprise,0.0,0.0
1436,8,surveillance,0.0,0.0
1437,8,symptom,0.0037761623232351513,-0.0722209317029899
1438,8,system,0.015664212525427337,0.24878039644022437
1439,8,table,0.0,0.0
1440,8,theme,0.0036374935583307916,-0.06945782911002721
1441,8,timing,0.0,0.0
1442,8,tough,0.0,0.0
1443,8,trace,0.011995237770145708,0.19638908778474276
1444,8,transmission,0.0,0.0
1445,8,transport,0.00893533580716782,-0.1820879855212324
1446,8,twometre,0.0,0.0
1447,8,uncertain,0.0,0.0
1448,8,uncertainty,0.010804680669734348,-0.22580711857792954
1449,8,unsafe,0.007172969240243866,-0.14290411184585944
1450,8,unwelcome,0.0,0.0
1451,8,vaccine,0.03967887867899803,0.5335639099512949
1452,8,ventilation,0.0,0.0
1453,8,virus,0.017054835109470274,-0.15154706771505247
1454,8,virusladen,0.0,0.0
1455,8,visitor,0.0,0.0
1456,8,week,0.00803573601276758,0.13623014997279387
1457,8,worth,0.0,0.0
1458,9,More,0.002298729978264111,-0.06618393244887481
1459,9,abortion,0.0,0.0
1460,9,african,0.0,0.0
1461,9,air,0.008615620289879621,0.2113483391343153
1462,9,ambulance,0.0,0.0
1463,9,analysis,0.0,0.0
1464,9,angina,0.0,0.0
1465,9,animal,0.0,0.0
1466,9,annual,0.002298729978264111,-0.06618393244887481
1467,9,antibiotic,0.0,0.0
1468,9,antimicrobial,0.0,0.0
1469,9,app,0.002298729978264111,-0.06618393244887481
1470,9,area,0.011545327618159587,-0.20792368798170702
1471,9,audit,0.0,0.0
1472,9,autism,0.0859666011803013,1.1801588138995298
1473,9,baby,0.0,0.0
1474,9,bacteria,0.0,0.0
1475,9,bacterial,0.0,0.0
1476,9,barrier,0.0,0.0
1477,9,battle,0.0,0.0
1478,9,beneficial,0.0,0.0
1479,9,benefit,0.014045592384523206,0.32299899778340413
1480,9,biennial,0.0,0.0
1481,9,biology,0.0,0.0
1482,9,blue,0.004416743069035098,0.11457322113646884
1483,9,board,0.007032010780017787,0.17605407569569162
1484,9,body,0.006363879257717495,0.1607416996547916
1485,9,bodys,0.0,0.0
1486,9,bowel,0.022162524945672644,0.4683756011114347
1487,9,british,0.011878625142656885,0.2800451980225083
1488,9,bureaucracy,0.004416743069035098,0.11457322113646884
1489,9,cancer,0.0,0.0
1490,9,care,0.0,0.0
1491,9,cause,0.0,0.0
1492,9,cell,0.0,0.0
1493,9,cent,0.006848498104731049,-0.0890318703685107
1494,9,chair,0.0,0.0
1495,9,change,0.00597148409822642,0.10971799441741965
1496,9,cheap,0.0032370698025486993,0.08539747148165076
1497,9,chief,0.004818518500889216,0.12429608012629427
1498,9,child,0.07640943378115168,1.1022246553074333
1499,9,city,0.06084771835600331,0.9594037069821993
1500,9,climate,0.0,0.0
1501,9,cold,0.0,0.0
1502,9,colonialism,0.0,0.0
1503,9,commentator,0.0,0.0
1504,9,commitment,0.0,0.0
1505,9,company,0.014242174628950272,0.20225933350220648
1506,9,comparable,0.0,0.0
1507,9,complimentary,0.0,0.0
1508,9,concept,0.03390522864328176,0.6457244923828068
1509,9,conclusion,0.001634463295031649,0.04415718845531352
1510,9,condition,0.002377572174913819,0.045341698779850025
1511,9,conference,0.0,0.0
1512,9,confused,0.0,0.0
1513,9,consumer,0.006739922092033923,-0.11503729364570693
1514,9,consumption,0.0,0.0
1515,9,contract,0.014045592384523206,0.32299899778340413
1516,9,contribution,0.004416743069035098,0.11457322113646884
1517,9,correct,0.0,0.0
1518,9,countdown,0.0,0.0
1519,9,country,0.005101330501513515,-0.07354968872019768
1520,9,coverage,0.0,0.0
1521,9,crackdown,0.0,0.0
1522,9,cure,0.0,0.0
1523,9,dark,0.0,0.0
1524,9,database,0.010186410618968697,0.24505944717309414
1525,9,deadly,0.0,0.0
1526,9,death,0.031560880968908495,0.4702462782441977
1527,9,decade,0.00863686023348766,-0.15046501040544769
1528,9,defence,0.0,0.0
1529,9,delay,0.0005202366482160941,0.014299052311536201
1530,9,dependency,0.0,0.0
1531,9,depression,0.0,0.0
1532,9,device,0.0,0.0
1533,9,difficult,0.008047940266152773,0.19885305355272442
1534,9,discrepancy,0.0,0.0
1535,9,discussion,0.020685948453755525,0.4435423663566711
1536,9,disease,0.013642451751653307,-0.21326446673654753
1537,9,doctor,0.0005202366482160941,0.014299052311536201
1538,9,donor,0.0,0.0
1539,9,drama,0.0,0.0
1540,9,drug,0.04817705030900482,0.45543055730820975
1541,9,drugmaker,0.0,0.0
1542,9,due,0.008756274615838342,0.21441804591793273
1543,9,economic,0.010337872118299783,0.24824550098080464
1544,9,economy,0.021346127919100368,0.45472581759251807
1545,9,edition,0.0,0.0
1546,9,effect,0.014045592384523206,0.32299899778340413
1547,9,effective,0.0,0.0
1548,9,effectiveness,0.0,0.0
1549,9,email,0.0,0.0
1550,9,emergency,0.009108749214320174,-0.20017198340022446
1551,9,employee,0.0,0.0
1552,9,english,0.0,0.0
1553,9,environmental,0.0,0.0
1554,9,ethic,0.0,0.0
1555,9,event,0.011459231453546267,0.2714971958362631
1556,9,example,0.012702281592069804,0.29660662456519205
1557,9,executive,0.0032370698025486993,0.08539747148165076
1558,9,expense,0.002298729978264111,-0.06618393244887481
1559,9,expert,0.0,0.0
1560,9,expression,0.0,0.0
1561,9,faecal,0.0,0.0
1562,9,fairness,0.0,0.0
1563,9,famous,0.0,0.0
1564,9,few,0.014682046912367849,0.3352472818179027
1565,9,fight,0.0,0.0
1566,9,finance,0.005052570025896674,0.12991178332660544
1567,9,first,0.0148107172170284,0.20945562814394714
1568,9,fiveyear,0.0,0.0
1569,9,free,0.006621229198885323,-0.11286987246619702
1570,9,french,0.0,0.0
1571,9,fund,0.002298729978264111,-0.06618393244887481
1572,9,funding,0.002298729978264111,-0.06618393244887481
1573,9,furore,0.0,0.0
1574,9,gap,0.0,0.0
1575,9,gender,0.009071173640671134,0.22125341781388244
1576,9,gene,0.002881242381463842,0.05465201452574423
1577,9,general,0.0,0.0
1578,9,generic,0.0,0.0
1579,9,genetic,0.026785742591451424,0.5421805739060697
1580,9,girl,0.0,0.0
1581,9,global,0.019047838339348214,-0.22625536150681674
1582,9,government,0.017511679128630914,0.21367273829080743
1583,9,graphic,0.0,0.0
1584,9,great,0.012881090781921933,-0.2357348803470288
1585,9,guidance,0.0,0.0
1586,9,guideline,0.0,0.0
1587,9,gut,0.0,0.0
1588,9,harassment,0.0,0.0
1589,9,harmful,0.0,0.0
1590,9,head,0.009108749214320174,-0.20017198340022446
1591,9,health,0.05645421816019699,-0.4811275707235961
1592,9,healthcare,0.001787361908397717,0.03430423116999038
1593,9,healthftcom,0.0,0.0
1594,9,healthy,0.0,0.0
1595,9,hearing,0.0,0.0
1596,9,heart,0.0,0.0
1597,9,here,0.0,0.0
1598,9,high,0.004091199750162571,0.10661684683335096
1599,9,highlight,0.0,0.0
1600,9,highrisk,0.0,0.0
1601,9,hold,0.0,0.0
1602,9,hope,0.008103820630500934,0.2000906679896533
1603,9,human,0.0,0.0
1604,9,illness,0.0,0.0
1605,9,imbalance,0.0,0.0
1606,9,immunisation,0.0,0.0
1607,9,incentive,0.004416743069035098,0.11457322113646884
1608,9,incident,0.0,0.0
1609,9,increase,0.0,0.0
1610,9,inequality,0.0,0.0
1611,9,infection,0.026378913362793164,0.5359106290082459
1612,9,infectious,0.00973757304872753,0.23555260860785443
1613,9,information,0.014045592384523206,0.32299899778340413
1614,9,injection,0.0,0.0
1615,9,insect,0.0,0.0
1616,9,insulin,0.0,0.0
1617,9,intake,0.0,0.0
1618,9,interference,0.0,0.0
1619,9,international,0.005721113112473635,0.10538178251517885
1620,9,intervention,0.0,0.0
1621,9,invading,0.0,0.0
1622,9,investigation,0.0,0.0
1623,9,investment,0.0032370698025486993,0.08539747148165076
1624,9,isolation,0.0,0.0
1625,9,job,0.014270602658939105,0.32734761360438996
1626,9,journal,0.00973757304872753,0.23555260860785443
1627,9,knock,0.0,0.0
1628,9,latestage,0.0,0.0
1629,9,leadership,0.0,0.0
1630,9,legacy,0.0,0.0
1631,9,less,0.007920638184560192,0.196027328241855
1632,9,level,0.009071173640671134,0.22125341781388244
1633,9,likely,0.008756274615838342,0.21441804591793273
1634,9,limit,0.0,0.0
1635,9,link,0.032001949268674224,0.6191233002276912
1636,9,little,0.004416743069035098,0.11457322113646884
1637,9,long,0.0015094052958899914,0.02905749941641283
1638,9,loss,0.0,0.0
1639,9,low,0.023107852274009206,0.48393962310791416
1640,9,m,0.001787361908397717,0.03430423116999038
1641,9,main,0.0005202366482160941,0.014299052311536201
1642,9,malfunction,0.0,0.0
1643,9,man,0.033396744859789114,0.4914497949567833
1644,9,many,0.011924439808104242,0.20708652583818685
1645,9,market,0.05808136465242043,0.9315705052733851
1646,9,mass,0.008756274615838342,0.21441804591793273
1647,9,maternal,0.0,0.0
1648,9,matter,0.0032370698025486993,0.08539747148165076
1649,9,measle,0.0765990245454272,1.10383644356614
1650,9,medical,0.002496061568162979,-0.05030663638566838
1651,9,medicine,0.00973757304872753,0.23555260860785443
1652,9,menstruation,0.0,0.0
1653,9,mental,0.0,0.0
1654,9,merging,0.0,0.0
1655,9,metaphor,0.0,0.0
1656,9,microbe,0.0,0.0
1657,9,microbiota,0.0,0.0
1658,9,migrant,0.0,0.0
1659,9,min,0.0,0.0
1660,9,minister,0.0015094052958899914,0.02905749941641283
1661,9,misinformation,0.0,0.0
1662,9,mixed,0.0,0.0
1663,9,more,0.003997080722902772,-0.042669448433491255
1664,9,mortality,0.0,0.0
1665,9,mosquito,0.0,0.0
1666,9,national,0.0,0.0
1667,9,native,0.0,0.0
1668,9,nervous,0.00973757304872753,0.23555260860785443
1669,9,new,0.000672305464600621,-0.008339923976527693
1670,9,next,0.01601824301789592,0.3604512024122202
1671,9,nextgeneration,0.0,0.0
1672,9,nicotine,0.0,0.0
1673,9,number,0.007876876488135317,0.19505392108735822
1674,9,nutrition,0.0,0.0
1675,9,official,0.012205432050475177,0.28665182126856825
1676,9,one,0.015076678459391486,0.3427618974392094
1677,9,operating,0.0005202366482160941,0.014299052311536201
1678,9,organisation,0.022012125442872295,0.35152098792724895
1679,9,origin,0.0,0.0
1680,9,original,0.0,0.0
1681,9,other,0.024660422372096542,0.3859836121272246
1682,9,outside,0.0,0.0
1683,9,own,0.014709181290163402,-0.23251297776213384
1684,9,pathogen,0.0,0.0
1685,9,patient,0.03476386092181624,0.5069357994638621
1686,9,patientcentred,0.0,0.0
1687,9,pay,0.0,0.0
1688,9,people,0.0181593062984656,-0.1983704971496809
1689,9,per,0.009108749214320174,-0.20017198340022446
1690,9,performance,0.0,0.0
1691,9,period,0.0,0.0
1692,9,person,0.008756274615838342,0.21441804591793273
1693,9,pharma,0.03390522864328176,0.6457244923828068
1694,9,physician,0.0,0.0
1695,9,place,0.015257011963631393,0.3461758257710957
1696,9,political,0.0,0.0
1697,9,pollution,0.0,0.0
1698,9,poor,0.0077847523440648676,-0.16792246997827137
1699,9,popular,0.0,0.0
1700,9,population,0.0072556085221271716,-0.12452000085291869
1701,9,positive,0.0005202366482160941,0.014299052311536201
1702,9,possible,0.0005202366482160941,0.014299052311536201
1703,9,potassium,0.0,0.0
1704,9,pound,0.0,0.0
1705,9,poverty,0.0,0.0
1706,9,precedent,0.0,0.0
1707,9,pregnant,0.0,0.0
1708,9,presence,0.014009821965420692,0.3223058161968935
1709,9,pressure,0.0,0.0
1710,9,previous,0.0,0.0
1711,9,price,0.048068425783354594,0.6457244923828008
1712,9,prime,0.0,0.0
1713,9,priority,0.0,0.0
1714,9,problem,0.01311495003731995,0.22536182452617776
1715,9,process,0.00025012043897516004,-0.0049105234212648554
1716,9,professionalism,0.0,0.0
1717,9,programme,0.0,0.0
1718,9,progress,0.0,0.0
1719,9,prominent,0.00973757304872753,0.23555260860785443
1720,9,promise,0.0,0.0
1721,9,prosecutor,0.0,0.0
1722,9,public,0.01049956714958362,0.13418242243293949
1723,9,quarter,0.00973757304872753,0.23555260860785443
1724,9,quit,0.0,0.0
1725,9,reaction,0.0005202366482160941,0.014299052311536201
1726,9,recent,0.0041669187158007385,0.10847377977443556
1727,9,reform,0.002298729978264111,-0.06618393244887481
1728,9,region,0.0,0.0
1729,9,regulation,0.002298729978264111,-0.06618393244887481
1730,9,remission,0.0,0.0
1731,9,report,0.0394521512075469,0.4771212547196649
1732,9,reproductive,0.009071173640671134,0.22125341781388244
1733,9,research,0.013789237568455032,0.23555260860784982
1734,9,researcher,0.023815733172325118,0.49542960988336376
1735,9,resistance,0.0005202366482160941,0.014299052311536201
1736,9,resistant,0.0,0.0
1737,9,response,0.0014849170208848946,0.040208485264315974
1738,9,revamp,0.0,0.0
1739,9,rich,0.006706405962042579,-0.1425596306813448
1740,9,right,0.03996941129011803,0.5636842733794589
1741,9,risk,0.030416152281791543,0.34391827759903565
1742,9,room,0.0,0.0
1743,9,row,0.0,0.0
1744,9,rural,0.0,0.0
1745,9,salt,0.0,0.0
1746,9,sanitary,0.0,0.0
1747,9,satisfaction,0.0,0.0
1748,9,second,0.014610099337533232,0.3338707117838073
1749,9,sector,0.0033708422882394802,0.06360858698128274
1750,9,service,0.008135553345553532,0.20079272318258276
1751,9,severity,0.0,0.0
1752,9,sewage,0.0,0.0
1753,9,sexual,0.001787361908397717,0.03430423116999038
1754,9,shakeup,0.0,0.0
1755,9,shed,0.0,0.0
1756,9,show,0.0,0.0
1757,9,sick,0.0,0.0
1758,9,sign,0.007063944818776745,0.1767795039158968
1759,9,social,0.034207920682155814,0.6498877261105426
1760,9,sodium,0.0,0.0
1761,9,solution,0.0,0.0
1762,9,space,0.007988838452991026,0.1975422601413258
1763,9,spray,0.0,0.0
1764,9,stem,0.0,0.0
1765,9,stigma,0.0,0.0
1766,9,story,0.03406872289943097,0.6479754458602638
1767,9,success,0.002298729978264111,-0.06618393244887481
1768,9,such,0.017741073421313033,0.3919792988793089
1769,9,support,0.002298729978264111,-0.06618393244887481
1770,9,surgical,0.0,0.0
1771,9,sweeping,0.0,0.0
1772,9,target,0.0,0.0
1773,9,technology,0.005587449233050266,0.10305815391510813
1774,9,test,0.0692401127170829,0.831617503375697
1775,9,thank,0.0,0.0
1776,9,threat,0.0041669187158007385,0.10847377977443556
1777,9,time,0.02601766068869616,0.40316525114386437
1778,9,timeline,0.0,0.0
1779,9,tobacco,0.0,0.0
1780,9,top,0.014270602658939105,0.32734761360438996
1781,9,total,0.0005202366482160941,0.014299052311536201
1782,9,transfer,0.0,0.0
1783,9,transparency,0.0,0.0
1784,9,transplant,0.0,0.0
1785,9,treatment,0.002298729978264111,-0.06618393244887481
1786,9,trial,0.0,0.0
1787,9,underfive,0.0,0.0
1788,9,unexpected,0.0,0.0
1789,9,universal,0.0,0.0
1790,9,universality,0.0,0.0
1791,9,unrelated,0.0,0.0
1792,9,unsafe,0.008756274615838342,0.21441804591793273
1793,9,use,0.007876876488135317,0.19505392108735822
1794,9,vaccination,0.023218891583195622,0.36738267510358663
1795,9,vaccine,0.032962293381548685,0.41376481299540985
1796,9,version,0.0,0.0
1797,9,video,0.0,0.0
1798,9,view,0.004416743069035098,0.11457322113646884
1799,9,virus,0.055491245050104984,0.9047450943847585
1800,9,visualisation,0.0,0.0
1801,9,wait,0.0,0.0
1802,9,war,0.0,0.0
1803,9,way,0.00849315687435466,-0.14772757065155515
1804,9,website,0.0,0.0
1805,9,week,0.01099265359879439,0.19252231207259377
1806,9,well,0.002298729978264111,-0.06618393244887481
1807,9,wide,0.0,0.0
1808,9,woman,0.03706326087105821,0.4044353565309125
1809,9,workforce,0.002298729978264111,-0.06618393244887481
1810,9,workplace,0.0,0.0
1811,9,world,2.1789662558746216e-06,2.689885104386091e-05
1812,9,year,0.007182807080091462,0.08442120398257792
1813,9,young,0.022162524945672644,0.4683756011114347
